"Product ID";Immagine;Nome;Riferimento;Categoria;"Prezzo (tasse escl.)";"Prezzo (tasse incl.)";Quantità;Stato;Posizione
5681;https://www.mgfishing.eu/11119/tubertini-colla-trace-colla-cianoacrilica-per-travi.jpg;"Tubertini Colla Trace - Colla Cianoacrilica per Travi";92000;"Minuteria da pesca";10.573770;12.9;1;0
5680;https://www.mgfishing.eu/11118/trabucco-xenos-sw-mulinello-spinning.jpg;"Trabucco Xenos SW - Mulinello Spinning";;"Mulinelli Da Pesca";0.000000;99.9;2;0
5679;https://www.mgfishing.eu/11093/daiwa-23-ninja-lt-mulinello-da-spinning.jpg;"Daiwa 23 NINJA LT - Mulinello da Spinning";23NJLT6000;Home;0.000000;72;125;0
5678;https://www.mgfishing.eu//daiwa-23-airity-lt-mulinello-da-spinning.jpg;"Daiwa 23 AIRITY LT - Mulinello da Spinning";23ARTLT5000DCXH;Home;0.000000;375;48;0
5677;https://www.mgfishing.eu//daiwa-bg-monocoque-mulinello-da-spinning.jpg;"Daiwa BG Monocoque - Mulinello da Spinning";20BGMQ18000;Home;0.000000;129;131;0
5676;https://www.mgfishing.eu//daiwa-tatula-mq-lt-mulinello-da-spinning.jpg;"Daiwa TATULA MQ LT - Mulinello da Spinning";23TTMQLT4000CXH;Home;0.000000;194;44;0
5675;https://www.mgfishing.eu//daiwa-saltist-mulinello-da-spinning-big-game.jpg;"Daiwa Saltist - Mulinello da Spinning Big Game";21SALMQ18000;Home;0.000000;200;99;0
5674;https://www.mgfishing.eu//daiwa-saltiga-2023-mulinello-da-spinning.jpg;"Daiwa Saltiga 2023 - Mulinello da Spinning";23SALG4000H;Home;0.000000;587;20;0
5673;https://www.mgfishing.eu//daiwa-legalis-lt-mulinello-spinning.jpg;"Daiwa Legalis LT - Mulinello Spinning";23LGSLT6000D;Home;0.000000;106;162;0
5672;https://www.mgfishing.eu//daiwa-26-freams-lt-mulinello-da-spinning.jpg;"DAIWA 26 FREAMS LT - Mulinello da Spinning";26FRLT6000D;Home;0.000000;155;225;0
5671;https://www.mgfishing.eu//daiwa-23-emeraldas-rx-lt-mulinello-da-spinning.jpg;"Daiwa 23 EMERALDAS RX LT - Mulinello da Spinning";23EMRXF2500SHDH;Home;0.000000;205;50;0
5670;https://www.mgfishing.eu//daiwa-ballistic-hd-lt-mulinello-da-spinning.jpg;"Daiwa BALLISTIC HD LT - Mulinello da Spinning";BALHD3000CH;Home;0.000000;116;50;0
5669;https://www.mgfishing.eu/11088/daiwa-salty-pop-95-f-artificiale-popper.jpg;"Daiwa Salty Pop 95 F - Artificiale Popper";;"Esche Artificiali da Pesca";7.295082;8.9;5;0
5668;https://www.mgfishing.eu/11087/trabucco-dynatex-tk4-tekno-braid-trecciato.jpg;"Trabucco DynaTex TK4 Tekno Braid 2000 MT - Trecciato";;"Monofili e Trecciati";0.000000;69.9;3;0
5667;https://www.mgfishing.eu/11083/trabucco-nexia-fast-bolo-canna-bolognese.jpg;"Trabucco NEXIA Fast Bolo - Canna Bolognese";;"Canne Da Pesca";0.000000;18.9;6;0
5666;https://www.mgfishing.eu/11082/trabucco-atmos-fd-mulinello.jpg;"Trabucco Atmos FD - Mulinello";;"Mulinelli Da Pesca";0.000000;35.9;10;0
5665;https://www.mgfishing.eu/11078/trabucco-myst-fd-mulinello-versatile.jpg;"Trabucco Myst FD - Mulinello Versatile";;"Mulinelli Da Pesca";0.000000;46.9;8;0
5664;https://www.mgfishing.eu/11073/trabucco-krius-xsw-mulinello-spinning-.jpg;"Trabucco Krius XSW - Mulinello Spinning";;"Mulinelli Da Pesca";0.000000;74.9;3;0
5663;https://www.mgfishing.eu/11064/kit-trota-lago-canna-hozun-380-mt-mulinello-daiwa-rs-500.jpg;"Kit Trota Lago Canna Hozun 3.80 MT + Mulinello Daiwa RS 500";;"Kit Da Pesca";0.000000;39.9;6;0
5662;https://www.mgfishing.eu/11061/kit-trout-area-canna-okura-195-mt-0-8-gr-mulinello-daiwa-rs-500.jpg;"Kit Trout Area Canna Okura 1.95 MT 0-8 Gr + Mulinello Daiwa RS 500";;"Kit Da Pesca";32.704918;39.9;5;0
5661;https://www.mgfishing.eu/11060/daiwa-rs-500-mulinello-versatile.jpg;"Daiwa RS 500 - Mulinello Versatile";23RS500;"Mulinelli Da Pesca";12.213115;14.9;3;0
5658;https://www.mgfishing.eu/10986/colmic-x-rider-monofilo-per-mulinello.jpg;"Colmic X-Rider - Monofilo Per Mulinello";;"Monofili e Trecciati";0.000000;5.7;6;0
5657;https://www.mgfishing.eu/10984/tubertini-pile-micro-light-lupetto-in-microfleece.jpg;"Tubertini Pile Micro Light - Lupetto in Microfleece";72051;Home;43.032787;52.5;0;1
5656;https://www.mgfishing.eu/10987/tubertini-magic-sepia-2-canna-da-eging.jpg;"Tubertini Magic Sepia 2 - Canna da Eging";07048;"Canne Vertical";24.590164;30;5;0
5655;https://www.mgfishing.eu/10988/tubertini-niro-egi-canna-da-spinning.jpg;"Tubertini Niro Egi - Canna da Spinning";04014;"Canne Vertical";65.573770;80;5;0
5654;https://www.mgfishing.eu/10989/tubertini-trivella-ombrellone-accessorio-per-ombrelloni.jpg;"Tubertini Trivella Ombrellone - Accessorio per Ombrelloni";85232;"Ombrelloni da pesca";30.163934;36.8;5;0
5653;https://www.mgfishing.eu/10983/tubertini-ombrellone-r250-cut-side-ombrellone.jpg;"Tubertini Ombrellone R250 Cut Side - Ombrellone";78013;"Ombrelloni da pesca";106.475410;129.9;5;0
5652;https://www.mgfishing.eu/10981/tubertini-borsa-eva-vanity-xl-borsa-in-eva-impermeabile.jpg;"Tubertini Borsa EVA Vanity XL - Borsa in EVA impermeabile";86297;"Borse, zaini e foderi";69.672131;85;5;0
5651;https://www.mgfishing.eu/10979/tubertini-borsa-eva-vanity-m-borsa-in-eva-impermeabile.jpg;"Tubertini Borsa EVA Vanity M - Borsa in EVA impermeabile";86295;"Borse, zaini e foderi";42.622951;52;5;0
5650;https://www.mgfishing.eu/10977/tubertini-borsa-oceano-wp-borsa-impermeabile.jpg;"Tubertini Borsa Oceano WP - Borsa impermeabile";86294;"Borse, zaini e foderi";73.770492;90;5;0
5649;https://www.mgfishing.eu/10975/tubertini-borsa-eva-vanity-box-borsa-in-eva.jpg;"Tubertini Borsa EVA Vanity Box - Borsa in EVA";86298;"Borse, zaini e foderi";39.344262;48;5;0
5648;https://www.mgfishing.eu/10974/tubertini-borsa-eva-vanity-l-borsa-in-eva-impermeabile.jpg;"Tubertini Borsa EVA Vanity L - Borsa in EVA impermeabile";86296;"Borse, zaini e foderi";51.639344;63;5;0
5647;https://www.mgfishing.eu//tubertini-hibrix-artificiale-swimbait-acqua-dolce.jpg;"Tubertini Hibrix - Artificiale Swimbait Acqua Dolce";45560;Home;9.262295;11.3;0;1
5646;https://www.mgfishing.eu//tubertini-offshore-trolling-canna-da-traina.jpg;"Tubertini Offshore Trolling - Canna da Traina";04229;Home;181.639344;221.6;0;1
5645;https://www.mgfishing.eu/10973/tubertini-modulo-t-mx-40mm-modulo-per-panchetti.jpg;"Tubertini Modulo T-MX 40mm - Modulo per Panchetti";82224;"Panchetti, sedie e cassettoni";28.688525;35;5;0
5644;https://www.mgfishing.eu/10972/tubertini-modulo-t-mx-2-cassetti-frontali-modulo-per-panchetti.jpg;"Tubertini Modulo T-MX 2 Cassetti Frontali - Modulo per Panchetti";82223;"Panchetti, sedie e cassettoni";87.704918;107;5;0
5643;https://www.mgfishing.eu/10971/tubertini-mini-prolunga-10m-tx-prolunga-per-canne-roubaisienne.jpg;"Tubertini Mini Prolunga 10m TX - Prolunga per Canne Roubaisienne";x0728;Home;67.213115;82;0;1
5642;https://www.mgfishing.eu/10970/tubertini-short-tx-4-5-sezione-di-ricambio-roubaisienne.jpg;"Tubertini Short TX 4/5 - Sezione di Ricambio Roubaisienne";x0149;Home;61.475410;75;0;1
5641;https://www.mgfishing.eu/10969/tubertini-mini-extension-4-tx-innesto-terminale-per-roubaisienne.jpg;"Tubertini Mini Extension 4 TX - Innesto terminale per Roubaisienne";x0049;Home;67.213115;82;5;0
5640;https://www.mgfishing.eu/10990/tubertini-extensis-trout-evo-10mt-canna-trota-torrente.jpg;"Tubertini Extensis Trout EVO 10mt - Canna Trota Torrente";02768;"Canne Da Trota";295.081967;360;5;0
5639;https://www.mgfishing.eu/10965/tubertini-extensis-trout-short-canna-da-trota-torrente.jpg;"Tubertini Extensis Trout Short - Canna da Trota Torrente";02769;Home;309.836066;378;0;1
5638;https://www.mgfishing.eu/10961/tubertini-fl-r500-grey-edition-panchetto-da-pesca.jpg;"Tubertini FL R500 Grey Edition - Panchetto da Pesca";82651;"Panchetti, sedie e cassettoni";807.377049;985;5;0
5637;https://www.mgfishing.eu//tubertini-gt-feeder-pasturatore-feeder.jpg;"Tubertini GT Feeder - Pasturatore Feeder";83631;Home;0.000000;2.4;90;0
5636;https://www.mgfishing.eu/10991/tubertini-brutal-pitch-c-canna-da-vertical-jigging.jpg;"Tubertini Brutal Pitch C - Canna da Vertical Jigging";03066;"Canne Vertical";0.000000;125;15;0
5635;https://www.mgfishing.eu/10992/tubertini-shinogi-canna-da-vertical-jigging-eging.jpg;"Tubertini Shinogi - Canna da Vertical Jigging Eging";07065;"Canne Vertical";0.000000;80;10;0
5634;https://www.mgfishing.eu/10993/tubertini-squidoo-2-egi-canna-da-vertical-jigging.jpg;"Tubertini Squidoo 2 Egi - Canna da Vertical Jigging";03123;"Canne Vertical";0.000000;30;15;0
5633;https://www.mgfishing.eu/10994/tubertini-tekkan-canna-da-vertical-jigging.jpg;"Tubertini Tekkan - Canna da Vertical Jigging";03395;"Canne Vertical";0.000000;80;20;0
5632;https://www.mgfishing.eu//tubertini-thauron-canna-da-spinning.jpg;"Tubertini Thauron - Canna da Spinning";07074;Home;0.000000;270.9;10;0
5631;https://www.mgfishing.eu//tubertini-brutal-pitch-s-canna-da-slow-pitch.jpg;"Tubertini Brutal Pitch S - Canna da Slow Pitch";03063;Home;0.000000;122.9;5;0
5630;https://www.mgfishing.eu/10956/tubertini-t-mx-050-paniere-da-pesca.jpg;"Tubertini T-MX 050 - Paniere da Pesca";82398;"Panchetti, sedie e cassettoni";188.524590;230;0;1
5629;https://www.mgfishing.eu/10952/tubertini-fl-200-black-panchetti.jpg;"Tubertini FL 200 Black - Panchetti";82652;"Panchetti, sedie e cassettoni";327.049180;399;5;0
5628;https://www.mgfishing.eu//tubertini-hair-bait-set-minuteria-feeder.jpg;"Tubertini Hair Bait Set - Minuteria Feeder";84027;Home;4.098361;5;0;1
5627;https://www.mgfishing.eu/10951/tubertini-ombrellone-competition-ombrellone.jpg;"Tubertini Ombrellone Competition - Ombrellone";78011;"Ombrelloni da pesca";0.000000;107.7;5;0
5626;https://www.mgfishing.eu/10950/tubertini-storage-bag-borsa-per-esche-e-accessori.jpg;"Tubertini Storage Bag - Borsa per Esche e Accessori";86827;"Borse, zaini e foderi";0.000000;28.3;15;0
5625;https://www.mgfishing.eu/10948/tubertini-eging-bag-borsa-da-eging.jpg;"Tubertini Eging Bag - Borsa da Eging";86233;"Borse, zaini e foderi";0.000000;65.9;10;0
5624;https://www.mgfishing.eu//tubertini-tai-skull-glow-squid-artificiali-seika.jpg;"Tubertini Tai Skull Glow Squid - Artificiali Seika";45549;Home;0.000000;24.3;0;1
5623;https://www.mgfishing.eu//tubertini-tai-skull-skirt-tail-artificiali-seika.jpg;"Tubertini Tai Skull Skirt + Tail - Artificiali Seika";45548;Home;0.000000;24.3;0;1
5622;https://www.mgfishing.eu//nash-tubertini-tanashi-65-85-artificiali-seika.jpg;"Nash Tubertini Tanashi 65-85 - Artificiali Seika";45561;Home;0.000000;7.5;0;1
5621;https://www.mgfishing.eu//tubertini-speedex-artificiale-da-superficie.jpg;"Tubertini Speedex - Artificiale da Superficie";45558;Home;0.000000;11.9;0;1
5620;https://www.mgfishing.eu//tubertini-hobby-line-esca-pronta-pastura.jpg;"Tubertini Hobby line: Esca pronta - Pastura";32720;Home;0.000000;4;5;0
5619;https://www.mgfishing.eu/11002/tubertini-vitality-light-canna-traina.jpg;"Tubertini Vitality Light - Canna Traina";04240;"Canne Da Traina";0.000000;78;5;0
5618;https://www.mgfishing.eu/11004/tubertini-sea-master-canna-da-traina.jpg;"Tubertini Sea Master - Canna da Traina";04507;"Canne Da Traina";0.000000;60;10;0
5617;https://www.mgfishing.eu/11005/tubertini-seabait-canna-da-traina.jpg;"Tubertini Seabait - Canna da Traina";03331;"Canne Da Traina";0.000000;65.1;15;0
5616;https://www.mgfishing.eu/11001/tubertini-crossover-2-canna-da-traina.jpg;"Tubertini Crossover 2 - Canna da Traina";03344;"Canne Da Traina";0.000000;96.6;15;0
5615;https://www.mgfishing.eu/10999/tubertini-vitality-2-canna-da-traina.jpg;"Tubertini Vitality 2 - Canna da Traina";04276;"Canne Da Traina";0.000000;126;5;0
5614;https://www.mgfishing.eu/10998/tubertini-sea-shot-canna-da-traina.jpg;"Tubertini Sea Shot - Canna da Traina";04553;"Canne Da Traina";0.000000;114.5;10;0
5613;https://www.mgfishing.eu/10997/tubertini-vitality-3-canna-da-traina.jpg;"Tubertini Vitality 3 - Canna da Traina";04587;"Canne Da Traina";0.000000;124;15;0
5612;https://www.mgfishing.eu/10922/tubertini-protector-lake-rider-elemento-terminale-per-roubaisienne.jpg;"Tubertini Protector Lake Rider - Elemento Terminale per Roubaisienne";x0016;Home;0.000000;47;5;0
5611;https://www.mgfishing.eu/10921/tubertini-pack-leviar-tt-roubaisienne.jpg;"Tubertini Pack Leviar TT - Roubaisienne";x0704;Home;0.000000;4950;0;1
5610;https://www.mgfishing.eu//tubertini-extreme-rider-10-canna-roubaisienne.jpg;"Tubertini Extreme Rider 10 - Canna Roubaisienne";x0286;Home;0.000000;58;0;1
5609;https://www.mgfishing.eu/10996/tubertini-kit-3-sx-canna-roubaisienne.jpg;"Tubertini Kit 3 Sx - Canna Roubaisienne";x0621;"Canne Fisse";0.000000;95;60;0
5608;https://www.mgfishing.eu/11006/tubertini-pack-carp-rider-mx-canna-roubaisienne.jpg;"Tubertini Pack Carp Rider MX - Canna Roubaisienne";x0707;"Canne Fisse";0.000000;980;5;0
5607;https://www.mgfishing.eu/10912/tubertini-leviar-canna-roubaisienne.jpg;"Tubertini Leviar - Canna Roubaisienne";x0690;Home;0.000000;4950;0;1
5606;https://www.mgfishing.eu/10995/tubertini-bankshot-2-canna-roubaisienne.jpg;"Tubertini Bankshot 2 - Canna Roubaisienne";x0294;Home;0.000000;31;35;0
5605;https://www.mgfishing.eu//tubertini-kit-cima-e-4-elemento-leviar-kit-canne-roubaisienne.jpg;"Tubertini Kit, Cima e 4° Elemento Leviar - Kit Canne Roubaisienne";R071701;Home;0.000000;219;10;0
5604;https://www.mgfishing.eu/10911/tubertini-tle-protector-4-5-accessorio-roubaisienne.jpg;"Tubertini TLE Protector 4-5 - Accessorio Roubaisienne";x0046;Home;0.000000;31;5;0
5603;https://www.mgfishing.eu/10910/tubertini-kit-e-cime-rider-combat-mx-kit-roubaisienne.jpg;"Tubertini Kit e Cime Rider Combat MX - Kit Roubaisienne";x0696;Home;0.000000;47;5;0
5602;https://www.mgfishing.eu/10909/tubertini-mini-extension-3-4-sezione-terminale-roubaisienne.jpg;"Tubertini Mini Extension 3-4 - Sezione Terminale Roubaisienne";x0044;"Canne Da Pesca";0.000000;58;10;0
5601;https://www.mgfishing.eu//tubertini-pack-free-rider-canna-roubaisienne.jpg;"Tubertini Pack Free Rider - Canna Roubaisienne";x0706;Home;0.000000;1900;5;0
5600;https://www.mgfishing.eu/10908/tubertini-kit-e-cime-over-power-kit-roubaisienne.jpg;"Tubertini Kit e Cime Over Power - Kit Roubaisienne";x0272;"Canne Da Pesca";0.000000;58;10;0
5599;https://www.mgfishing.eu/10907/tubertini-scaldacollo-warm-grigio-scaldacollo-in-pile.jpg;"Tubertini Scaldacollo Warm Grigio - Scaldacollo in pile";70160;Home;5.655738;6.9;0;1
5598;https://www.mgfishing.eu//tubertini-octo-catcher-inox-flash-polpara-artificiale.jpg;"Tubertini Octo Catcher Inox Flash - Polpara artificiale";45518;Home;11.885246;14.5;0;1
5597;https://www.mgfishing.eu/11008/tubertini-lures-box-scatola-porta-artificiali.jpg;"Tubertini Lures box - Scatola porta artificiali";83186;"Borse porta attrezzatura";7.950820;9.7;5;0
5596;https://www.mgfishing.eu/11007/tubertini-versa-yak-canna-kayak-fishing.jpg;"Tubertini Versa Yak - Canna Kayak Fishing";03347;"Canne Da Spinning";93.852459;114.5;5;0
5595;https://www.mgfishing.eu/11009/tubertini-interceptor-yak-canna-da-kayak-fishing.jpg;"Tubertini Interceptor Yak - Canna da Kayak Fishing";03286;"Canne Da Spinning";84.344262;102.9;5;0
5594;https://www.mgfishing.eu/11010/tubertini-spin-yak-canna-da-spinning.jpg;"Tubertini Spin Yak - Canna da Spinning";03287;"Canne Da Spinning";88.688525;108.2;5;0
5593;https://www.mgfishing.eu/10906/tubertini-offshore-surf-bucket-secchiello-per-vivo.jpg;"Tubertini Offshore Surf Bucket - Secchiello per Vivo";86843;"Borse, zaini e foderi";33.770492;41.2;5;0
5592;https://www.mgfishing.eu/10904/tubertini-enduro-river-bowl-w-belt-secchiello-porta-bigattini.jpg;"Tubertini Enduro River Bowl W/belt - Secchiello porta bigattini";86285;"Borse, zaini e foderi";16.639344;20.3;5;0
5591;https://www.mgfishing.eu/10901/tubertini-borsa-eva-double-borsa-in-eva.jpg;"Tubertini Borsa EVA Double - Borsa in EVA";86192;"Borse, zaini e foderi";57.622951;70.3;5;0
5590;https://www.mgfishing.eu/10899/tubertini-enduro-river-bowl-secchiello-porta-bigattini.jpg;"Tubertini Enduro River Bowl - Secchiello porta bigattini";86286;"Borse, zaini e foderi";14.754098;18;5;0
5589;https://www.mgfishing.eu/11011/tubertini-enduro-groundbait-bowl-m-contenitore-per-esche-e-pasture.jpg;"Tubertini Enduro Groundbait Bowl M - Contenitore per esche e pasture";86287;"Borse porta attrezzatura";12.868852;15.7;5;0
5588;https://www.mgfishing.eu/10898/tubertini-modulo-hx90-modulo-panchetto.jpg;"Tubertini Modulo Hx90 - Modulo Panchetto";82386;Home;60.245902;73.5;0;1
5587;https://www.mgfishing.eu/10897/tubertini-modulo-hx-2-cassetti-frontali-modulo-panchetti.jpg;"Tubertini Modulo Hx 2 Cassetti Frontali - Modulo Panchetti";82389;"Accessori per panchetti e sedie";92.049180;112.3;5;0
5586;https://www.mgfishing.eu/10896/tubertini-coperchio-valigetta-hx-accessorio-per-panchetti.jpg;"Tubertini Coperchio Valigetta Hx - Accessorio per Panchetti";82387;"Accessori per panchetti e sedie";40.655738;49.6;5;0
5585;https://www.mgfishing.eu//esp-tubertini-el-salto-inchiku-artificiali-seika.jpg;"ESP Tubertini El Salto Inchiku - Artificiali Seika";45495;Home;0.000000;13.5;0;1
5584;https://www.mgfishing.eu/10891/tubertini-banger-match-canna-da-inglese.jpg;"Tubertini Banger Match - Canna da Inglese";05826;Home;0.000000;241;0;1
5583;https://www.mgfishing.eu/11012/tubertini-wild-box-scatola-porta-minuteria.jpg;"Tubertini Wild Box - Scatola Porta-minuteria";83144;"Borse porta attrezzatura";0.000000;16.2;5;0
5582;https://www.mgfishing.eu/10890/tubertini-sk-squid-case-astuccio-porta-egi.jpg;"Tubertini SK Squid Case - Astuccio porta egi";86086;"Borse porta attrezzatura";0.000000;21.2;10;0
5581;https://www.mgfishing.eu/10889/tubertini-enduro-bag-borsa-in-eva.jpg;"Tubertini Enduro Bag - Borsa in EVA";86272;"Borse porta attrezzatura";0.000000;45;5;0
5580;https://www.mgfishing.eu/10888/tubertini-enduro-bowl-borse-in-eva.jpg;"Tubertini Enduro Bowl - Borse in EVA";86276;Home;0.000000;14.2;20;0
5579;https://www.mgfishing.eu/10887/tubertini-offshore-secchiello-sq-secchiello-quadrato.jpg;"Tubertini Offshore Secchiello SQ - Secchiello quadrato";86849;"Porta pesci";0.000000;17.7;5;0
5578;https://www.mgfishing.eu/10886/tubertini-modulo-hx30-modulo-portatutto.jpg;"Tubertini Modulo HX30 - Modulo Portatutto";82385;"Accessori per panchetti e sedie";35.163934;42.9;5;0
5577;https://www.mgfishing.eu/11013/tubertini-vantage-feeder-canna-da-feeder.jpg;"Tubertini Vantage Feeder - Canna da Feeder";05082;"Canne Feeder";81.803279;99.8;5;0
5576;https://www.mgfishing.eu//tubertini-super-flat-mould-stampo-per-pasturatori-feeder.jpg;"Tubertini Super Flat Mould - Stampo per Pasturatori Feeder";84155;Home;1.967213;2.4;5;0
5575;https://www.mgfishing.eu/10885/tubertini-enduro-utility-bag-borsa-in-eva.jpg;"Tubertini Enduro Utility Bag - Borsa in EVA";86282;"Borse porta attrezzatura";0.000000;18;15;0
5574;https://www.mgfishing.eu/10884/tubertini-enduro-bag-bait-borsa-in-eva.jpg;"Tubertini Enduro Bag Bait - Borsa in EVA";86274;"Borse porta attrezzatura";0.000000;25;10;0
5573;https://www.mgfishing.eu/10883/tubertini-enduro-net-bag-borsa-portanassa.jpg;"Tubertini Enduro Net Bag - Borsa Portanassa";86280;Home;0.000000;58;0;1
5572;https://www.mgfishing.eu/11014/tubertini-kaliber-surf-canna-surfcasting.jpg;"Tubertini Kaliber Surf - Canna Surfcasting";06215;"Canne Surfcasting";0.000000;70;5;0
5571;https://www.mgfishing.eu/11015/tubertini-r18-titanium-distance-feeder-canna-da-feeder.jpg;"Tubertini R18 Titanium Distance Feeder - Canna da Feeder";05824;"Canne Feeder";0.000000;377;5;0
5570;https://www.mgfishing.eu//tubertini-pack-libra-canna-roubaisienne.jpg;"Tubertini Pack Libra - Canna Roubaisienne";x0705;Home;0.000000;2900;0;1
5569;https://www.mgfishing.eu/11017/tubertini-rider-power-mx-canna-roubaisienne.jpg;"Tubertini Rider Power Mx - Canna Roubaisienne";x0281;"Canne Fisse";0.000000;58;25;0
5568;https://www.mgfishing.eu//tubertini-fast-trout-2-canna-trota-torrente.jpg;"Tubertini Fast Trout 2 - Canna Trota Torrente";02972;Home;0.000000;85;0;1
5567;https://www.mgfishing.eu/11018/tubertini-extensis-trout-canna-da-trota-torrente.jpg;"Tubertini Extensis Trout - Canna da Trota Torrente";02660;"Canne Da Trota";0.000000;147;5;0
5566;https://www.mgfishing.eu/10873/tubertini-r1-torrente-canna-da-trota-in-torrente.jpg;"Tubertini R1 Torrente - Canna da Trota in Torrente";02882;Home;0.000000;1338;5;0
5565;https://www.mgfishing.eu/10871/tubertini-direct-trout-canna-da-trota-torrente.jpg;"Tubertini Direct Trout - Canna da Trota Torrente";02888;Home;0.000000;211;15;0
5564;https://www.mgfishing.eu/10870/tubertini-fast-trout-canna-da-pesca-trota-torrente.jpg;"Tubertini Fast Trout - Canna da Pesca Trota Torrente";02635;"Canne Da Trota";0.000000;68.3;15;0
5563;https://www.mgfishing.eu//tubertini-mahi-jig-metal-jig.jpg;"Tubertini Mahi Jig - Metal Jig";4561804;Home;0.000000;10.8;5;0
5562;https://www.mgfishing.eu//tubertini-mahi-jig-artificiali-seika.jpg;"Tubertini Mahi Jig - Artificiali Seika";4561803;Home;0.000000;10.8;5;0
5561;https://www.mgfishing.eu//tubertini-mahi-jig-artificiali-da-pesca.jpg;"Tubertini Mahi Jig - Artificiali da Pesca";4561802;Home;0.000000;10.8;5;0
5560;https://www.mgfishing.eu//tubertini-mahi-jig-artificiali-seika.jpg;"Tubertini Mahi Jig - Artificiali Seika";4561801;Home;0.000000;10.8;5;0
5559;https://www.mgfishing.eu//tubertini-mahi-jig-artificiali-da-jigging.jpg;"Tubertini Mahi Jig - Artificiali da Jigging";4561706;Home;0.000000;10.2;5;0
5558;https://www.mgfishing.eu//tubertini-mahi-jig-metal-jig.jpg;"Tubertini Mahi Jig - Metal Jig";4561705;Home;0.000000;10.2;5;0
5557;https://www.mgfishing.eu//tubertini-mahi-jig-artificiale-da-light-shore-jigging.jpg;"Tubertini Mahi Jig - Artificiale da Light Shore Jigging";4561704;Home;0.000000;10.2;5;0
5556;https://www.mgfishing.eu//tubertini-mahi-jig-artificiali-da-shore-jigging.jpg;"Tubertini Mahi Jig - Artificiali da Shore Jigging";4561604;Home;0.000000;10.2;10;0
5555;https://www.mgfishing.eu//tubertini-mahi-jig-metal-jig.jpg;"Tubertini Mahi Jig - Metal Jig";4561603;Home;0.000000;10.2;10;0
5554;https://www.mgfishing.eu//tubertini-mahi-jig-artificiali-da-shore-jigging.jpg;"Tubertini Mahi Jig - Artificiali da Shore Jigging";4561602;Home;0.000000;10.2;10;0
5553;https://www.mgfishing.eu//tubertini-mahi-jig-artificiali-da-pesca.jpg;"Tubertini Mahi Jig - Artificiali da Pesca";4561501;Home;0.000000;7.3;5;0
5552;https://www.mgfishing.eu//tubertini-stefa-jig-metal-jig.jpg;"Tubertini Stefa Jig - Metal Jig";4562401;Home;0.000000;11.9;5;0
5551;https://www.mgfishing.eu//tubertini-fast-easy-stop-ferma-esca-in-plastica.jpg;"Tubertini Fast Easy Stop - Ferma esca in plastica";83737;Home;0.000000;1;10;0
5550;https://www.mgfishing.eu/11025/tubertini-tbr-lake-feeder-canna-da-feeder.jpg;"Tubertini TBR Lake Feeder - Canna da Feeder";05766;"Canne Feeder";0.000000;107.1;15;0
5549;https://www.mgfishing.eu/11024/tubertini-jugger-feeder-canna-da-feeder.jpg;"Tubertini Jugger Feeder - Canna da Feeder";05821;"Canne Feeder";0.000000;129;15;0
5548;https://www.mgfishing.eu/10864/tubertini-cluster-feeder-canna-da-feeder.jpg;"Tubertini Cluster Feeder - Canna da Feeder";05092;Home;0.000000;104;0;1
5547;https://www.mgfishing.eu//tubertini-inline-prt-feeder-pasturatore-da-feeder.jpg;"Tubertini Inline Prt Feeder - Pasturatore da Feeder";84145;Home;0.000000;2.7;30;0
5546;https://www.mgfishing.eu//tubertini-set-method-t-bait-pasturatore-da-method.jpg;"Tubertini Set Method T Bait - Pasturatore da Method";83669;Home;0.000000;9.3;0;1
5545;https://www.mgfishing.eu//tubertini-super-flat-inline-feeder-pasturatore-feeder.jpg;"Tubertini Super Flat Inline Feeder - Pasturatore Feeder";84151;Home;0.000000;2.6;15;0
5544;https://www.mgfishing.eu//tubertini-cage-feeder-square-pasturatore-a-gabbietta.jpg;"Tubertini Cage Feeder Square - Pasturatore a gabbietta";83651;Home;0.000000;2.3;60;0
5543;https://www.mgfishing.eu/10858/ryobi-mulinello-tanker-mulinello-da-trolling.jpg;"Ryobi Mulinello Tanker - Mulinello da Trolling";99387;"Mulinelli Per Tonno e Da Traina Rotanti";243.442623;297;0;1
5542;https://www.mgfishing.eu//tubertini-mulinello-kommand-5000-mulinello-con-frizione-anteriore.jpg;"Tubertini Mulinello Kommand 5000 - Mulinello con Frizione Anteriore";99256;Home;109.344262;133.4;0;1
5541;https://www.mgfishing.eu/10854/ryobi-mulinello-nex-mulinello-frizione-anteriore.jpg;"Ryobi Mulinello NEX - Mulinello Frizione Anteriore";991301;Home;0.000000;49;0;1
5540;https://www.mgfishing.eu/11023/seika-kabiria-canna-verticale-per-light-jigging.jpg;"Seika Kabiria - Canna Verticale per Light Jigging";07088;"Canne Vertical";0.000000;107.1;15;0
5539;https://www.mgfishing.eu//seika-ashent-mt225-gr150-canna-vertical-ashent.jpg;"SEIKA Ashent Mt.2,25 Gr.150 - Canna Vertical Ashent";07062;Home;0.000000;110.3;10;0
5538;https://www.mgfishing.eu/11022/seika-ashent-light-canna-verticale-per-cefalopodi.jpg;"Seika Ashent Light - Canna Verticale per Cefalopodi";07059;"Canne Vertical";0.000000;104;15;0
5537;https://www.mgfishing.eu/11021/tubertini-arena-surf-canna-surfcasting.jpg;"Tubertini Arena Surf - Canna Surfcasting";06262;"Canne Surfcasting";0.000000;145.3;15;0
5536;https://www.mgfishing.eu/11020/tubertini-giudecca-200400-gr-canna-bolentino.jpg;"Tubertini Giudecca 200/400 Gr. - Canna Bolentino";04011;"Canne Da Bolentino";0.000000;141.8;5;0
5535;https://www.mgfishing.eu/11019/tubertini-f2-telescopic-ultra-light-380-450-canna-bolentino.jpg;"Tubertini F2 Telescopic Ultra Light 3,80-4,50mt - Canna Bolentino";03982;"Canne Da Bolentino";0.000000;125.4;5;0
5534;https://www.mgfishing.eu/11028/seika-sayaka-66-feet-60-90-gr-canna-da-spinning.jpg;"SEIKA Sayaka 6,6 Feet 60-90 Gr. - Canna da Spinning";03911;"Canne Da Spinning";0.000000;90;5;0
5533;https://www.mgfishing.eu/11029/tubertini-sparide-evo-canna-bolentino.jpg;"Tubertini Sparide Evo - Canna Bolentino";03401;"Canne Da Bolentino";0.000000;122.9;5;0
5532;https://www.mgfishing.eu/11030/seika-traveler-3-canna-da-viaggio.jpg;"Seika Traveler 3 - Canna da Viaggio";03390;"Canne Da Spinning";0.000000;98.7;10;0
5531;https://www.mgfishing.eu/11031/tubertini-f1-telescopic-2000-canna-bolentino.jpg;"Tubertini F1 Telescopic 2000 - Canna Bolentino";03091;"Canne Da Bolentino";0.000000;263.6;10;0
5530;https://www.mgfishing.eu/11032/tubertini-talaxa-8300-canna-bolentino.jpg;"Tubertini Talaxa 8300 - Canna Bolentino";03058;"Canne Da Bolentino";0.000000;107.1;5;0
5529;https://www.mgfishing.eu/11033/tubertini-nauteck-pro-canna-bolentino.jpg;"Tubertini Nauteck Pro - Canna Bolentino";03020;"Canne Da Bolentino";0.000000;165.9;5;0
5528;https://www.mgfishing.eu/11034/tubertini-performer-xs-canna-surfcasting.jpg;"Tubertini Performer XS - Canna Surfcasting";06388;"Canne Surfcasting";0.000000;77;15;0
5527;https://www.mgfishing.eu/11035/tubertini-eurocasting-tele-420mt-max100-canna-surfcasting.jpg;"Tubertini Eurocasting Tele 4.20mt MAX100 - Canna Surfcasting";06379;"Canne Surfcasting";0.000000;98;5;0
5526;https://www.mgfishing.eu/11036/tubertini-pencil-feeder-canna-da-feeder.jpg;"Tubertini Pencil Feeder - Canna da Feeder";05922;"Canne Feeder";0.000000;105;20;0
5525;https://www.mgfishing.eu/11037/tubertini-tatanka-fight-canna-da-spinning.jpg;"Tubertini Tatanka Fight - Canna da Spinning";05225;"Canne Da Spinning";0.000000;76.7;10;0
5524;https://www.mgfishing.eu/11038/tubertini-insane-fishing-mt420-canna-all-round.jpg;"Tubertini Insane Fishing mt.4,20 - Canna All Round Storione";05047;"Canne Da Spinning";0.000000;313;5;0
5523;https://www.mgfishing.eu/10840/tubertini-fatality-mt420-no-limits-canna-surfcasting.jpg;"Tubertini Fatality Mt.4,20 No Limits - Canna Surfcasting";05036;Home;0.000000;98;0;1
5522;https://www.mgfishing.eu/11039/tubertini-tle-evo-trout-canna-trota-lago.jpg;"Tubertini Tle Evo Trout - Canna Trota Lago";04585;"Canne Da Trota";0.000000;122.6;10;0
5521;https://www.mgfishing.eu/11040/tubertini-tle-trout-canna-trota-lago.jpg;"Tubertini Tle Trout - Canna Trota Lago";04314;"Canne Da Trota";0.000000;116.6;10;0
5520;https://www.mgfishing.eu/11041/trabucco-tle-trout-float-mt5-canna-trota-lago.jpg;"Trabucco TLE TROUT FLOAT MT.5 - Canna Trota Lago";04305;"Canne Da Trota";0.000000;125;5;0
5519;https://www.mgfishing.eu/11042/tubertini-trout-x-float-mt600-canna-trota-lago.jpg;"Tubertini Trout X Float Mt.6,00 - Canna Trota Lago";04304;"Canne Da Trota";0.000000;122;5;0
5518;https://www.mgfishing.eu/11047/trabucco-pianosa-220-mt-gr300-canna-bolentino-traina.jpg;"Trabucco Pianosa 2,20 Mt. Gr.300 - Canna Bolentino Traina";04204;"Canne Da Bolentino";0.000000;185;5;0
5517;https://www.mgfishing.eu/11048/tubertini-astray-stg-mt300-light-action-canna-da-spinning.jpg;"Tubertini Astray Stg Mt.3,00 Light Action - Canna da Spinning";03990;"Canne Da Spinning";0.000000;137.6;5;0
5516;https://www.mgfishing.eu/11043/tubertini-closer-canna-trota-torrente.jpg;"Tubertini Closer - Canna Trota Torrente";02864;"Canne Da Trota";0.000000;56;20;0
5515;https://www.mgfishing.eu/10831/tubertini-area-pro-6505-mt5-canna-surfcasting.jpg;"Tubertini Area Pro 6505 Mt.5 - Canna Surfcasting";01390;Home;0.000000;114.5;0;1
5514;https://www.mgfishing.eu//tubertini-area-5505-canna-fissa.jpg;"Tubertini Area 5505 - Canna Fissa";01378;Home;0.000000;75.6;0;1
5513;https://www.mgfishing.eu/11045/seika-assaulter-yak-63-ft-1-4-lb-canna-da-spinning.jpg;"SEIKA Assaulter Yak 6,3 Ft. 1-4 Lb - Canna da Spinning";07112;"Canne Da Spinning";0.000000;104;5;0
5512;https://www.mgfishing.eu/11044/seika-excape-canna-da-spinning.jpg;"Seika Excape - Canna da Spinning";07091;"Canne Da Spinning";0.000000;57.8;20;0
5511;https://www.mgfishing.eu/11049/seika-r18-spinning-tr-canna-da-spinning.jpg;"Seika R18 Spinning TR - Canna da Spinning";07067;"Canne Da Spinning";0.000000;198;30;0
5510;https://www.mgfishing.eu//seika-stretto-shore-canna-da-spinning.jpg;"Seika Stretto Shore - Canna da Spinning";07057;Home;0.000000;141.8;0;1
5509;https://www.mgfishing.eu/11046/seika-justice-canna-da-spinning.jpg;"SEIKA Justice - Canna da Spinning";07050;"Canne Da Spinning";0.000000;129.2;25;0
5508;https://www.mgfishing.eu//seika-attitude-240-mt-2-12-gr-canna-da-spinning.jpg;"SEIKA Attitude 2,40 Mt. 2-12 Gr. - Canna da Spinning";07046;Home;0.000000;50;0;1
5507;https://www.mgfishing.eu/11050/seika-micro-3-canna-da-spinning.jpg;"SEIKA Micro 3 - Canna da Spinning";07034;Home;0.000000;46.6;10;0
5506;https://www.mgfishing.eu/11051/seika-kento-egi-83-piedi-canna-da-spinning.jpg;"Seika Kento Egi 8’3” ft - Canna da Spinning";07031;"Canne Vertical";0.000000;80;5;0
5505;https://www.mgfishing.eu/11052/seika-hisense-73-canna-da-spinning.jpg;"SEIKA Hisense 7,3' - Canna da Spinning";07026;"Canne Da Spinning";0.000000;44;20;0
5504;https://www.mgfishing.eu/11053/seika-kizuri-pro-canna-da-spinning.jpg;"Seika Kizuri Pro - Canna da Spinning";07021;"Canne Da Spinning";0.000000;162.8;25;0
5503;https://www.mgfishing.eu/11054/seika-skim-canna-da-spinning.jpg;"Seika Skim - Canna da Spinning";07018;"Canne Da Spinning";0.000000;194.3;15;0
5502;https://www.mgfishing.eu/11055/seika-black-water-20-canna-da-spinning.jpg;"Seika Black Water 2.0 - Canna da Spinning";07001;"Canne Da Spinning";0.000000;83;25;0
5501;https://www.mgfishing.eu/10828/tubertini-banger-match-450-8-25g-canna-inglese.jpg;"Tubertini Banger Match 4.50 8-25g - Canna Inglese";05829;Home;0.000000;271;0;1
5500;https://www.mgfishing.eu/11056/tubertini-r18-finesse-match-canna-inglese.jpg;"Tubertini R18 Finesse Match - Canna Inglese";05803;"Canne Bolognese";0.000000;205;10;0
5499;https://www.mgfishing.eu/11057/tubertini-mighty-match-canna-inglese.jpg;"Tubertini Mighty Match - Canna Inglese";05043;"Canne Bolognese";0.000000;60;10;0
5498;https://www.mgfishing.eu/11058/tubertini-heritage-canna-inglese.jpg;"Tubertini Heritage - Canna Inglese";05019;"Canne Bolognese";0.000000;159;15;0
5497;https://www.mgfishing.eu/10817/tubertini-heritage-mt420-gr-6-20-canna-inglese.jpg;"Tubertini Heritage Mt.4,20 Gr. 6-20 - Canna Inglese";05018;Home;0.000000;155;5;0
5496;https://www.mgfishing.eu/11059/tubertini-geodys-light-canna-da-inglese.jpg;"Tubertini Geodys - Canna da Inglese";05000;"Canne Bolognese";0.000000;85.1;25;0
5495;https://www.mgfishing.eu/10813/seika-araki-egi-78-18-35-canna-da-spinning.jpg;"SEIKA Araki Egi 7,8' 1,8-3,5 - Canna da Spinning";04995;Home;0.000000;54;0;1
5494;https://www.mgfishing.eu/10811/seika-omni-trout-mt270-gr0-5-canna-da-spinning.jpg;"Seika Omni Trout Mt.2,70 Gr.0-5 - Canna da Spinning";04900;Home;0.000000;66.2;0;1
5493;https://www.mgfishing.eu/11027/seika-spintrek-canna-da-spinning.jpg;"SEIKA Spintrek - Canna da Spinning";03377;"Canne Da Spinning";0.000000;36;15;0
5492;https://www.mgfishing.eu/10804/seika-inoshi-64-05-45-gr-canna-da-spinning.jpg;"Seika Inoshi 6,4' 0.5-4.5 Gr. - Canna da Spinning";03313;Home;0.000000;78.8;0;1
5491;https://www.mgfishing.eu/10803/esp-tubertini-level-team-4604-canna-bolognese.jpg;"ESP Tubertini Level Team 4604 - Canna Bolognese";02961;Home;0.000000;104;5;0
5490;https://www.mgfishing.eu/11026/tubertini-level-2600-ar-canna-bolognese.jpg;"Tubertini Level 2600 AR - Canna Bolognese";02848;"Canne Bolognese";0.000000;54.6;15;0
5489;https://www.mgfishing.eu/10798/tubertini-r18-medium-bolognese-01-canna-bolognese.jpg;"Tubertini R18 Medium Bolognese 01 - Canna Bolognese";02640;Home;0.000000;315;5;0
5488;https://www.mgfishing.eu//tubertini-r18-long-bolognese-canna-bolognese.jpg;"Tubertini R18 Long Bolognese - Canna Bolognese";02631;Home;0.000000;778.1;0;1
5487;https://www.mgfishing.eu/10797/tubertini-shox-yellow-monofilo-surfcasting-e-long-casting.jpg;"Tubertini Shox Yellow - Monofilo Surfcasting e Long casting";;"Monofili e Trecciati";7.295082;8.9;20;0
5162;https://www.mgfishing.eu//tubertini-bobine-lagos-bobina-per-mulinello.jpg;"Tubertini Bobine Lagos - Bobina per mulinello";98945xx;Home;0.000000;26;0;1
5161;https://www.mgfishing.eu/10634/tubertini-bobine-doozer-bobina-per-mulinello.jpg;"Tubertini Bobine Doozer - Bobina per Mulinello";98595xx;Home;0.000000;9.4;0;1
5160;https://www.mgfishing.eu//tubertini-bobine-hylas-bobine-per-mulinello.jpg;"Tubertini Bobine Hylas - Bobine per Mulinello";98983xx;Home;0.000000;24.7;0;1
5159;https://www.mgfishing.eu//tubertini-bobine-tuko-bobina-per-mulinello.jpg;"Tubertini Bobine Tuko - Bobina per mulinello";98584xx;Home;0.000000;10.2;0;1
5158;https://www.mgfishing.eu/10707/daiwa-26-crossfire-.jpg;"Daiwa 26 Crossfire LT - Mulinello Versatile";;"Mulinelli Da Pesca";0.000000;29.9;218;0
5157;https://www.mgfishing.eu/10633/daiwa-25-caldia-lt-mulinello.jpg;"Daiwa 25 Caldia LT - Mulinello";;"Mulinelli Da Pesca";0.000000;169.9;225;0
5156;https://www.mgfishing.eu/10629/daiwa-25-ballistic-hd-lt-mulinello-.jpg;"Daiwa 25 Ballistic HD LT - Mulinello";;"Mulinelli Da Pesca";0.000000;179.9;16;0
5155;https://www.mgfishing.eu/10623/maver-kit-jurassic-r6-kit-rbs-pesca-al-colpo.jpg;"Maver Kit Jurassic R6 - Kit RBS Pesca al colpo";8751K003;Home;0.000000;204;0;1
5154;https://www.mgfishing.eu//maver-kit-jurassic-r8-3pz-kit-da-pesca-al-colpo.jpg;"Maver Kit Jurassic R8 3pz. - Kit da Pesca al Colpo";8750K003;Home;0.000000;264;0;1
5153;https://www.mgfishing.eu/10622/maver-cheese-shrimp-pastura-per-pesca.jpg;"Maver Cheese Shrimp - Pastura per Pesca";3165S000;Home;0.000000;6.5;0;1
5152;https://www.mgfishing.eu//maver-superlithium-evanon-light-mx-canna-bolognese.jpg;"Maver Superlithium Evanon Light MX - Canna Bolognese";05756700;Home;0.000000;525;0;1
5151;https://www.mgfishing.eu//colmic-carat-pole-canna-da-pesca.jpg;"Colmic Carat Pole - Canna da Pesca";4631B300;Home;0.000000;28;0;1
5150;https://www.mgfishing.eu//maver-darkside-heavy-tele-boat-canna-barca.jpg;"Maver Darkside Heavy Tele Boat - Canna Barca";05606006;Home;0.000000;188;0;1
5149;https://www.mgfishing.eu//maver-darkside-heavy-boat-3-pz-con-anelli-2-cime-canna-barca.jpg;"Maver Darkside Heavy Boat 3 pz. con Anelli 2 Cime - Canna Barca";05706001;Home;0.000000;298;0;1
5148;https://www.mgfishing.eu//maver-canna-spectrum-bolo-mx5-canna-bolognese.jpg;"Maver Canna Spectrum Bolo MX5 - Canna Bolognese";8463B500;Home;0.000000;169;0;1
5147;https://www.mgfishing.eu/10618/maver-black-diavel-canna-surfcasting.jpg;"Maver Black Diavel - Canna Surfcasting";4793B001;Home;0.000000;220;0;1
5146;https://www.mgfishing.eu//maver-eclipse-testa-guadino-in-polipropilene.jpg;"Maver Eclipse - Testa Guadino in Polipropilene";01983001;Home;0.000000;18.9;0;1
5145;https://www.mgfishing.eu/10614/maver-thor-universal-con-anelli-canna-universale.jpg;"Maver Thor Universal con Anelli - Canna universale";05766001;Home;0.000000;80;0;1
5144;https://www.mgfishing.eu//maver-strike-spin-canna-da-spinning.jpg;"Maver Strike Spin - Canna da Spinning";05866001;Home;0.000000;68;0;1
5143;https://www.mgfishing.eu//maver-thor-bolo-canna-bolognese.jpg;"Maver Thor Bolo - Canna Bolognese";05864500;Home;0.000000;155;0;1
5142;https://www.mgfishing.eu//maver-space-bolo-canna-bolognese.jpg;"Maver Space Bolo - Canna Bolognese";05858500;Home;0.000000;139;0;1
5141;https://www.mgfishing.eu//maver-ufo-bolo-con-anelli-canna-bolognese.jpg;"Maver Ufo Bolo con Anelli - Canna Bolognese";05844500;Home;0.000000;97;0;1
5140;https://www.mgfishing.eu/10613/maver-power-pva-sticks-accessorio-per-carpfishing.jpg;"Maver Power PVA Sticks - Accessorio per Carpfishing";7576S001;Home;0.000000;15.4;0;1
5139;https://www.mgfishing.eu/10612/maver-twisty-micro-5mm-canna-da-feeder.jpg;"Maver Twisty Micro 5mm - Canna da Feeder";7575S001;Home;0.000000;9.66;0;1
5138;https://www.mgfishing.eu/10611/maver-sweet-amino-additivo-per-pasturazione.jpg;"Maver Sweet Amino - Additivo per Pasturazione";7574S001;Home;0.000000;19;0;1
5137;https://www.mgfishing.eu//maver-club-team-abbigliamento-da-pesca-tecnico.jpg;"Maver Club Team - Abbigliamento da Pesca Tecnico";1609800S;Home;0.000000;89;0;1
5136;https://www.mgfishing.eu//maver-kraken-canna-da-spinning.jpg;"Maver Kraken - Canna da Spinning";05831001;Home;0.000000;97;0;1
5135;https://www.mgfishing.eu/10607/maver-jurassic-mx6-evo-canna-bolognese.jpg;"Maver Jurassic MX6 Evo - Canna Bolognese";8412B500;Home;0.000000;120;0;1
5134;https://www.mgfishing.eu//maver-hybrid-nage-surf-canna-surfcasting.jpg;"Maver Hybrid Nage Surf - Canna Surfcasting";05693002;Home;0.000000;274.8;0;1
5133;https://www.mgfishing.eu//maver-winner-travel-surf-orata-canna-surfcasting.jpg;"Maver Winner Travel Surf Orata - Canna Surfcasting";05467100;Home;0.000000;110;0;1
5132;https://www.mgfishing.eu//maver-mv-r-surf-canna-surfcasting.jpg;"Maver MV-R Surf - Canna Surfcasting";05724001;Home;0.000000;264;0;1
5131;https://www.mgfishing.eu//maver-area-spin-canna-da-spinning.jpg;"Maver Area Spin - Canna da Spinning";05832001;Home;0.000000;89;0;1
5130;https://www.mgfishing.eu//maver-mulinello-serie-robusta-mulinello-da-spinning-e-feeder.jpg;"Maver Mulinello Serie Robusta - Mulinello da Spinning e Feeder";809MDR20;Home;0.000000;50;0;1
5129;https://www.mgfishing.eu//maver-monster-mulinello-da-pesca.jpg;"Maver Monster - Mulinello da pesca";809MMN20;Home;0.000000;45;0;1
5128;https://www.mgfishing.eu//maver-golia-mulinello-da-pesca-versatile.jpg;"Maver Golia - Mulinello da pesca versatile";809MGO20;Home;0.000000;35;0;1
5127;https://www.mgfishing.eu//maver-custodia-protettiva-in-eva-con-cerniera-borsa-per-accessori.jpg;"Maver Custodia Protettiva in EVA con Cerniera - Borsa per Accessori";06109025;Home;0.000000;18;0;1
5126;https://www.mgfishing.eu/10606/maver-xsight-occhiali-da-sole-polarizzati-occhiali-da-pesca.jpg;"Maver XSight Occhiali da Sole Polarizzati - Occhiali da Pesca";99999GRY;Home;0.000000;39;0;1
5125;https://www.mgfishing.eu//maver-superlithium-prolite-mx-canna-bolognese.jpg;"Maver Superlithium Prolite MX - Canna Bolognese";05837600;Home;0.000000;629;0;1
5124;https://www.mgfishing.eu/10604/maver-gto-panier-seduta-per-pesca-al-colpo.jpg;"Maver GTO - Panier Seduta per Pesca al Colpo";761FSAL1;Home;0.000000;1198;0;1
5123;https://www.mgfishing.eu/10600/maver-camaro-seat-box-paniere-da-pesca.jpg;"Maver Camaro Seat Box - Paniere da Pesca";762FSAL1;Home;0.000000;1640;0;1
5122;https://www.mgfishing.eu/10599/maver-ultra-carp-tele-canna-fissa-da-pesca-al-colpo.jpg;"Maver Ultra Carp Tele - Canna Fissa da Pesca al Colpo";8531B240;Home;0.000000;23;0;1
5121;https://www.mgfishing.eu//maver-lancer-canna-da-spinning.jpg;"Maver Lancer - Canna da Spinning";05834210;Home;0.000000;79.9;0;1
5120;https://www.mgfishing.eu//maver-laser-strong-handle-manico-da-guadino-telescopico.jpg;"Maver Laser Strong Handle - Manico da guadino telescopico";02046400;Home;0.000000;104.9;0;1
5119;https://www.mgfishing.eu//maver-elevator-handle-manico-telescopico-per-guadino.jpg;"Maver Elevator Handle - Manico Telescopico per Guadino";02045300;Home;0.000000;41.5;0;1
5118;https://www.mgfishing.eu//maver-cyber-arm-tele-manico-telescopico-per-guadino.jpg;"Maver Cyber Arm Tele - Manico Telescopico per Guadino";02044200;Home;0.000000;38;0;1
5117;https://www.mgfishing.eu//maver-superlithium-regular-mx-canna-bolognese.jpg;"Maver Superlithium Regular MX - Canna Bolognese";05838500;Home;0.000000;419;0;1
5116;https://www.mgfishing.eu//maver-superlithium-all-round-mx-con-anelli-canna-bolognese.jpg;"Maver Superlithium All Round MX con Anelli - Canna Bolognese";05839500;Home;0.000000;390;0;1
5115;https://www.mgfishing.eu/10598/maver-fodero-singolo-per-canna-da-pesca-custodia.jpg;"Maver Fodero Singolo per Canna da Pesca - Custodia";00053001;Home;0.000000;19.2;0;1
5114;https://www.mgfishing.eu//maver-reality-evo-2sec-canna-da-feeder.jpg;"Maver Reality Evo 2Sec. - Canna da Feeder";05829001;Home;0.000000;58;0;1
5113;https://www.mgfishing.eu//maver-portanassa-mv-r-eva-net-bag-borsa-portanasse.jpg;"Maver Portanassa MV-R EVA Net Bag - Borsa Portanasse";06109023;Home;0.000000;94.6;0;1
5112;https://www.mgfishing.eu//maver-legend-mulinello.jpg;"Maver Legend - Mulinello";809MLE20;Home;0.000000;119.9;0;1
5111;https://www.mgfishing.eu//maver-mulinello-thor-mulinello-con-doppia-clip-fermafilo.jpg;"Maver Mulinello Thor - Mulinello con Doppia Clip Fermafilo";809MTR30;Home;0.000000;119.9;0;1
5110;https://www.mgfishing.eu/10597/maver-bobina-di-ricambio-in-alluminio-accessorio-mulinello.jpg;"Maver Bobina di Ricambio in Alluminio - Accessorio Mulinello";809MBCS3;Home;0.000000;10;0;1
5109;https://www.mgfishing.eu//maver-nassa-reality-nassa-per-pesca-al-colpo.jpg;"Maver Nassa Reality - Nassa per Pesca al Colpo";08047250;Home;0.000000;95;0;1
5108;https://www.mgfishing.eu//maver-nassa-jurassic-pro-nassa-da-pesca.jpg;"Maver Nassa Jurassic Pro - Nassa da Pesca";08046250;Home;0.000000;119;0;1
5107;https://www.mgfishing.eu//maver-nassa-laser-pro-nassa-quadrata-da-pesca.jpg;"Maver Nassa Laser Pro - Nassa quadrata da pesca";08045400;Home;0.000000;134;0;1
5106;https://www.mgfishing.eu/10596/maver-kit-mv-r-specimen-competition-kit-canna-da-pesca-al-colpo.jpg;"Maver Kit MV-R Specimen Competition - Kit Canna da Pesca al Colpo";8719K003;Home;0.000000;484;0;1
5105;https://www.mgfishing.eu/10595/maver-mini-prolunga-competition-accessorio-per-kit-rbs-pesca-al-colpo.jpg;"Maver Mini Prolunga Competition - Accessorio per Kit RBS Pesca al colpo";8492C000;Home;0.000000;98;0;1
5104;https://www.mgfishing.eu/10594/maver-kit-mv-r-k31-kit-canna-da-pesca-al-colpo.jpg;"Maver Kit MV-R K31 - Kit Canna da Pesca al Colpo";8505K003;Home;0.000000;486;0;1
5103;https://www.mgfishing.eu/10593/maver-kit-mv-r-k61-kit-canne-da-pesca-al-colpo.jpg;"Maver Kit MV-R K61 - Kit Canne da Pesca al Colpo";8506K003;Home;0.000000;418;0;1
5102;https://www.mgfishing.eu/10592/maver-strategic-paste-pastarello-da-innesco.jpg;"Maver Strategic Paste - Pastarello da Innesco";9037S001;Home;0.000000;4.6;0;1
5101;https://www.mgfishing.eu//maver-polo-passion-abbigliamento-da-pesca.jpg;"Maver Polo Passion - Abbigliamento da Pesca";1609600S;Home;0.000000;24;0;1
5100;https://www.mgfishing.eu/10591/maver-balanced-hardbaits-esche-per-carpfishing.jpg;"Maver Balanced Hardbaits - Esche per Carpfishing";7572S001;Home;0.000000;11.6;0;1
5099;https://www.mgfishing.eu//maver-mulinello-brutale-mulinello-da-spinning-e-pesca-varie.jpg;"Maver Mulinello Brutale - Mulinello da Spinning e Pesca Varie";809MBR20;Home;0.000000;35;0;1
5098;https://www.mgfishing.eu/10590/maver-signature-q-r-single-accessory-arm-braccio-accessorio-con-sgancio-rapido.jpg;"Maver Signature Q/R Single Accessory Arm - Braccio Accessorio con Sgancio Rapido";790A0123;Home;0.000000;21;0;1
5097;https://www.mgfishing.eu/10589/maver-signature-q-r-braccio-accessorio-doppio-accessorio-per-panieri.jpg;"Maver Signature Q/R Braccio Accessorio Doppio - Accessorio per Panieri";790A0118;Home;0.000000;28;0;1
5096;https://www.mgfishing.eu//maver-recast-rx-evo-canna-da-spinning.jpg;"Maver Recast RX-Evo - Canna da Spinning";4768B063;Home;0.000000;58;0;1
5095;https://www.mgfishing.eu/10583/maver-zero-dumbel-3mm-esche-per-feeder.jpg;"Maver Zero Dumbel 3mm - Esche per Feeder";7573S001;Home;0.000000;9.9;0;1
5094;https://www.mgfishing.eu/10582/maver-pro-expert-pop-ups-esche-galleggianti-da-carpfishing.jpg;"Maver Pro Expert Pop Ups - Esche Galleggianti da Carpfishing";7571S001;Home;0.000000;12.58;0;1
5093;https://www.mgfishing.eu/10581/maver-signature-feeding-boilies-esche-pastura.jpg;"Maver Signature Feeding Boilies - Esche Pastura";7570S003;Home;0.000000;37.66;0;1
5092;https://www.mgfishing.eu//maver-grizzly-123-evo-canna-bolognese.jpg;"Maver Grizzly 123 Evo - Canna Bolognese";05647600;Home;0.000000;598.5;0;1
5091;https://www.mgfishing.eu//maver-grizzly-23-canna-da-spinning.jpg;"Maver Grizzly 23 - Canna da Spinning";05646600;Home;0.000000;477.8;0;1
5090;https://www.mgfishing.eu/10579/maver-aroma-zero-10ml-n-butiric-acid-essenza-per-esche.jpg;"Maver Aroma Zero 10ml N-Butiric Acid - Essenza per esche";5047S001;Home;0.000000;8;0;1
5089;https://www.mgfishing.eu/10578/maver-zero-dumbel-9mm-esche-da-feeder.jpg;"Maver Zero Dumbel 9mm - Esche da Feeder";7569S001;Home;0.000000;9.9;0;1
5088;https://www.mgfishing.eu/10588/daiwa-25-ballistic-air-lt-mulinello-spinning.jpg;"Daiwa 25 Ballistic Air LT - Mulinello Spinning";;"Mulinelli Da Pesca";0.000000;189.9;250;0
5087;https://www.mgfishing.eu/10577/maver-zero-dumbel-7mm-pink-fluo-esche-method-feeder.jpg;"Maver Zero Dumbel 7mm Pink Fluo - Esche Method Feeder";7568S001;Home;0.000000;9.9;0;1
5086;https://www.mgfishing.eu/10576/maver-zero-dumbel-5mm-esche-da-feeder.jpg;"Maver Zero Dumbel 5mm - Esche da Feeder";7567S001;Home;0.000000;9.9;0;1
5085;https://www.mgfishing.eu/10575/maver-zero-mixed-esche-neutre-per-carpfishing.jpg;"Maver Zero Mixed - Esche Neutre per Carpfishing";7566S001;Home;0.000000;11.1;0;1
5084;https://www.mgfishing.eu/10574/maver-signature-feeding-boilies-boilies-per-pasturazione.jpg;"Maver Signature Feeding Boilies - Boilies per Pasturazione";7565S001;Home;0.000000;37.66;0;1
5083;https://www.mgfishing.eu//maver-mini-biconica-x2-kit-rbs-pesca-al-colpo.jpg;"Maver Mini Biconica X2 - Kit RBS Pesca al colpo";8718C001;Home;0.000000;124;0;1
5082;https://www.mgfishing.eu//maver-mini-biconica-x3-kit-rbs-pesca-al-colpo.jpg;"Maver Mini Biconica X3 - Kit RBS Pesca al colpo";8717C000;Home;0.000000;90;0;1
5081;https://www.mgfishing.eu//maver-mini-biconica-k3-canna-da-pesca-kit-rbs-colpo.jpg;"Maver Mini Biconica K3 - Canna da Pesca Kit RBS Colpo";8716C000;Home;0.000000;88;0;1
5080;https://www.mgfishing.eu//maver-mini-prolunga-ablette-plus-kit-rbs-pesca-al-colpo.jpg;"Maver Mini Prolunga Ablette Plus - Kit RBS Pesca al Colpo";8487C000;Home;0.000000;32;0;1
5079;https://www.mgfishing.eu//maver-mini-prolunga-euro-carp-fx-prolunga-per-canna-da-pesca.jpg;"Maver Mini Prolunga Euro Carp FX - Prolunga per Canna da Pesca";8484C000;Home;0.000000;48;0;1
5078;https://www.mgfishing.eu/10572/maver-panchetto-hyperlite-front-drawer-paniera-pesca-al-colpo.jpg;"Maver Panchetto Hyperlite Front Drawer - Paniera Pesca al Colpo";779FSAL1;Home;0.000000;1640;0;1
5077;https://www.mgfishing.eu/10568/maver-black-diavel-surf-canna-surfcasting.jpg;"Maver Black Diavel Surf - Canna Surfcasting";8430B001;Home;0.000000;350;0;1
5076;https://www.mgfishing.eu/10564/maver-heavy-casting-2sec-spigot-13-8-ft-5-8oz-canna-surfcasting.jpg;"Maver Heavy Casting 2sec. Spigot 13'8'ft 5-8oz - Canna Surfcasting";8436B001;Home;0.000000;299;0;1
5075;https://www.mgfishing.eu//maver-game-over-surf-2sec-put-in-13-8-ft-4-8oz-con-anelli-canna-surfcasting.jpg;"Maver Game Over Surf 2sec. Put in 13'8'ft 4-8oz con Anelli - Canna Surfcasting";05802001;Home;0.000000;332;0;1
5074;https://www.mgfishing.eu/10560/maver-laser-surf-canna-surfcasting.jpg;"Maver Laser Surf - Canna Surfcasting";8432B001;Home;0.000000;234;0;1
5073;https://www.mgfishing.eu//maver-canna-darkside-jp33-canna-surfcasting.jpg;"Maver Canna Darkside JP33 - Canna Surfcasting";05825001;Home;0.000000;500;0;1
5072;https://www.mgfishing.eu//maver-completo-sportivo-da-pesca-abbigliamento-tecnico.jpg;"Maver Completo Sportivo da Pesca - Abbigliamento Tecnico";1609500S;Home;0.000000;119;0;1
5071;https://www.mgfishing.eu/10559/maver-hard-baits-dangerous-esche-artificiali-per-spinning.jpg;"Maver Hard Baits Dangerous - Esche Artificiali per Spinning";9185A002;Home;0.000000;8.9;0;1
5070;https://www.mgfishing.eu//maver-wanted-artificiale-hard-baits-per-spinning.jpg;"Maver Wanted - Artificiale Hard Baits per Spinning";9184A001;Home;0.000000;8.9;0;1
5069;https://www.mgfishing.eu/10558/maver-reality-side-tray-piatto-per-paniere-e-tripode.jpg;"Maver Reality Side Tray - Piatto per Paniere e Tripode";790A0102;Home;0.000000;14.8;0;1
5068;https://www.mgfishing.eu/10557/maver-mv-r-anelli-split-per-girelle.jpg;"Maver MV-R - Anelli Split per Girelle";01575001;Home;0.000000;2;0;1
5067;https://www.mgfishing.eu//maver-giacca-termica-invernale-abbigliamento-da-pesca.jpg;"Maver Giacca Termica Invernale - Abbigliamento da Pesca";1641000M;Home;0.000000;134;0;1
5066;https://www.mgfishing.eu/10556/maver-bobina-di-ricambio-darkside-10000-bobina-mulinello.jpg;"Maver Bobina di Ricambio Darkside 10000 - Bobina Mulinello";809MBD10;Home;0.000000;19;0;1
5065;https://www.mgfishing.eu/10555/maver-bobina-di-ricambio-caster-10000-bobina-mulinello.jpg;"Maver Bobina di Ricambio Caster 10000 - Bobina Mulinello";809MBCA1;Home;0.000000;7.6;0;1
5064;https://www.mgfishing.eu//maver-reality-mulinello-front-drag.jpg;"Maver Reality - Mulinello Front Drag";809MREA1;Home;0.000000;57;0;1
5063;https://www.mgfishing.eu//maver-thunder-mulinello-polivalente.jpg;"Maver Thunder - Mulinello Polivalente";809MTH20;Home;0.000000;28;0;1
5062;https://www.mgfishing.eu//maver-rig-box-katana-scatola-porta-finali.jpg;"Maver Rig Box Katana - Scatola Porta Finali";06128003;Home;0.000000;15.9;0;1
5061;https://www.mgfishing.eu//maver-rig-box-scatola-porta-finali.jpg;"Maver Rig Box - Scatola Porta Finali";06128001;Home;0.000000;9;0;1
5060;https://www.mgfishing.eu//maver-mini-biconica-r1-kit-per-pesca-al-colpo.jpg;"Maver Mini Biconica R1 - Kit per Pesca al Colpo";8719C000;Home;0.000000;111.86;0;1
5059;https://www.mgfishing.eu//maver-alborella-sx-canna-da-pesca-al-colpo.jpg;"Maver Alborella SX - Canna da Pesca al Colpo";4759B200;Home;0.000000;33;0;1
5058;https://www.mgfishing.eu//maver-super-veloce-mx-senza-anelli-canna-bolognese.jpg;"Maver Super Veloce MX senza Anelli - Canna Bolognese";4756B800;Home;0.000000;254;0;1
5057;https://www.mgfishing.eu//maver-jurassic-match-medium-canna-da-spinning.jpg;"Maver Jurassic Match Medium - Canna da Spinning";05816001;Home;0.000000;293;0;1
5056;https://www.mgfishing.eu//maver-canna-jurassic-match-light-canna-inglese.jpg;"Maver Canna Jurassic Match Light - Canna Inglese";05815001;Home;0.000000;242.6;0;1
5055;https://www.mgfishing.eu//maver-darkside-play-canna-surfcasting.jpg;"Maver Darkside Play - Canna Surfcasting";05797001;Home;0.000000;374;0;1
5054;https://www.mgfishing.eu/10554/maver-salmerino-spoon-recast-esche-artificiali-spoon-spinning.jpg;"Maver Salmerino Spoon Recast - Esche Artificiali Spoon Spinning";9179A001;Home;0.000000;2.1;0;1
5053;https://www.mgfishing.eu/10553/maver-albina-spoon-recast-esche-artificiali-spoon.jpg;"Maver Albina Spoon Recast - Esche Artificiali Spoon";9178A001;Home;0.000000;4.99;0;1
5052;https://www.mgfishing.eu/10552/maver-lacustre-spoon-18g-esche-artificiali-spoon.jpg;"Maver Lacustre Spoon 1.8g - Esche Artificiali Spoon";9177A001;Home;0.000000;4.99;0;1
5051;https://www.mgfishing.eu/10551/maver-iridea-spoon-recast-esche-artificiali-spoon.jpg;"Maver Iridea Spoon Recast - Esche Artificiali Spoon";9176A001;Home;0.000000;4.99;0;1
5050;https://www.mgfishing.eu/10550/maver-fario-spoon-recast-esche-artificiali-per-trout-area.jpg;"Maver Fario Spoon Recast - Esche Artificiali per Trout Area";9175A001;Home;0.000000;4.99;0;1
5049;https://www.mgfishing.eu/10549/maver-rambo-spoon-esche-artificiali-spoon-spinning.jpg;"Maver Rambo Spoon - Esche Artificiali Spoon Spinning";9174A001;Home;0.000000;4.99;0;1
5048;https://www.mgfishing.eu/10548/maver-nano-wafters-boilies-per-feeder-e-specimen.jpg;"Maver Nano Wafters - Boilies per Feeder e Specimen";9036S000;Home;0.000000;3;0;1
5047;https://www.mgfishing.eu//maver-reality-sl-canna-fissa-pesca-al-colpo.jpg;"Maver Reality SL - Canna Fissa Pesca al Colpo";8449B500;Home;0.000000;223;0;1
5046;https://www.mgfishing.eu//maver-dragon-sl-canna-fissa-da-pesca-al-colpo.jpg;"Maver Dragon SL - Canna fissa da pesca al colpo";8448B400;Home;0.000000;77;0;1
5045;https://www.mgfishing.eu//maver-mistika-sl-canna-fissa-da-pesca-al-colpo.jpg;"Maver Mistika SL - Canna fissa da pesca al colpo";8447B500;Home;0.000000;58;0;1
5044;https://www.mgfishing.eu/10544/maver-mini-rbs-carp-force-canna-roubasienne.jpg;"Maver Mini RBS Carp Force - Canna Roubasienne";8439B400;Home;0.000000;99;0;1
5043;https://www.mgfishing.eu//maver-start-mulinello-multifunzione.jpg;"Maver Start - Mulinello multifunzione";809MST20;Home;0.000000;38;0;1
5042;https://www.mgfishing.eu//maver-mulinello-ostellato-mulinello-da-feeder.jpg;"Maver Mulinello Ostellato - Mulinello da Feeder";809MOS40;Home;0.000000;56;0;1
5041;https://www.mgfishing.eu//maver-laser-mulinello-da-pesca.jpg;"Maver Laser - Mulinello da Pesca";809MLA20;Home;0.000000;48;0;1
5040;https://www.mgfishing.eu//maver-furia-mulinello-da-spinning.jpg;"Maver Furia - Mulinello da Spinning";809MFU20;Home;0.000000;47;0;1
5039;https://www.mgfishing.eu//maver-supporto-regolabile-accessori-braccio-a-l-per-panieri.jpg;"Maver Supporto Regolabile Accessori - Braccio a L per Panieri";790A0070;Home;0.000000;29.9;0;1
5038;https://www.mgfishing.eu//maver-water-bombs-boilies-da-innesco-per-carpfishing.jpg;"Maver Water Bombs - Boilies da Innesco per Carpfishing";7557S001;Home;0.000000;10.8;0;1
5037;https://www.mgfishing.eu/10543/maver-fluo-amino-blob-baits-125ml-attrattore-per-esche.jpg;"Maver Fluo Amino Blob Baits 125ml - Attrattore per Esche";5045S091;Home;0.000000;15.9;0;1
5036;https://www.mgfishing.eu/10542/maver-fluo-aminos-water-smoke-attrattore-liquido-aminoacidico.jpg;"Maver Fluo Aminos Water Smoke - Attrattore Liquido Aminoacidico";5044S091;Home;0.000000;14.9;0;1
5035;https://www.mgfishing.eu/10541/maver-drilla-hookbaits-8mm-60g-pellet-forati.jpg;"Maver Drilla Hookbaits 8mm 60g - Pellet Forati";5043S081;Home;0.000000;8.98;0;1
5034;https://www.mgfishing.eu/10540/maver-tigers-xxl-150g-esche-per-carpfishing.jpg;"Maver Tigers XXL 150g - Esche per Carpfishing";5043S001;Home;0.000000;14.78;0;1
5033;https://www.mgfishing.eu//maver-pantaloncini-reactor-abbigliamento-da-pesca.jpg;"Maver Pantaloncini Reactor - Abbigliamento da Pesca";1640900S;Home;0.000000;45;0;1
5032;https://www.mgfishing.eu//maver-giacca-in-pile-tecnica-abbigliamento-da-pesca.jpg;"Maver Giacca in Pile Tecnica - Abbigliamento da Pesca";1640800S;Home;0.000000;52.6;0;1
5031;https://www.mgfishing.eu//maver-giacca-softshell-resistente-all-umidita-abbigliamento-da-pesca.jpg;"Maver Giacca Softshell Resistente all'Umidità - Abbigliamento da Pesca";1640700S;Home;0.000000;58;0;1
5030;https://www.mgfishing.eu//maver-felpa-reactor-felpa-a-girocollo-con-cappuccio.jpg;"Maver Felpa Reactor - Felpa a Girocollo con Cappuccio";1609400S;Home;0.000000;33.8;0;1
5029;https://www.mgfishing.eu//maver-reactor-t-shirt-da-pesca-primavera-estate.jpg;"Maver Reactor - T-Shirt da Pesca Primavera-Estate";1609300S;Home;0.000000;9.8;0;1
5028;https://www.mgfishing.eu//maver-team-set-evo-t-shirt-da-pesca.jpg;"Maver Team Set Evo - T-Shirt da Pesca";1609200M;Home;0.000000;14;0;1
5027;https://www.mgfishing.eu//maver-polo-team-set-evo-polo-leggera-da-pesca.jpg;"Maver Polo Team Set Evo - Polo Leggera da Pesca";1609100M;Home;0.000000;16;0;1
5026;https://www.mgfishing.eu//maver-maglietta-verde-mela-bambino-8-11-anni-abbigliamento-da-pesca.jpg;"Maver Maglietta Verde Mela Bambino 8-11 Anni - Abbigliamento da Pesca";15975011;Home;0.000000;10.6;0;1
5025;https://www.mgfishing.eu//maver-reality-smart-bag-borsa-accessori-pesca.jpg;"Maver Reality Smart Bag - Borsa Accessori Pesca";06108018;Home;0.000000;21.8;0;1
5024;https://www.mgfishing.eu//maver-evanon-feeder-3sec-canna-da-feeder.jpg;"Maver Evanon Feeder 3Sec. - Canna da Feeder";05814001;Home;0.000000;313.5;0;1
5023;https://www.mgfishing.eu//maver-stealth-blx-canna-bolognese.jpg;"Maver Stealth Blx - Canna Bolognese";05786400;Home;0.000000;43;0;1
5022;https://www.mgfishing.eu//maver-audace-bolo-con-anelli-canna-bolognese.jpg;"Maver Audace Bolo con Anelli - Canna Bolognese";05785500;Home;0.000000;176;0;1
5021;https://www.mgfishing.eu//maver-laser-match-canna-inglese.jpg;"Maver Laser Match - Canna Inglese";05781420;Home;0.000000;198.6;0;1
5020;https://www.mgfishing.eu/10539/maver-roky-universal-con-anelli-casting-10g-4m-canna-universale.jpg;"Maver Roky Universal con Anelli Casting 10g 4m - Canna Universale";05725001;Home;0.000000;69;0;1
5019;https://www.mgfishing.eu//maver-testa-di-guadino-laser-gummy-testa-di-guadino.jpg;"Maver Testa di Guadino Laser Gummy - Testa di Guadino";01962001;Home;0.000000;31;0;1
5018;https://www.mgfishing.eu//maver-setaccio-mv-r-setaccio-per-pastura.jpg;"Maver Setaccio MV-R - Setaccio per Pastura";01059002;Home;0.000000;24;0;1
5017;https://www.mgfishing.eu//maver-boccola-in-alluminio-per-accessori-spinning.jpg;"Maver Boccola in Alluminio per Accessori Spinning";00902005;Home;0.000000;3.8;0;1
5016;https://www.mgfishing.eu//maver-method-mold-piombo-per-feeder.jpg;"Maver Method Mold - Piombo per Feeder";00433000;Home;0.000000;7.7;0;1
5015;https://www.mgfishing.eu//maver-metal-net-feeder-piombo-piombi-feeder.jpg;"Maver Metal Net Feeder - Piombo Piombi Feeder";00408015;Home;0.000000;3.92;0;1
5014;https://www.mgfishing.eu//maver-maggot-feeder-piombo-pasturatore-da-feeder.jpg;"Maver Maggot Feeder - Piombo Pasturatore da Feeder";0040630L;Home;0.000000;4;0;1
5013;https://www.mgfishing.eu//maver-pellet-feeder-piombo-feeder.jpg;"Maver Pellet Feeder - Piombo Feeder";0040420S;Home;0.000000;3.5;0;1
5012;https://www.mgfishing.eu//maver-kit-mv-r-k21-kit-rbs-pesca-al-colpo.jpg;"Maver Kit MV-R K21 - Kit RBS Pesca al colpo";8714K003;Home;0.000000;460;0;1
5011;https://www.mgfishing.eu//maver-kit-mv-r-k41-kit-canne-da-pesca.jpg;"Maver Kit MV-R K41 - Kit Canne da Pesca";8713K003;Home;0.000000;430;0;1
5010;https://www.mgfishing.eu//maver-kit-mv-r-s-serie-s-kit-rbs-pesca-al-colpo.jpg;"Maver Kit MV-R S Serie S - Kit RBS Pesca al Colpo";8712K003;Home;0.000000;338;0;1
5009;https://www.mgfishing.eu//maver-kit-mv-r-serie-s-kit-rbs-pesca-al-colpo.jpg;"Maver Kit MV-R Serie S - Kit RBS Pesca al colpo";8711K004;Home;0.000000;440;0;1
5008;https://www.mgfishing.eu//maver-kit-mv-r-serie-s-kit-di-canne-da-pesca-a-sezioni.jpg;"Maver Kit MV-R Serie S - Kit di Canne da Pesca a Sezioni";8710K004;Home;0.000000;800;0;1
5007;https://www.mgfishing.eu//maver-jurassic-large-method-piombo-da-feeder.jpg;"Maver Jurassic Large Method - Piombo da Feeder";00432030;Home;0.000000;4.5;0;1
5006;https://www.mgfishing.eu//maver-jurassic-small-method-piombo-method-feeder.jpg;"Maver Jurassic Small Method - Piombo Method Feeder";00431020;Home;0.000000;4.2;0;1
5005;https://www.mgfishing.eu//maver-jurassic-feeder-links-terminale-per-feeder.jpg;"Maver Jurassic Feeder Links - Terminale per Feeder";00430001;Home;0.000000;7.8;0;1
5004;https://www.mgfishing.eu//maver-jurassic-open-end-pasturatore-da-feeder.jpg;"Maver Jurassic Open-End - Pasturatore da Feeder";00428040;Home;0.000000;2;0;1
5003;https://www.mgfishing.eu//maver-jurassic-open-end-pasturatore-feeder.jpg;"Maver Jurassic Open-End - Pasturatore Feeder";00427050;Home;0.000000;2;0;1
5002;https://www.mgfishing.eu//maver-jurassic-bullet-feeder-piombo-per-feeder.jpg;"Maver Jurassic Bullet Feeder - Piombo per Feeder";00425030;Home;0.000000;4.6;0;1
5001;https://www.mgfishing.eu//maver-jurassic-bullet-piombo-feeder.jpg;"Maver Jurassic Bullet - Piombo Feeder";00424030;Home;0.000000;2.9;0;1
5000;https://www.mgfishing.eu//maver-jurassic-bullet-piombo-feeder.jpg;"Maver Jurassic Bullet - Piombo Feeder";00423030;Home;0.000000;2.9;0;1
4999;https://www.mgfishing.eu//maver-jurassic-distance-feeder-pasturatore-da-feeder.jpg;"Maver Jurassic Distance Feeder - Pasturatore da Feeder";00422030;Home;0.000000;4.6;0;1
4998;https://www.mgfishing.eu//maver-jurassic-distance-feeder-pasturatore-da-feeder.jpg;"Maver Jurassic Distance Feeder - Pasturatore da Feeder";00421030;Home;0.000000;4.6;0;1
4997;https://www.mgfishing.eu//maver-jurassic-distance-feeder-piombo-feeder.jpg;"Maver Jurassic Distance Feeder - Piombo Feeder";00420030;Home;0.000000;2.9;0;1
4996;https://www.mgfishing.eu//maver-jurassic-capped-big-cage-pasturatore-feeder.jpg;"Maver Jurassic Capped Big Cage - Pasturatore Feeder";00419001;Home;0.000000;5.4;0;1
4995;https://www.mgfishing.eu//maver-jurassic-capped-big-cage-piombi-feeder.jpg;"Maver Jurassic Capped Big Cage - Piombi Feeder";00418015;Home;0.000000;7.6;0;1
4994;https://www.mgfishing.eu//maver-jurassic-xl-big-cage-feeder-piombo-feeder.jpg;"Maver Jurassic XL Big Cage Feeder - Piombo Feeder";00417015;Home;0.000000;6.7;0;1
4993;https://www.mgfishing.eu/10535/daiwa-24-luvias-st-sf-mulinello-spinning.jpg;"Daiwa 24 Luvias LT - Mulinello Spinning";;"Mulinelli Da Pesca";0.000000;304.9;103;0
4992;https://www.mgfishing.eu/10531/daiwa-26-certate-hd-.jpg;"Daiwa 26 Certate HD - Mulinello Spinning";;"Mulinelli Da Pesca";0.000000;459.9;79;0
4990;https://www.mgfishing.eu/10528/daiwa-22-exist-lt-mulinello-spinning-top-di-gamma.jpg;"Daiwa 22 Exist LT - Mulinello Spinning Top di Gamma";;"Mulinelli Da Pesca";0.000000;719;29;0
4989;https://www.mgfishing.eu/10525/tubertini-vitality-3-canna-da-traina.jpg;"Tubertini Vitality 3 - Canna da Traina";04587xx;Home;0.000000;133;5;0
4988;https://www.mgfishing.eu//maver-jurassic-cage-feeder-river-pasturatore-per-fiumi.jpg;"Maver Jurassic Cage Feeder River - Pasturatore per Fiumi";00416040;Home;0.000000;3.2;0;1
4987;https://www.mgfishing.eu//maver-jurassic-cage-feeder-pasturatore-a-rete-metallica.jpg;"Maver Jurassic Cage Feeder - Pasturatore a Rete Metallica";00415030;Home;0.000000;3.2;162;0
4986;https://www.mgfishing.eu//maver-jurassic-cage-feeder-pasturatore-a-rete-metallica.jpg;"Maver Jurassic Cage Feeder - Pasturatore a Rete Metallica";00414020;Home;0.000000;3.1;31;0
4985;https://www.mgfishing.eu//maver-jurassic-cage-feeder-pasturatore-a-rete-metallica.jpg;"Maver Jurassic Cage Feeder - Pasturatore a Rete Metallica";00413020;Home;0.000000;3;148;0
4984;https://www.mgfishing.eu//maver-turner-canna-da-traina.jpg;"Maver Turner - Canna da Traina";05740000;Home;0.000000;102;403;0
4982;https://www.mgfishing.eu//maver-nassa-mv-r-prime-nassa-rotonda-da-pesca.jpg;"Maver Nassa MV-R Prime - Nassa Rotonda da Pesca";08042200;Home;0.000000;70;0;1
4981;https://www.mgfishing.eu/10521/maver-tsunami-surf-canna-surfcasting.jpg;"Maver Tsunami Surf - Canna Surfcasting";05735001;Home;0.000000;269;75;0
4980;https://www.mgfishing.eu//maver-mv-r-shock-leader-monofilo-per-shock-leader.jpg;"Maver MV-R Shock Leader - Monofilo per Shock Leader";00926024;Home;0.000000;12.1;2274;0
4979;https://www.mgfishing.eu//maver-mv-r-low-stretch-feeder-line-filo-monofilamento-per-feeder.jpg;"Maver MV-R Low Stretch Feeder Line - Filo Monofilamento per Feeder";00925020;Home;0.000000;20.8;214;0
4978;https://www.mgfishing.eu/10520/maver-r-soft-dumbell-esche-attrattive-per-feeder-e-carpfishing.jpg;"Maver R-Soft Dumbell - Esche Attrattive per Feeder e Carpfishing";5030S005;Home;0.000000;2.6;922;0
4977;https://www.mgfishing.eu//maver-mv-r-eva-thermal-bag-borsa-termica-da-pesca.jpg;"Maver MV-R Eva Thermal Bag - Borsa Termica da Pesca";06109020;Home;0.000000;106;0;1
4976;https://www.mgfishing.eu/10519/maver-nano-soft-wafters-pellet-morbido-da-feeder.jpg;"Maver Nano Soft Wafters - Pellet morbido da Feeder";9035S000;Home;0.000000;2.8;256;0
4975;https://www.mgfishing.eu//maver-signature-sxi-pomello-di-ricambio.jpg;"Maver Signature SXi - Pomello di Ricambio";790A0080;Home;0.000000;2.7;0;1
4974;https://www.mgfishing.eu/10518/maver-signature-pop-up-80g-15mm-esche-pop-up-per-carpfishing.jpg;"Maver Signature Pop Up 80g 15mm - Esche Pop Up per Carpfishing";5110S015;Home;0.000000;8;133;0
4973;https://www.mgfishing.eu//maver-powelite-tele-canna-surfcasting.jpg;"Maver Powelite Tele - Canna Surfcasting";8437B003;Home;0.000000;280;0;1
4972;https://www.mgfishing.eu//maver-powerlite-tele-beach-canna-surfcasting.jpg;"Maver Powerlite Tele Beach - Canna Surfcasting";8437B001;Home;0.000000;252;6;0
4971;https://www.mgfishing.eu//maver-mv-r-metal-net-piombo-feeder.jpg;"Maver MV-R Metal Net - Piombo Feeder";00409020;Home;0.000000;3.92;0;1
4970;https://www.mgfishing.eu//maver-superlithium-power-mx-canna-bolognese.jpg;"Maver Superlithium Power MX - Canna Bolognese";05796600;Home;0.000000;318;0;1
4969;https://www.mgfishing.eu//maver-superlithium-medium-mx-canna-bolognese.jpg;"Maver Superlithium Medium MX - Canna Bolognese";05795700;Home;0.000000;430;0;1
4968;https://www.mgfishing.eu//maver-superlithium-light-mx-canna-bolognese.jpg;"Maver Superlithium Light MX - Canna Bolognese";05794600;Home;0.000000;318;26;0
4967;https://www.mgfishing.eu/10517/maver-fruit-lazy-hemp-500g-canapa-selezionata-per-carpfishing.jpg;"Maver Fruit Lazy Hemp 500g - Canapa Selezionata per Carpfishing";5042S002;Home;0.000000;9.8;303;0
4964;https://www.mgfishing.eu//maver-dragon-boat-canna-da-barca-per-bolentino-e-drifting.jpg;"Maver Dragon Boat - Canna da Barca per Bolentino e Drifting";05775001;Home;0.000000;84;44;0
4963;https://www.mgfishing.eu//maver-powerlite-feeder-canna-da-feeder.jpg;"Maver Powerlite Feeder - Canna da Feeder";05765002;Home;0.000000;82;33;0
4962;https://www.mgfishing.eu//maver-barbel-specialist-canna-da-feeder.jpg;"Maver Barbel Specialist - Canna da Feeder";05762001;Home;0.000000;94;167;0
4961;https://www.mgfishing.eu//maver-heavy-duty-carp-2sec-3lbs-360m-con-anelli-canna-da-carpfishing.jpg;"Maver Heavy Duty Carp 2sec. 3lbs 3.60m con Anelli - Canna da Carpfishing";05760001;Home;0.000000;90;178;0
4960;https://www.mgfishing.eu//maver-reactorlite-feeder-canna-da-feeder.jpg;"Maver Reactorlite Feeder - Canna da Feeder";05771001;Home;0.000000;173;67;0
4959;https://www.mgfishing.eu//maver-reactorlite-feeder-2sec-canna-da-feeder.jpg;"Maver Reactorlite Feeder 2sec. - Canna da Feeder";05770001;Home;0.000000;155;22;0
4958;https://www.mgfishing.eu//maver-giacca-softshell-performance-abbigliamento-da-pesca.jpg;"Maver Giacca Softshell Performance - Abbigliamento da Pesca";1640400L;Home;0.000000;154;248;0
4957;https://www.mgfishing.eu//maver-mvr25-waterproof-bib-brace-salopette-impermeabile.jpg;"Maver MVR25 Waterproof Bib & Brace - Salopette Impermeabile";1640600L;Home;0.000000;209;0;1
4956;https://www.mgfishing.eu//maver-giacca-impermeabile-mv-r-25-abbigliamento-da-pesca-tecnico.jpg;"Maver Giacca Impermeabile MV-R 25 - Abbigliamento da Pesca Tecnico";1640500L;Home;0.000000;219;8;0
4955;https://www.mgfishing.eu//maver-area-spoon-2sec-con-anelli-03-5g-canna-da-spinning.jpg;"Maver Area Spoon 2sec. con Anelli 0.3-5g - Canna da Spinning";05769001;Home;0.000000;79;0;1
4954;https://www.mgfishing.eu//maver-dragonair-spin-off-set-canna-da-spinning.jpg;"Maver Dragonair Spin Off Set - Canna da Spinning";05773225;Home;0.000000;53;0;1
4953;https://www.mgfishing.eu//maver-ultra-boat-2sec-con-anelli-canna-barca.jpg;"Maver Ultra Boat 2sec. con anelli - Canna Barca";05774001;Home;0.000000;27.8;0;1
4952;https://www.mgfishing.eu/10513/maver-start-trl-con-anelli-canna-trota-lago.jpg;"Maver Start TRL con Anelli - Canna Trota Lago";05776001;Home;0.000000;55;76;0
4951;https://www.mgfishing.eu//maver-easy-bolo-canna-bolognese.jpg;"Maver Easy Bolo - Canna Bolognese";05764400;Home;0.000000;62;40;0
4950;https://www.mgfishing.eu//maver-diamond-bolo-con-anelli-canna-bolognese.jpg;"Maver Diamond Bolo con Anelli - Canna Bolognese";05761500;Home;0.000000;129;0;1
4949;https://www.mgfishing.eu//maver-zarta-bolognese-canna-bolognese.jpg;"Maver Zarta Bolognese - Canna Bolognese";05778500;Home;0.000000;179;103;0
4948;https://www.mgfishing.eu//maver-kit-reality-k300-kit-canne-da-pesca.jpg;"Maver Kit Reality K300 - Kit Canne da Pesca";8707K003;Home;0.000000;120;0;1
4947;https://www.mgfishing.eu//maver-kit-reality-k200-kit-da-pesca-al-colpo.jpg;"Maver Kit Reality K200 - Kit da Pesca al Colpo";8706K002;Home;0.000000;109;1;0
4946;https://www.mgfishing.eu//maver-kit-reality-k100-2pz-kit-pesca-con-elastici.jpg;"Maver Kit Reality K100 2pz. - Kit Pesca con Elastici";8705K002;Home;0.000000;99;0;1
4945;https://www.mgfishing.eu//maver-travel-scogliera-tele-canna-surfcasting.jpg;"Maver Travel Scogliera Tele - Canna Surfcasting";05763001;Home;0.000000;59.99;164;0
4944;https://www.mgfishing.eu//maver-darkside-spain-44m-250g-put-over-con-anelli-canna-surfcasting.jpg;"Maver Darkside Spain 4.4m 250g Put Over con Anelli - Canna Surfcasting";05701007;Home;0.000000;478;0;1
4943;https://www.mgfishing.eu//maver-mv-r-teleboat-con-anelli-canna-barca-bolentino.jpg;"Maver MV-R TeleBoat con Anelli - Canna Barca Bolentino";05772300;Home;0.000000;60;143;0
4942;https://www.mgfishing.eu//maver-sigma-strong-manico-telescopico-per-guadino.jpg;"Maver Sigma Strong - Manico Telescopico per Guadino";02036400;Home;0.000000;96;0;1
4941;https://www.mgfishing.eu//maver-spool-reel-mv-r-bobina-di-ricambio-in-alluminio.jpg;"Maver Spool Reel MV-R - Bobina di Ricambio in Alluminio";809SMVR1;Home;0.000000;13.2;948;0
4940;https://www.mgfishing.eu/10512/maver-liquid-food-real-glm-250ml-esche-liquide-per-pasturazione.jpg;"Maver Liquid Food Real GLM 250ml - Esche Liquide per Pasturazione";3755S000;Home;0.000000;22;51;0
4939;https://www.mgfishing.eu//maver-nassa-easy-flow-river-nassa-per-pesca-in-fiume.jpg;"Maver Nassa Easy Flow River - Nassa per Pesca in Fiume";08040300;Home;0.000000;54;0;1
4938;https://www.mgfishing.eu//maver-prolunga-pole-nightmare-accessorio-pesca-al-colpo.jpg;"Maver Prolunga Pole Nightmare - Accessorio Pesca al Colpo";8423C000;Home;0.000000;88;2;0
4937;https://www.mgfishing.eu/10511/maver-mini-prolunga-pole-golem-kit-rbs-pesca-al-colpo.jpg;"Maver Mini Prolunga Pole Golem - Kit RBS Pesca al colpo";8418C000;Home;0.000000;125;1;0
4936;https://www.mgfishing.eu//maver-kit-mv-r-kit-canne-da-pesca-per-pesca-al-colpo.jpg;"Maver Kit MV-R - Kit Canne da Pesca per Pesca al Colpo";8200K004;Home;0.000000;218;0;1
4935;https://www.mgfishing.eu//maver-jurassic-long-legend-artificiale-jig.jpg;"Maver Jurassic Long Legend - Artificiale Jig";9394A200;Home;0.000000;2;0;1
4934;https://www.mgfishing.eu//maver-jurassic-jig-rock-color-artificiale-jig.jpg;"Maver Jurassic Jig Rock Color - Artificiale Jig";9312A180;Home;0.000000;2;0;1
4933;https://www.mgfishing.eu//maver-artificiale-jig-jurassic-long-legend-esca-artificiale.jpg;"Maver Artificiale Jig Jurassic Long Legend - Esca Artificiale";9389A120;Home;0.000000;2;17;0
4932;https://www.mgfishing.eu//maver-jurassic-jig-rock-color-artificiale-jig.jpg;"Maver Jurassic Jig Rock Color - Artificiale Jig";9307A120;Home;0.000000;2;38;0
4931;https://www.mgfishing.eu//maver-jig-legend-best-sea-rock-color-artificiale-metallico.jpg;"Maver Jig Legend Best Sea Rock Color - Artificiale Metallico";9271A150;Home;0.000000;2;0;1
4930;https://www.mgfishing.eu//maver-jig-legend-best-sea-artificiale-metallico-short-jig.jpg;"Maver Jig Legend Best Sea - Artificiale Metallico Short Jig";9270A150;Home;0.000000;2;0;1
4929;https://www.mgfishing.eu//maver-kit-ultraspecimen-kit-rbs-pesca-al-colpo.jpg;"Maver Kit UltraSpecimen - Kit RBS Pesca al colpo";8601K003;Home;0.000000;270;0;1
4928;https://www.mgfishing.eu//maver-kit-mv-r-specimen-kit-pesca-a-fondo.jpg;"Maver Kit MV-R Specimen - Kit Pesca a Fondo";8600K003;Home;0.000000;399;1;0
4927;https://www.mgfishing.eu//maver-legend-sl-canna-fissa-pesca-al-colpo.jpg;"Maver Legend SL - Canna Fissa Pesca al Colpo";8424B500;Home;0.000000;142.8;7;0
4926;https://www.mgfishing.eu//maver-mini-extension-reversibile-pz5-legend-57-kit-rbs-pesca-al-colpo.jpg;"Maver Mini Extension Reversibile pz.5 Legend 57 - Kit RBS Pesca al colpo";8421C002;Home;0.000000;30;0;1
4925;https://www.mgfishing.eu//maver-falcon-alborella-evolution-canna-da-pesca-al-colpo.jpg;"Maver Falcon Alborella Evolution - Canna da Pesca al Colpo";8409B200;Home;0.000000;43;0;1
4924;https://www.mgfishing.eu//maver-kit-mv-r-x110-canne-da-pesca-kit-rbs-pesca-al-colpo.jpg;"Maver Kit MV-R X110 - Canne da Pesca Kit RBS Pesca al colpo";8305K003;Home;0.000000;198;0;1
4923;https://www.mgfishing.eu//maver-kit-mv-r-kit-rbs-pesca-al-colpo.jpg;"Maver Kit MV-R - Kit RBS Pesca al colpo";8205K004;Home;0.000000;588;0;1
4922;https://www.mgfishing.eu//maver-kit-mv-r-kit-da-pesca-al-colpo.jpg;"Maver Kit MV-R - Kit da Pesca al Colpo";8204K003;Home;0.000000;294;0;1
4921;https://www.mgfishing.eu//maver-kit-mv-r-kit-rbs-per-pesca-al-colpo.jpg;"Maver Kit Mv-R - Kit RBS per Pesca al Colpo";8203K003;Home;0.000000;276;0;1
4920;https://www.mgfishing.eu//maver-kit-mv-r-kit-canna-da-pesca-al-colpo.jpg;"Maver Kit MV-R - Kit Canna da Pesca al Colpo";8202K003;Home;0.000000;277;0;1
4919;https://www.mgfishing.eu//maver-serie-mv-r-kit-canne-da-pesca-al-colpo.jpg;"Maver Serie Mv-R - Kit Canne da Pesca al Colpo";8201K003;Home;0.000000;242.2;0;1
4918;https://www.mgfishing.eu//maver-reel-vulcan-mulinello-surfcasting.jpg;"Maver Reel Vulcan - Mulinello Surfcasting";809MVU40;Home;0.000000;36;47;0
4917;https://www.mgfishing.eu//maver-mulinello-sportivo-multiuso-mulinello-da-pesca.jpg;"Maver Mulinello Sportivo Multiuso - Mulinello da Pesca";809MNIG3;Home;0.000000;16.8;0;1
4916;https://www.mgfishing.eu//maver-mulinetto-a-frizione-frontale-feeder-e-inglese.jpg;"Maver Mulinetto a Frizione Frontale - Feeder e Inglese";809MMVR3;Home;0.000000;115;499;0
4915;https://www.mgfishing.eu//maver-water-bombs-24mm-real-glm-boilies-e-pop-up-da-innesco.jpg;"Maver Water Bombs 24mm Real GLM - Boilies e Pop Up da Innesco";7563S000;Home;0.000000;10.4;186;0
4914;https://www.mgfishing.eu//maver-essential-oils-oli-essenziali-per-pesca.jpg;"Maver Essential Oils - Oli Essenziali per Pesca";7562S000;Home;0.000000;8.4;0;1
4913;https://www.mgfishing.eu//maver-reactor-baits-aroma-per-pesca.jpg;"Maver Reactor Baits - Aroma per Pesca";7561S001;Home;0.000000;5;0;1
4912;https://www.mgfishing.eu/10510/maver-super-fast-method-additivo-per-pastura.jpg;"Maver Super Fast Method - Additivo per Pastura";7560S001;Home;0.000000;9.8;619;0
4911;https://www.mgfishing.eu/10509/maver-esche-artificiali-ultra-maiz-esche-pop-up-bilanciate.jpg;"Maver Esche Artificiali Ultra Maiz - Esche Pop Up Bilanciate";7556S000;Home;0.000000;6.8;105;0
4910;https://www.mgfishing.eu//maver-r-soft-pellet-8mm-esca-per-carpfishing.jpg;"Maver R-Soft Pellet 8mm - Esca per Carpfishing";6800S006;Home;0.000000;3;0;1
4909;https://www.mgfishing.eu/10508/maver-dumbix-zero-weight-esche-dumbells-per-carpfishing.jpg;"Maver Dumbix Zero Weight - Esche Dumbells per Carpfishing";6704S009;Home;0.000000;6.2;0;1
4908;https://www.mgfishing.eu/10507/maver-bread-candy-esche-pressate-per-pesca.jpg;"Maver Bread Candy - Esche Pressate per Pesca";6700S000;Home;0.000000;8.18;314;0
4907;https://www.mgfishing.eu/10506/maver-wafters-zero-weight-esche-per-feeder-e-method-feeder.jpg;"Maver Wafters Zero Weight - Esche per Feeder e Method Feeder";6699S001;Home;0.000000;3.4;595;0
4906;https://www.mgfishing.eu/10505/maver-r-soft-dumbell-esche-method-feeder.jpg;"Maver R-Soft Dumbell - Esche Method Feeder";5025S000;Home;0.000000;4.2;292;0
4905;https://www.mgfishing.eu/10504/maver-super-mais-additivo-per-esche-naturali.jpg;"Maver Super Mais - Additivo per Esche Naturali";5019S000;Home;0.000000;6.02;600;0
4904;https://www.mgfishing.eu//maver-equilibrium-mini-11mm-pineapple-banana-boilies-per-carpfishing.jpg;"Maver Equilibrium Mini 11mm Pineapple Banana - Boilies per Carpfishing";4907S000;Home;0.000000;4.6;69;0
4903;https://www.mgfishing.eu//maver-darkside-sport-2-cime-canna-da-beach-ledgering.jpg;"Maver Darkside Sport 2 Cime - Canna da Beach Ledgering";4867B001;Home;0.000000;362;0;1
4902;https://www.mgfishing.eu//maver-mini-biconica-serie-black-carp-kit-pesca-al-colpo.jpg;"Maver Mini Biconica Serie Black Carp - Kit Pesca al Colpo";4810C001;Home;0.000000;19;0;1
4901;https://www.mgfishing.eu//maver-prolunga-invincible-black-accessorio-per-canne-da-pesca.jpg;"Maver Prolunga Invincible Black - Accessorio per Canne da Pesca";4804C001;Home;0.000000;36.6;0;1
4900;https://www.mgfishing.eu/10500/maver-invincible-black-canna-roubaisienne.jpg;"Maver Invincible Black - Canna Roubaisienne";4804B013;Home;0.000000;710;0;1
4899;https://www.mgfishing.eu//maver-special-flour-pulce-d-acqua-essiccata-additivo-proteico-per-pastura.jpg;"Maver Special Flour Pulce d'Acqua Essiccata - Additivo Proteico per Pastura";4800S019;Home;0.000000;12;0;1
4898;https://www.mgfishing.eu//maver-farina-speciale-alga-spirulina-esche-per-pesca.jpg;"Maver Farina Speciale Alga Spirulina - Esche per Pesca";4802S350;Home;0.000000;28;0;1
4897;https://www.mgfishing.eu//maver-ambra-sl-canna-fissa-telescopica.jpg;"Maver Ambra SL - Canna Fissa Telescopica";4780B500;Home;0.000000;299.3;121;0
4896;https://www.mgfishing.eu//maver-cometa-tls-canna-fissa-pesca-al-colpo.jpg;"Maver Cometa TLS - Canna Fissa pesca al colpo";4743B500;Home;0.000000;62;0;1
4895;https://www.mgfishing.eu//maver-short-force-canna-fissa-per-pesca-al-colpo.jpg;"Maver Short Force - Canna Fissa per Pesca al Colpo";4742B200;Home;0.000000;18;137;0
4894;https://www.mgfishing.eu//maver-elite-darkside-spigot-canna-surfcasting.jpg;"Maver Elite Darkside Spigot - Canna Surfcasting";4702B006;Home;0.000000;204;0;1
4893;https://www.mgfishing.eu/10499/maver-liquid-flavour-50ml-aroma-per-esche.jpg;"Maver Liquid Flavour 50ml - Aroma per esche";4600S001;Home;0.000000;9;97;0
4892;https://www.mgfishing.eu/10498/maver-concentrix-strong-flavour-attrattore-liquido-per-pesca.jpg;"Maver Concentrix Strong Flavour - Attrattore Liquido per Pesca";4600S002;Home;0.000000;9.6;109;0
4891;https://www.mgfishing.eu//maver-premium-boilies-esche-per-carpfishing.jpg;"Maver Premium Boilies - Esche per Carpfishing";4516SP15;Home;0.000000;12;0;1
4890;https://www.mgfishing.eu//maver-premium-boilies-esche-per-carpfishing-di-qualita.jpg;"Maver Premium Boilies - Esche per Carpfishing di Qualità";4516SP20;Home;0.000000;9.4;0;1
4889;https://www.mgfishing.eu//maver-fluo-pop-up-s-flash-pink-15mm-100g-pop-up-galleggianti.jpg;"Maver Fluo Pop Up's Flash Pink 15mm 100g - Pop Up galleggianti";4500S015;Home;0.000000;7;20;0
4888;https://www.mgfishing.eu//maver-prolunga-corta-invincible-accessorio-canne-da-pesca.jpg;"Maver Prolunga Corta Invincible - Accessorio Canne da Pesca";4447C000;Home;0.000000;30;13;0
4887;https://www.mgfishing.eu//maver-boilies-carpfishing-5kg-esche-per-carpfishing.jpg;"Maver Boilies Carpfishing 5Kg - Esche per Carpfishing";4417S524;Home;0.000000;18;0;1
4886;https://www.mgfishing.eu//maver-atomic-spray-potenziatore-per-esca-liquido.jpg;"Maver Atomic Spray - Potenziatore per Esca Liquido";4155S000;Home;0.000000;9.2;60;0
4885;https://www.mgfishing.eu//maver-booster-hot-chili-spice-booster-per-pesca.jpg;"Maver Booster Hot Chili Spice - Booster per Pesca";3900S001;Home;0.000000;6.8;0;1
4884;https://www.mgfishing.eu/10497/maver-pasta-rapida-esche-per-pesca-collanti.jpg;"Maver Pasta Rapida - Esche per Pesca Collanti";3195S000;Home;0.000000;5;607;0
4883;https://www.mgfishing.eu/10496/maver-oils-250ml-fish-pellet-oil-olio-per-pesca-sportiva.jpg;"Maver Oils 250ml Fish & Pellet OIL - Olio per pesca sportiva";3110S002;Home;0.000000;7.4;7;0
4882;https://www.mgfishing.eu/10495/reactor-baits-syr-up-evolution-additivo-liquido-per-esche.jpg;"Reactor Baits Syr Up Evolution - Additivo Liquido per Esche";2054S007;Home;0.000000;5;28;0
4881;https://www.mgfishing.eu//reactor-baits-syr-up-evolution-additivo-liquido-per-pasture-e-mix.jpg;"Reactor Baits Syr Up Evolution - Additivo Liquido per Pasture e Mix";2054S002;Home;0.000000;9.4;0;1
4880;https://www.mgfishing.eu/10494/reactor-baits-cloudy-reaction-additivo-per-pastura.jpg;"Reactor Baits Cloudy Reaction - Additivo per Pastura";2052S000;Home;0.000000;4.52;0;1
4879;https://www.mgfishing.eu/10493/reactor-baits-pineapple-banana-strategy-method-pastura-method.jpg;"Reactor Baits Pineapple Banana Strategy Method - Pastura Method";2039S000;Home;0.000000;8.8;0;1
4878;https://www.mgfishing.eu//esp-reactor-baits-active-oxygen-additivo-da-pastura.jpg;"ESP Reactor Baits Active Oxygen - Additivo da Pastura";2030S001;Home;0.000000;14;26;0
4877;https://www.mgfishing.eu/10492/reactor-baits-fastest-free-form-pellet-pastura-per-carpfishing.jpg;"Reactor Baits Fastest Free Form Pellet - Pastura per Carpfishing";2002S010;Home;0.000000;6.8;244;0
4876;https://www.mgfishing.eu//maver-abbigliamento-waterproof-pantaloni-da-pesca.jpg;"Maver Abbigliamento Waterproof - Pantaloni da Pesca";16335XXL;Home;0.000000;58;0;1
4875;https://www.mgfishing.eu//maver-giacca-match-this-giacca-da-pesca-impermeabile.jpg;"Maver Giacca Match This - Giacca da Pesca Impermeabile";16334XXL;Home;0.000000;58;0;1
4874;https://www.mgfishing.eu//maver-team-set-evo-abbigliamento-tecnico-sportivo.jpg;"Maver Team Set Evo - Abbigliamento Tecnico Sportivo";1608900M;Home;0.000000;42;0;1
4873;https://www.mgfishing.eu//maver-felpa-performance-abbigliamento-da-pesca.jpg;"MAVER Felpa Performance - Abbigliamento da Pesca";1608500L;Home;0.000000;52.9;0;1
4872;https://www.mgfishing.eu//maver-t-shirt-team-maglietta-a-maniche-corte.jpg;"Maver T-Shirt Team - Maglietta a maniche corte";1608300L;Home;0.000000;15;74;0
4871;https://www.mgfishing.eu//maver-polo-apple-green-abbigliamento-da-pesca.jpg;"Maver Polo Apple Green - Abbigliamento da Pesca";1600100L;Home;0.000000;23;0;1
4870;https://www.mgfishing.eu//mv-r-keep-net-power-nassa-rettangolare-da-pesca.jpg;"MV-R Keep Net Power - Nassa Rettangolare da Pesca";08044300;Home;0.000000;179.88;0;1
4869;https://www.mgfishing.eu//mv-r-keep-net-retino-da-pesca-per-carpodromi.jpg;"MV-R Keep Net - Retino da Pesca per Carpodromi";08043250;Home;0.000000;106;0;1
4868;https://www.mgfishing.eu//mv-r-commercial-keepnet-nassa-da-pesca.jpg;"MV-R Commercial Keepnet - Nassa da Pesca";08041250;Home;0.000000;68;0;1
4867;https://www.mgfishing.eu//mv-r-eva-accessory-case-custodia-porta-accessori.jpg;"MV-R Eva Accessory Case - Custodia porta accessori";06109001;Home;0.000000;18.2;0;1
4866;https://www.mgfishing.eu//mv-r-eva-net-bag-borsa-buffetteria-in-eva.jpg;"MV-R Eva Net Bag - Borsa Buffetteria in EVA";06109011;Home;0.000000;88;0;1
4865;https://www.mgfishing.eu//maver-mv-r-eva-reel-spool-medium-surf-borsa-per-mulinelli.jpg;"Maver MV-R Eva Reel Spool Medium Surf - Borsa per mulinelli";06109015;Home;0.000000;24;0;1
4864;https://www.mgfishing.eu//katana-carp-amo-barbless-per-carpodromo.jpg;"Katana Carp - Amo Barbless per Carpodromo";05BKCA06;Home;0.000000;4.3;1465;0
4863;https://www.mgfishing.eu//moon-eclipse-canna-feeder.jpg;"Moon Eclipse - Canna Feeder";05755001;Home;0.000000;96;38;0
4862;https://www.mgfishing.eu//aslan-aslan-spin-con-anelli-canna-da-spinning.jpg;"Aslan Aslan Spin con Anelli - Canna da Spinning";05754210;Home;0.000000;117.6;136;0
4861;https://www.mgfishing.eu//spinner-bass-canna-da-spinning.jpg;"Spinner Bass - Canna da Spinning";05753210;Home;0.000000;86.8;118;0
4860;https://www.mgfishing.eu//maver-mv-r-bolo-canna-bolognese.jpg;"Maver MV-R Bolo - Canna Bolognese";05751400;Home;0.000000;40;0;1
4859;https://www.mgfishing.eu//furia-canna-bolognese-con-anelli.jpg;"Furia - Canna Bolognese con Anelli";05750400;Home;0.000000;141;16;0
4858;https://www.mgfishing.eu//maver-superlithium-evanon-medium-mx-con-anelli-canna-bolognese.jpg;"Maver Superlithium Evanon Medium MX con Anelli - Canna Bolognese";05747600;Home;0.000000;960;0;1
4857;https://www.mgfishing.eu//mv-r-canna-universale-con-anelli-canna-universale.jpg;"MV-R Canna Universale con Anelli - Canna Universale";05746001;Home;0.000000;100;279;0
4856;https://www.mgfishing.eu//maver-superlithium-green-power-evo-mx-con-anelli-canna-bolognese.jpg;"Maver Superlithium Green Power Evo MX con Anelli - Canna Bolognese";05744500;Home;0.000000;356;3;0
4855;https://www.mgfishing.eu//superlithium-long-feeder-canna-da-feeder.jpg;"Superlithium Long Feeder - Canna da Feeder";05743001;Home;0.000000;250;46;0
4854;https://www.mgfishing.eu//maver-superlithium-feeder-silver-fish-canna-da-feeder.jpg;"Maver Superlithium Feeder Silver Fish - Canna da Feeder";05742001;Home;0.000000;160;0;1
4853;https://www.mgfishing.eu//maver-superlithium-feeder-carp-canna-da-feeder.jpg;"Maver Superlithium Feeder Carp - Canna da Feeder";05741001;Home;0.000000;154;0;1
4852;https://www.mgfishing.eu//maver-ostellato-tp-canna-da-feeder.jpg;"Maver Ostellato TP - Canna da Feeder";05737001;Home;0.000000;130;10;0
4851;https://www.mgfishing.eu//trabucco-passion-bolo-canna-bolognese.jpg;"Trabucco Passion Bolo - Canna Bolognese";05736400;Home;0.000000;63;0;1
4850;https://www.mgfishing.eu//maver-thor-thor-master-match-power-canna-inglese.jpg;"Maver Thor Thor Master Match Power - Canna Inglese";05734001;Home;0.000000;110.3;0;1
4849;https://www.mgfishing.eu//trabucco-thor-master-light-feeder-canna-da-feeder.jpg;"Trabucco Thor Master Light Feeder - Canna da Feeder";05733001;Home;0.000000;109;78;0
4848;https://www.mgfishing.eu//trabucco-spider-telesurf-canna-surfcasting.jpg;"Trabucco Spider TeleSurf - Canna Surfcasting";05732001;Home;0.000000;118;76;0
4847;https://www.mgfishing.eu//trabucco-reality-telesurf-con-anelli-fuji-canna-surfcasting.jpg;"Trabucco Reality TeleSurf con Anelli Fuji - Canna Surfcasting";05731001;Home;0.000000;155;40;0
4846;https://www.mgfishing.eu//mv-r-squid-canna-da-pesca-barca-bolentino.jpg;"MV-R Squid - Canna da Pesca Barca Bolentino";05730180;Home;0.000000;42.6;224;0
4845;https://www.mgfishing.eu/10491/maver-reality-camola-trl-canna-trota-lago.jpg;"Maver Reality Camola TRL - Canna Trota Lago";05729001;Home;0.000000;34;0;1
4844;https://www.mgfishing.eu//trabucco-start-bolo-con-anelli-canna-bolognese.jpg;"Trabucco Start Bolo con Anelli - Canna Bolognese";05728400;Home;0.000000;42;6;0
4843;https://www.mgfishing.eu//mv-r-surf-canna-surfcasting.jpg;"MV-R Surf - Canna Surfcasting";05724450;Home;0.000000;239;58;0
4842;https://www.mgfishing.eu//trabucco-reality-tele-boat-canna-barca-bolentino.jpg;"Trabucco Reality Tele Boat - Canna Barca Bolentino";05722240;Home;0.000000;44;0;1
4841;https://www.mgfishing.eu//maver-reglass-grizzly-potente-con-anelli-canna-trota-torrente.jpg;"Maver Reglass Grizzly Potente con Anelli - Canna Trota Torrente";05716010;Home;0.000000;825;60;0
4840;https://www.mgfishing.eu//maver-reglass-super-penna-mx-con-anelli-canna-bolognese.jpg;"Maver Reglass Super Penna MX con Anelli - Canna Bolognese";05715600;Home;0.000000;175;0;1
4839;https://www.mgfishing.eu//trabucco-invincible-extreme-mx-con-anelli-canna-bolognese.jpg;"Trabucco Invincible Extreme MX con Anelli - Canna Bolognese";05708400;Home;0.000000;339.9;307;0
4838;https://www.mgfishing.eu//esp-butterfly-butterfly-super-light-5-9-canna-da-spinning.jpg;"ESP Butterfly Butterfly Super Light 5'9'' - Canna da Spinning";05707059;Home;0.000000;68;629;0
4837;https://www.mgfishing.eu//maver-darkside-darkside-sport-2-canna-beach-ledgering.jpg;"Maver Darkside Darkside Sport 2 - Canna Beach Ledgering";05700001;Home;0.000000;469;0;1
4836;https://www.mgfishing.eu//maver-reglass-grizzly-veloce-con-anelli-boccolata-canna-trota-torrente.jpg;"Maver Reglass Grizzly Veloce con Anelli Boccolata - Canna Trota Torrente";05697013;Home;0.000000;1100;1;0
4835;https://www.mgfishing.eu//maver-sargus-mx-con-anelli-10m-canna-bolognese.jpg;"Maver Sargus MX con Anelli 10m - Canna Bolognese";05696010;Home;0.000000;438;0;1
4834;https://www.mgfishing.eu//maver-green-arrow-mx-senza-anelli-canna-bolognese.jpg;"Maver Green Arrow MX senza Anelli - Canna Bolognese";4852B011;Home;0.000000;490;0;1
4833;https://www.mgfishing.eu//maver-duke-canna-bolognese-con-anelli-canna-bolognese.jpg;"Maver Duke Canna Bolognese con Anelli - Canna Bolognese";05613400;Home;0.000000;44;0;1
4832;https://www.mgfishing.eu//maver-darkside-tele-boat-canna-da-barca.jpg;"Maver Darkside Tele Boat - Canna da Barca";05606001;Home;0.000000;166;0;1
4831;https://www.mgfishing.eu//maver-reglass-arthemis-mx-5m-con-anelli-canna-bolognese.jpg;"Maver Reglass Arthemis MX 5m con Anelli - Canna Bolognese";05605500;Home;0.000000;377;0;1
4830;https://www.mgfishing.eu//maver-grizzly-top-gun-canna-trota-torrente.jpg;"Maver Grizzly Top Gun - Canna Trota Torrente";05603013;Home;0.000000;1100;0;1
4829;https://www.mgfishing.eu//kannon-kannon-canna-bolognese.jpg;"Kannon Kannon - Canna Bolognese";05590400;Home;0.000000;71;0;1
4828;https://www.mgfishing.eu//maver-rsw-heavy-canna-da-spinning.jpg;"Maver RSW Heavy - Canna da Spinning";05552079;Home;0.000000;199;0;1
4827;https://www.mgfishing.eu//settemari-tele-canna-da-barca-per-bolentino.jpg;"Settemari Tele - Canna da Barca per Bolentino";05543210;Home;0.000000;35;1391;0
4826;https://www.mgfishing.eu/10490/maver-laser-trout-az0-canna-trota-lago.jpg;"Maver Laser Trout AZ.0 - Canna Trota Lago";05653000;Home;0.000000;60;35;0
4825;https://www.mgfishing.eu//esp-winner-replica-boat-tele-canna-barca.jpg;"ESP Winner Replica Boat Tele - Canna Barca";05261210;Home;0.000000;43;605;0
4824;https://www.mgfishing.eu//drennan-dual-core-pro-match-elastico-da-pesca.jpg;"Drennan Dual Core Pro Match - Elastico da Pesca";03017001;Home;0.000000;26;1139;0
4823;https://www.mgfishing.eu//maver-wire-leader-terminale-d-acciaio-per-predatori.jpg;"Maver Wire Leader - Terminale d'acciaio per Predatori";02964001;Home;0.000000;2.6;5;0
4822;https://www.mgfishing.eu//reality-carp-reality-carp-mesh-55x50cm-testa-da-guadino.jpg;"Reality Carp Reality Carp Mesh 55x50cm - Testa da Guadino";02051001;Home;0.000000;18;0;1
4821;https://www.mgfishing.eu//mv-r-mv-r-carp-gummy-45x35cm-testa-da-guadino.jpg;"MV-R MV-R Carp Gummy 45x35cm - Testa da guadino";02050001;Home;0.000000;31;33;0
4820;https://www.mgfishing.eu//maver-scogliera-strong-manico-da-guadino-telescopico.jpg;"Maver Scogliera Strong - Manico da guadino telescopico";02033500;Home;0.000000;278;0;1
4819;https://www.mgfishing.eu//trabucco-manico-guadino-force-slim-manico-da-guadino.jpg;"Trabucco Manico Guadino Force Slim - Manico da guadino";02031270;Home;0.000000;140;112;0
4818;https://www.mgfishing.eu//maver-flame-handle-manico-da-guadino-telescopico.jpg;"Maver Flame Handle - Manico da Guadino Telescopico";02030300;Home;0.000000;37;0;1
4817;https://www.mgfishing.eu//maniac-arm-manico-guadino-telescopico.jpg;"Maniac Arm - Manico Guadino Telescopico";02022300;Home;0.000000;42;253;0
4816;https://www.mgfishing.eu//match-match-top-green-net-testa-da-guadino.jpg;"Match Match Top Green Net - Testa da guadino";01974001;Home;0.000000;18.4;0;1
4815;https://www.mgfishing.eu//match-match-soft-net-50x40cm-testa-guadino.jpg;"Match Match Soft Net 50x40cm - Testa Guadino";01970001;Home;0.000000;14.2;0;1
4814;https://www.mgfishing.eu//trabucco-testa-di-guadino-monofilo-ovale-testa-da-guadino.jpg;"Trabucco Testa di Guadino Monofilo Ovale - Testa da Guadino";01957002;Home;0.000000;15.2;0;1
4813;https://www.mgfishing.eu/10489/maver-scatola-contenitore-per-accessori-da-pesca.jpg;"Maver Scatola - Contenitore per Accessori da Pesca";01458050;Home;0.000000;2.9;0;1
4812;https://www.mgfishing.eu//trabucco-ago-punta-verde-accessorio-per-surfcasting.jpg;"Trabucco Ago Punta Verde - Accessorio per Surfcasting";01321002;Home;0.000000;2.3;0;1
4811;https://www.mgfishing.eu//mv-r-maggot-net-porta-bigattini-per-pesca-al-colpo.jpg;"MV-R Maggot Net - Porta Bigattini per Pesca al Colpo";01083001;Home;0.000000;3;0;1
4810;https://www.mgfishing.eu//mv-r-scaletta-con-estrattore-accessorio-per-pesca-roubaisienne.jpg;"MV-R Scaletta con Estrattore - Accessorio per Pesca Roubaisienne";01074001;Home;0.000000;4;845;0
4809;https://www.mgfishing.eu/10488/setaccio-per-secchio-25l-accessorio-da-pesca.jpg;"Setaccio per Secchio 25L - Accessorio da Pesca";01051001;Home;0.000000;9.8;0;1
4808;https://www.mgfishing.eu//mv-r-method-leads-pasturatore-da-feeder.jpg;"MV-R Method Leads - Pasturatore da Feeder";0040350L;Home;0.000000;3.4;223;0
4807;https://www.mgfishing.eu//mv-r-method-leads-pasturatore-method.jpg;"MV-R Method Leads - Pasturatore Method";0040250M;Home;0.000000;2.4;0;1
4806;https://www.mgfishing.eu/10487/mv-r-method-stampi-per-pasturatori-piombi-da-feeder.jpg;"MV-R Method - Stampi per Pasturatori Piombi da Feeder";004020MM;Home;0.000000;2.2;12;0
4805;https://www.mgfishing.eu//mv-r-pasturatore-method-piombo-da-feeder.jpg;"MV-R Pasturatore Method - Piombo da Feeder";0040120S;Home;0.000000;3.4;0;1
4804;https://www.mgfishing.eu//trabucco-surfman-piombo-surfcasting-tecnico.jpg;"Trabucco Surfman - Piombo Surfcasting Tecnico";00208100;Home;0.000000;2;0;1
4803;https://www.mgfishing.eu/10480/maver-passion-telesurf-4m-150g-con-anelli-canna-surfcasting.jpg;"Maver Passion Telesurf 4m 150g con Anelli - Canna Surfcasting";05788001;"Canne Surfcasting";54.098361;66;0;1
4802;https://www.mgfishing.eu/10484/maver-mulinello-caster-10000-mulinello-surfcasting.jpg;"Maver Mulinello Caster 10000 - Mulinello Surfcasting";809MCA10;"Mulinelli Surf Casting e CarpFishing";75.409836;92;71;0
4801;https://www.mgfishing.eu/10477/renegade-mini-prolunga-rx-10m-accessorio-per-canne-da-pesca.jpg;"Renegade Mini Prolunga RX 10m - Accessorio per Canne da Pesca";8478C000;Home;40.983607;50;19;0
4800;https://www.mgfishing.eu/10476/maver-ripple-arm-accessorio-panieri.jpg;"Maver Ripple Arm - Accessorio Panieri";800A0009;Home;13.934426;17;0;1
4799;https://www.mgfishing.eu//maver-canna-superlithium-green-power-mx-canna-bolognese.jpg;"Maver Canna Superlithium Green Power MX - Canna Bolognese";4716B800;Home;319.672131;390;0;1
4798;https://www.mgfishing.eu//maver-borsa-reality-per-tripode-borsa-accessori.jpg;"Maver Borsa Reality per Tripode - Borsa accessori";06108024;Home;21.721311;26.5;400;0
4797;https://www.mgfishing.eu//maver-combo-kombat-4xs-e-5xs-kit-da-pesca-al-colpo.jpg;"Maver Combo Kombat 4XS e 5XS - Kit da Pesca al Colpo";08488C00;Home;147.540984;180;0;1
4796;https://www.mgfishing.eu/10474/maver-piatto-signature-sxi-sidetray-con-tendina-accessorio-panieri.jpg;"Maver Piatto Signature Sxi Sidetray con Tendina - Accessorio Panieri";790A0112;Home;167.213115;204;0;1
4795;https://www.mgfishing.eu/10473/conchiglia-in-gomma-triangolo-accessorio-panchetto.jpg;"Conchiglia in Gomma Triangolo - Accessorio Panchetto";770R0003;Home;16.704918;20.38;0;1
4794;https://www.mgfishing.eu/10469/rbs-kit-commercial-powerplus-xs-2pz-kit-pesca.jpg;"RBS Kit Commercial Powerplus XS 2pz. - Kit Pesca";8726K002;Home;122.950820;150;8;0
4793;https://www.mgfishing.eu/10465/reactor-baits-pro-expert-900gr-orange-chocolate-pastura-da-pesca.jpg;"Reactor Baits Pro Expert 900gr Orange Chocolate - Pastura da Pesca";7564S006;Home;8.016393;9.78;490;0
4792;https://www.mgfishing.eu/10461/reactor-baits-pro-expert-900gr-natural-pastura-per-pesca.jpg;"Reactor Baits Pro Expert 900gr Natural - Pastura per Pesca";7564S005;Home;8.016393;9.78;275;0
4791;https://www.mgfishing.eu/10457/reactor-baits-pro-expert-900gr-special-f1-pastura-per-pesca-al-colpo.jpg;"Reactor Baits Pro Expert 900gr Special F1 - Pastura per Pesca al Colpo";7564S004;Home;8.016393;9.78;340;0
4790;https://www.mgfishing.eu/10453/esp-reactor-baits-pro-expert-900gr-demon-spice-pastura-da-pesca.jpg;"ESP Reactor Baits Pro Expert 900gr Demon Spice - Pastura da pesca";7564S003;Home;5.573770;6.8;0;1
4789;https://www.mgfishing.eu/10449/reactor-baits-pro-expert-900gr-green-betaine-fishmeal-per-pastura.jpg;"Reactor Baits Pro Expert 900gr Green Betaine - Fishmeal per Pastura";7564S002;Home;8.016393;9.78;456;0
4788;https://www.mgfishing.eu/10448/trabucco-reality-easy-box-module-80-front-drawers-modulo.jpg;"Trabucco Reality Easy Box Module 80 Front Drawers - Modulo";790A0133;Home;87.540984;106.8;32;0
4787;https://www.mgfishing.eu/10447/colmic-reality-easy-box-cross-drawers-21-modulo.jpg;"Colmic Reality Easy Box Cross Drawers 2+1 - Modulo";790A0132;Home;117.049180;142.8;41;0
4786;https://www.mgfishing.eu/10446/maver-reality-easy-module-h40-modulo-accessori-panieri-pesca.jpg;"Maver Reality Easy Module H40 - Modulo Accessori Panieri Pesca";790A0131;Home;38.360656;46.8;0;1
4785;https://www.mgfishing.eu/10445/reality-reality-easy-box-cuscin-cuscino-panchetto.jpg;"Reality Reality Easy Box Cuscin - Cuscino Panchetto";790A0129;Home;117.049180;142.8;26;0
4784;https://www.mgfishing.eu/10444/maver-adria-platform-pedana-richiudibile-in-alluminio.jpg;"Maver Adria Platform - Pedana Richiudibile in Alluminio";790A0126;Home;392.459016;478.8;0;1
4783;https://www.mgfishing.eu/10443/maver-reality-easy-panchetto.jpg;"Maver Reality Easy - Panchetto";800P0018;Home;195.901639;239;22;0
4782;https://www.mgfishing.eu/10441/reality-reality-top-race-panchetto.jpg;"Reality Reality Top Race - Panchetto";800P0017;Home;678.688525;828;30;0
4781;https://www.mgfishing.eu//preston-signature-sxi-36-side-tray-competition-piatto-laterale.jpg;"Preston Signature Sxi 36 Side Tray Competition - Piatto Laterale";790A0114;Home;114.754098;140;97;0
4780;https://www.mgfishing.eu/10440/signature-signature-sxi-36-side-tray-w-awning-accessorio-panieri-pesca.jpg;"Signature Signature SXi 36 Side Tray W/Awning - Accessorio Panieri Pesca";790A0113;Home;211.475410;258;67;0
4779;https://www.mgfishing.eu//esp-super-kit-holdall-fodero-porta-canne.jpg;"ESP Super Kit Holdall - Fodero Porta Canne";06113002;Home;200.000000;244;0;1
4777;https://www.mgfishing.eu/10439/esp-easy-net-60x55cm-testa-da-guadino.jpg;"ESP Easy Net 60x55cm - Testa da Guadino";01982001;Home;22.868852;27.9;281;0
4776;https://www.mgfishing.eu//maver-rod-protector-case-fodero-rigido-porta-canne.jpg;"Maver Rod Protector Case - Fodero Rigido Porta Canne";06114003;Home;253.278689;309;12;0
4775;https://www.mgfishing.eu/10438/maver-cap-club-team-cappello.jpg;"Maver Cap Club Team - Cappello";16227CLU;Home;12.213115;14.9;0;1
4774;https://www.mgfishing.eu/10437/maver-bobble-passion-hat-cappello.jpg;"Maver Bobble Passion Hat - Cappello";16221004;Home;17.131148;20.9;25;0
4773;https://www.mgfishing.eu/10433/colmic-venom-margin-canna-roubasienne.jpg;"Colmic Venom Margin - Canna Roubasienne";4810B010;Home;409.016393;499;42;0
4772;https://www.mgfishing.eu/10432/mg-smart-feeder-arm-55cm-accessorio-da-pesca.jpg;"MG Smart Feeder Arm 55cm - Accessorio da pesca";790A0128;Home;63.934426;78;50;0
4771;https://www.mgfishing.eu/10431/mg-fishing-signature-lateral-drawer-cuscino-per-panieri.jpg;"MG Fishing Signature Lateral Drawer - Cuscino per Panieri";790A0116;Home;130.327869;159;43;0
4770;https://www.mgfishing.eu/10430/maver-mulinello-ufo-10000-mulinello-surfcasting-e-carpfishing.jpg;"Maver Mulinello Ufo 10.000 - Mulinello Surfcasting e Carpfishing";809MUFO1;Home;77.868852;95;111;0
4769;https://www.mgfishing.eu/10429/maver-active-5000-mulinello-da-surfcasting-e-feeder.jpg;"Maver Active 5.000 - Mulinello da Surfcasting e Feeder";809MACT5;Home;89.344262;109;0;1
4768;https://www.mgfishing.eu/10428/active-bobina-di-ricambio-5000-bobina-surfcasting.jpg;"Active Bobina di Ricambio 5.000 - Bobina Surfcasting";809MBAC5;Home;12.295082;15;0;1
4766;https://www.mgfishing.eu/10424/rhyno-carp-kit-2pz-kit-canna-da-pesca-al-colpo.jpg;"Rhyno Carp Kit 2pz. - Kit Canna da Pesca al Colpo";8467K002;Home;48.360656;59;0;1
4765;https://www.mgfishing.eu//maver-superlithium-double-holdall-fodero-rigido.jpg;"Maver Superlithium Double Holdall - Fodero Rigido";06110009;Home;136.065574;166;40;0
4764;https://www.mgfishing.eu//genesis-vega-borsa.jpg;"Genesis Vega - Borsa";06116015;Home;72.131148;88;83;0
4763;https://www.mgfishing.eu//genesis-genesis-mizar-300-borsa.jpg;"Genesis Genesis Mizar 300 - Borsa";06116014;Home;63.114754;77;78;0
4762;https://www.mgfishing.eu//genesis-mizar-100-borsa.jpg;"Genesis Mizar 100 - Borsa";06116013;Home;49.180328;60;124;0
4761;https://www.mgfishing.eu//genesis-skat-borsa.jpg;"Genesis Skat - Borsa";06116012;Home;48.360656;59;81;0
4760;https://www.mgfishing.eu//genesis-riger-cooler-borsa-termica.jpg;"Genesis Riger Cooler - Borsa Termica";06116011;Home;48.360656;59;57;0
4759;https://www.mgfishing.eu//genesis-merak-borsa.jpg;"Genesis Merak - Borsa";06116010;Home;34.426230;42;78;0
4758;https://www.mgfishing.eu//genesis-beta-borsa.jpg;"Genesis Beta - Borsa";06116009;Home;17.213115;21;113;0
4757;https://www.mgfishing.eu//genesis-cognac-fodero-portacanne.jpg;"Genesis Cognac - Fodero Portacanne";06116006;Home;63.114754;77;131;0
4756;https://www.mgfishing.eu/10423/trabucco-diablo-6000-mulinello.jpg;"Trabucco Diablo 6.000 - Mulinello";809MDIA6;Home;73.770492;90;0;1
4755;https://www.mgfishing.eu/10422/mv-r-mv-r-lamp-uv-lampada-uv.jpg;"MV-R MV-R Lamp UV - Lampada UV";01269004;Home;31.967213;39;0;1
4754;https://www.mgfishing.eu/10421/reality-cap-cappello-da-pesca.jpg;"Reality Cap - Cappello da pesca";16228004;Home;10.655738;13;0;1
4753;https://www.mgfishing.eu/10420/genesis-genesis-cap-cappello.jpg;"Genesis Genesis Cap - Cappello";16228003;Home;10.655738;13;0;1
4752;https://www.mgfishing.eu/10419/mv-r-mv-r-cap-cappello.jpg;"MV-R MV-R CAP - Cappello";16228002;Home;10.655738;13;0;1
4751;https://www.mgfishing.eu/10418/mv-r-mv-r-visor-visiera.jpg;"MV-R MV-R Visor - Visiera";16228001;Home;10.655738;13;0;1
4750;https://www.mgfishing.eu//esp-rbs-box-case-pole-holdall-fodero-porta-canne.jpg;"ESP RBS Box Case Pole Holdall - Fodero Porta Canne";06113005;Home;195.901639;239;0;1
4749;https://www.mgfishing.eu//superlithium-superlithium-oxygen-bag-borsa-in-eva.jpg;"Superlithium Superlithium Oxygen Bag - Borsa in Eva";06118010;Home;45.081967;55;0;1
4748;https://www.mgfishing.eu/10414/trabucco-mulinello-evanon-5000-mulinello.jpg;"Trabucco Mulinello Evanon 5000 - Mulinello";809MEVA5;Home;94.262295;115;0;1
4747;https://www.mgfishing.eu//trabucco-superlithium-reel-single-case-borsa-portamulinello.jpg;"Trabucco Superlithium Reel Single Case - Borsa Portamulinello";06110008;Home;23.770492;29;130;0
4746;https://www.mgfishing.eu//superlithium-reel-multi-case-borsa-multiscomparto-per-mulinelli.jpg;"Superlithium Reel Multi Case - Borsa Multiscomparto per Mulinelli";06110007;Home;31.967213;39;39;0
4745;https://www.mgfishing.eu//esp-superlithium-superlithium-surf-deluxe-fodero-portacanne-surf.jpg;"ESP Superlithium Superlithium Surf Deluxe - Fodero Portacanne Surf";06110006;Home;69.672131;85;119;0
4744;https://www.mgfishing.eu/10410/maver-venom-carp-canna-roubasienne.jpg;"Maver Venom Carp - Canna Roubasienne";8627B013;Home;975.409836;1190;10;0
4743;https://www.mgfishing.eu/10416/daiwa-tanacom-500.jpg;"Daiwa Tanacom 500 U - Mulinello Elettrico";TANACOM500U;"Mulinelli Da Pesca";295.000000;359.9;2;0
4742;https://www.mgfishing.eu/10409/maver-mulinello-easy-3000-mulinello-da-surfcasting.jpg;"Maver Mulinello Easy 3000 - Mulinello da Surfcasting";809MEA30;Home;23.770492;29;299;0
4741;https://www.mgfishing.eu/10408/signature-signature-bait-bowl-secchiello.jpg;"Signature Signature Bait Bowl - Secchiello";790A0135;Home;22.131148;27;0;1
4740;https://www.mgfishing.eu/10405/mv-r-choppped-worm-scissors-forbici.jpg;"MV-R Choppped Worm Scissors - Forbici";01276003;Home;10.245902;12.5;433;0
4739;https://www.mgfishing.eu//maver-kit-protector-case-177x20x13cm-fodero-rigido.jpg;"Maver Kit Protector Case 177x20x13cm - Fodero Rigido";06114002;Home;175.409836;214;24;0
4738;https://www.mgfishing.eu//maver-pole-protector-case-fodero-rigido.jpg;"Maver Pole Protector Case - Fodero Rigido";06114001;Home;195.081967;238;0;1
4737;https://www.mgfishing.eu//trabucco-signature-t-top-power-ab-tip-per-canne-roubaisienne.jpg;"Trabucco Signature T-Top Power - AB Tip per Canne Roubaisienne";08817KAB;Home;67.868852;82.8;38;0
4735;https://www.mgfishing.eu/10401/signature-signature-cupping-kit-3pz-accessorio-da-pesca.jpg;"Signature Signature Cupping Kit 3pz. - Accessorio da Pesca";8760K003;Home;254.754098;310.8;99;0
4734;https://www.mgfishing.eu/10397/colmic-kyon-rs3-canna-roubaisienne.jpg;"Colmic Kyon RS3 - Canna Roubaisienne";8623B013;Home;1179.344262;1438.8;0;1
4733;https://www.mgfishing.eu/10393/kyor-kyon-rs5-canna-roubaisienne.jpg;"Kyor Kyon RS5 - Canna Roubaisienne";8622B013;Home;1671.147541;2038.8;0;1
4732;https://www.mgfishing.eu/10389/trabucco-kyon-rs7-13m-canna-roubaisienne.jpg;"Trabucco Kyon RS7 13m - Canna Roubaisienne";8621B013;Home;1803.278689;2200;0;1
4731;https://www.mgfishing.eu/10385/esp-kyon-rs9-13m-canna-roubaisienne.jpg;"ESP Kyon RS9 13m - Canna Roubaisienne";8620B013;Home;2540.983607;3100;3;0
4730;https://www.mgfishing.eu/10381/trabucco-evanon-5k-top-carp-canna-roubaisienne.jpg;"Trabucco Evanon 5K Top Carp - Canna Roubaisienne";8626B013;Home;2458.032787;2998.8;0;1
4729;https://www.mgfishing.eu/10377/esp-paioli-evanon-5k-top-match-13m-canna-roubaisienne.jpg;"ESP Paioli Evanon 5K Top Match 13m - Canna Roubaisienne";8625B013;Home;2711.475410;3308;1;0
4728;https://www.mgfishing.eu/10376/small-mv-r-kit-back-rest-10-posti-poggia-kit.jpg;"Small MV-R Kit Back Rest 10 Posti - Poggia Kit";01117001;Home;93.442623;114;138;0
4727;https://www.mgfishing.eu/10375/extra-mv-r-kit-front-rest-18-posti-poggia-kit.jpg;"Extra MV-R Kit Front Rest 18 Posti - Poggia Kit";01117004;Home;134.754098;164.4;104;0
4726;https://www.mgfishing.eu/10374/middy-medium-mv-r-kit-front-rest-12-posti-poggia-kit.jpg;"Middy Medium MV-R Kit Front Rest 12 Posti - Poggia Kit";01117003;Home;86.557377;105.6;0;1
4725;https://www.mgfishing.eu/10373/small-mv-r-kit-front-rest-10-posti-poggia-kit.jpg;"Small MV-R Kit Front Rest 10 Posti - Poggia Kit";01117002;Home;83.606557;102;33;0
4724;https://www.mgfishing.eu/10372/maver-mv-r-pro-roller-rullo.jpg;"Maver MV-R Pro Roller - Rullo";01147000;Home;176.065574;214.8;8;0
4723;https://www.mgfishing.eu/10371/mv-r-mv-r-pro-flat-bed-roller-rullo.jpg;"MV-R MV-R Pro Flat Bed Roller - Rullo";01148000;Home;137.704918;168;55;0
4722;https://www.mgfishing.eu/10370/trabucco-super-stiff-double-arm-bar-barra.jpg;"Trabucco Super Stiff Double Arm Bar - Barra";790A0127;Home;176.065574;214.8;51;0
4721;https://www.mgfishing.eu/10369/reality-reality-easy-box-tele-leg-gamba-panchetto.jpg;"Reality Reality Easy Box Tele Leg - Gamba panchetto";790A0134;Home;27.540984;33.6;9;0
4720;https://www.mgfishing.eu/10365/trabucco-monster-competition-canna-roubaisienne.jpg;"Trabucco Monster Competition - Canna Roubaisienne";8492B013;Home;1524.590164;1860;16;0
4719;https://www.mgfishing.eu//maver-combo-fighter-ks3-h-i-kit-rbs-pesca-al-colpo.jpg;"Maver Combo Fighter KS3 H/I - Kit RBS Pesca al colpo";08493C01;Home;500.000000;610;0;1
4718;https://www.mgfishing.eu//maver-combo-fighter-ks3-f-g-kit-rbs-pesca-al-colpo.jpg;"Maver Combo Fighter KS3 F/G - Kit RBS Pesca al colpo";08493C00;Home;377.049180;460;0;1
4717;https://www.mgfishing.eu/10359/maver-pack-kyon-r3-canna-roubaisienne.jpg;"Maver Pack Kyon R3 - Canna Roubaisienne";8523T000;Home;1934.426230;2360;0;1
4716;https://www.mgfishing.eu/10354/maver-kyon-r3-canna-roubaisienne.jpg;"Maver Kyon R3 - Canna Roubaisienne";8523B013;Home;786.885246;960;0;1
4715;https://www.mgfishing.eu/10348/maver-pack-kyon-r5-canna-roubaisienne.jpg;"Maver Pack Kyon R5 - Canna Roubaisienne";8522T000;Home;2704.918033;3300;0;1
4714;https://www.mgfishing.eu/10343/maver-kyon-r5-canna-roubaisienne.jpg;"Maver Kyon R5 - Canna Roubaisienne";8522B013;Home;983.606557;1200;0;1
4713;https://www.mgfishing.eu/10337/maver-pack-kyon-r7-canna-roubaisienne.jpg;"Maver Pack Kyon R7 - Canna Roubaisienne";8521T000;Home;3032.786885;3700;0;1
4712;https://www.mgfishing.eu/10336/maver-kyon-r7-canna-roubaisienne.jpg;"Maver Kyon R7 - Canna Roubaisienne";8521B013;Home;1786.885246;2180;0;1
4711;https://www.mgfishing.eu/10330/maver-pack-kyon-r9-canna-roubaisienne.jpg;"Maver Pack Kyon R9 - Canna Roubaisienne";8520T000;Home;6049.180328;7380;0;1
4710;https://www.mgfishing.eu/10324/maver-pack-evanon-4k-top-carp-canna-roubaisienne.jpg;"Maver Pack Evanon 4K Top Carp - Canna Roubaisienne";8526T000;Home;3606.557377;4400;0;1
4709;https://www.mgfishing.eu/10319/maver-evanon-4k-top-carp-canna-roubaisienne.jpg;"Maver Evanon 4K Top Carp - Canna Roubaisienne";8526B013;Home;1590.163934;1940;0;1
4708;https://www.mgfishing.eu/10313/maver-pack-evanon-4k-top-match-canna-roubaisienne.jpg;"Maver Pack Evanon 4K Top Match - Canna Roubaisienne";8525T000;Home;4262.295082;5200;0;1
4707;https://www.mgfishing.eu/10308/maver-evanon-4k-top-match-canna-roubaisienne.jpg;"Maver Evanon 4K Top Match - Canna Roubaisienne";8525B013;Home;2868.852459;3500;0;1
4706;https://www.mgfishing.eu/10303/maver-hyperlite-top-match-canna-roubaisienne.jpg;"Maver Hyperlite Top Match - Canna Roubaisienne";8527B013;Home;2131.147541;2600;0;1
4705;https://www.mgfishing.eu//nassa-fighter-4mt-nassa-per-pesca.jpg;"Nassa Fighter 4mt - Nassa per pesca";08048400;Home;114.754098;140;0;1
4704;https://www.mgfishing.eu//colmic-nassa-channel-350mt-nassa-da-pesca.jpg;"Colmic Nassa Channel 3.50mt - Nassa da Pesca";08049350;Home;201.639344;246;0;1
4703;https://www.mgfishing.eu/10302/trabucco-signature-q-r-keep-net-arm-attacco-per-nassa.jpg;"Trabucco Signature Q/R Keep Net Arm - Attacco per Nassa";790A0122;Home;14.754098;18;627;0
4702;https://www.mgfishing.eu/10301/signature-signature-q-r-mini-rear-rest-accessorio-per-panieri-da-pesca.jpg;"Signature Signature Q/R Mini Rear Rest - Accessorio per Panieri da Pesca";790A0119;Home;13.114754;16;84;0
4701;https://www.mgfishing.eu/10300/signature-signature-q-r-rear-rest-accessorio-panieri-pesca-al-colpo.jpg;"Signature Signature Q/R Rear Rest - Accessorio Panieri Pesca al colpo";790A0125;Home;16.393443;20;307;0
4700;https://www.mgfishing.eu/10297/natural-decolle-1l-collante-per-esche.jpg;"Natural Decolle 1l - Collante per Esche";3232S000;Home;7.377049;9;87;0
4699;https://www.mgfishing.eu/10294/trabucco-liant-a-coller-1l-collante-minerale-per-pastura.jpg;"Trabucco Liant a Coller 1l - Collante minerale per pastura";3231S000;Home;7.377049;9;0;1
4698;https://www.mgfishing.eu/10291/strong-bentonite-1l-collante-per-pasture.jpg;"Strong Bentonite 1l - Collante per Pasture";3230S000;Home;7.081967;8.64;15;0
4697;https://www.mgfishing.eu/10290/mg-fishing-giaccone-imbottito-made-in-italy-abbigliamento-da-pesca.jpg;"MG Fishing Giaccone Imbottito Made in Italy - Abbigliamento da Pesca";1531800L;Home;49.180328;60;0;1
4696;https://www.mgfishing.eu/10289/mg-fishing-pile-mezza-zip-verde-e-nero-abbigliamento-da-pesca.jpg;"MG FISHING Pile Mezza Zip Verde e Nero - Abbigliamento da Pesca";022223XL;Home;18.032787;22;0;1
4695;https://www.mgfishing.eu/10288/korda-k-way-imbottito-giacca-da-pesca-3xl.jpg;"Korda K-Way Imbottito - Giacca da Pesca 3XL";022203XL;Home;26.229508;32;0;1
4694;https://www.mgfishing.eu/10287/trabucco-telaio-porta-bacinella-accessorio-panieri-pesca.jpg;"Trabucco Telaio Porta Bacinella - Accessorio Panieri Pesca";0184700P;Home;6.819672;8.32;0;1
4693;https://www.mgfishing.eu/10286/buffet-tubo-rigido-1430x160mm-fodero-rigido-per-canne.jpg;"Buffet Tubo Rigido 1430x160mm - Fodero Rigido per Canne";00194160;Home;5.573770;6.8;0;1
4692;https://www.mgfishing.eu/10282/reactor-baits-pro-expert-feed-pellet-6mm-stiky-pellet-per-feeder.jpg;"Reactor Baits Pro Expert Feed Pellet 6mm Stiky - Pellet per Feeder";5046S004;Home;7.131148;8.7;81;0
4691;https://www.mgfishing.eu/10278/esp-pro-expert-pro-expert-feed-pellet-4mm-stiky-700g-esche-per-feeder-e-method.jpg;"ESP Pro Expert Pro Expert Feed Pellet 4mm Stiky 700g - Esche per Feeder e Method";5046S003;Home;7.131148;8.7;65;0
4690;https://www.mgfishing.eu/10274/reactor-baits-pro-expert-feed-pellet-2mm-700g-pellet-per-feeder.jpg;"Reactor Baits Pro Expert Feed Pellet 2mm 700g - Pellet per Feeder";5046S002;Home;7.131148;8.7;265;0
4689;https://www.mgfishing.eu/10270/reactor-baits-pro-expert-feed-pellet-2mm-stiky-pastura-per-feeder-e-carpfishing.jpg;"Reactor Baits Pro Expert Feed Pellet 2mm Stiky - Pastura per Feeder e Carpfishing";5046S001;Home;7.868852;9.6;0;1
4688;https://www.mgfishing.eu/10266/trabucco-kit-commercial-power-xs-2pz-kit-da-pesca-al-colpo.jpg;"Trabucco Kit Commercial Power XS 2pz. - Kit da Pesca al Colpo";8725K002;Home;144.262295;176;130;0
4687;https://www.mgfishing.eu/10262/trabucco-monster-margin-95m-con-mini-prolunga-canna-roubaisienne.jpg;"Trabucco Monster Margin 9.5m con Mini Prolunga - Canna Roubaisienne";8486B950;Home;573.770492;700;8;0
4686;https://www.mgfishing.eu/10257/maver-pack-medusa-evo-115m-canna-roubaisienne.jpg;"Maver Pack Medusa Evo 11.5m - Canna Roubaisienne";8485T000;Home;1434.426230;1750;0;1
4685;https://www.mgfishing.eu/10256/medusa-mini-prolunga-evo-accessorio-per-canne-da-pesca.jpg;"Medusa Mini Prolunga Evo - Accessorio per Canne da Pesca";8485C000;Home;113.114754;138;12;0
4684;https://www.mgfishing.eu/10252/maver-medusa-evo-115m-con-mini-prolunga-canna-roubaisienne.jpg;"Maver Medusa Evo 11.5m con Mini Prolunga - Canna Roubaisienne";8485B115;Home;721.311475;880;0;1
4683;https://www.mgfishing.eu/10247/maver-kyon-x2-pack-canna-roubaisienne.jpg;"Maver Kyon X2 Pack - Canna Roubaisienne";8483T000;Home;3106.557377;3790;0;1
4682;https://www.mgfishing.eu/10243/maver-kyon-x2-canna-roubaisienne.jpg;"Maver Kyon X2 - Canna Roubaisienne";8483B013;Home;1803.278689;2200;0;1
4681;https://www.mgfishing.eu/10238/maver-pack-x991-canna-roubaisienne.jpg;"Maver Pack X991 - Canna Roubaisienne";8482T000;Home;2540.983607;3100;0;1
4680;https://www.mgfishing.eu/10234/maver-x991-top-carp-canna-roubaisienne.jpg;"Maver X991 Top Carp - Canna Roubaisienne";8482B013;Home;1631.147541;1990;0;1
4679;https://www.mgfishing.eu/10229/maver-pack-x995-canna-roubaisienne.jpg;"Maver Pack X995 - Canna Roubaisienne";8481T000;Home;4426.229508;5400;0;1
4678;https://www.mgfishing.eu/10225/maver-x995-top-match-carp-canna-roubaisienne.jpg;"Maver X995 Top Match & Carp - Canna Roubaisienne";8481B013;Home;2745.901639;3350;0;1
4677;https://www.mgfishing.eu/10220/maver-pack-evanon-k801-canna-roubaisienne.jpg;"Maver Pack Evanon K801 - Canna Roubaisienne";8480T000;Home;5163.934426;6300;1;0
4676;https://www.mgfishing.eu/10216/maver-evanon-evanon-k801-13m-con-prolunga-k3-canna-roubaisienne.jpg;"Maver Evanon Evanon K801 13m con Prolunga K3 - Canna Roubaisienne";8480B013;Home;3442.622951;4200;0;1
4675;https://www.mgfishing.eu//maver-combo-fighter-xs3-sezione-f-g-kit.jpg;"Maver Combo Fighter XS3 sezione F/G - Kit";08491C00;Home;270.491803;330;0;1
4674;https://www.mgfishing.eu//maver-combo-fighter-xs2-sezione-f-g-kit.jpg;"Maver Combo Fighter XS2 sezione F/G - Kit";08490C00;Home;270.491803;330;0;1
4673;https://www.mgfishing.eu//maver-combo-fighter-4xs-e-5xs-sezione-d-e-kit.jpg;"Maver Combo Fighter 4XS e 5XS sezione D/E - Kit";08489C00;Home;144.262295;176;0;1
4672;https://www.mgfishing.eu/10212/trabucco-kit-commercial-powerlite-xs-2pz-kit-rbs-pesca-al-colpo.jpg;"Trabucco Kit Commercial Powerlite XS 2pz. - Kit RBS Pesca al colpo";8724K002;Home;155.737705;190;117;0
4671;https://www.mgfishing.eu/10208/maver-kit-mv-r-cupping-kit-specimen-xs-3pz-kit-pasturazione-coppetta.jpg;"Maver Kit MV-R Cupping Kit Specimen XS 3pz. - Kit Pasturazione Coppetta";8722K003;Home;213.114754;260;23;0
4670;https://www.mgfishing.eu/10204/maver-ablette-plus-95m-con-mini-prolunga-canna-roubaisienne.jpg;"Maver Ablette Plus 9.5m con Mini Prolunga - Canna Roubaisienne";8487B950;Home;680.327869;830;0;1
4669;https://www.mgfishing.eu/10203/trabucco-mini-prolunga-monster-margin-95m-kit-rbs-pesca-al-colpo.jpg;"Trabucco Mini Prolunga Monster Margin 9.5m - Kit RBS Pesca al colpo";8486C000;Home;73.770492;90;7;0
4668;https://www.mgfishing.eu/10199/trabucco-monster-arm-4m-manico-di-guadino.jpg;"Trabucco Monster Arm 4m - Manico di Guadino";02041400;Home;241.803279;295;62;0
4667;https://www.mgfishing.eu/10198/reality-reality-bank-stick-combo-accessorio-conta-metri-feeder.jpg;"Reality Reality Bank Stick Combo - Accessorio Conta Metri Feeder";01069000;Home;24.508197;29.9;12;0
4666;https://www.mgfishing.eu/10197/reality-reality-station-serbidora-con-trepiede.jpg;"Reality Reality Station - Serbidora con Trepiede";01146000;Home;31.967213;39;44;0
4665;https://www.mgfishing.eu/10196/reality-reality-adjustable-rod-rest-appoggia-canne.jpg;"Reality Reality Adjustable Rod Rest - Appoggia Canne";790A0109;Home;5.319672;6.49;915;0
4664;https://www.mgfishing.eu/10195/reality-reality-speedy-square-attacco-per-nasse.jpg;"Reality Reality Speedy Square - Attacco per Nasse";790A0107;Home;53.278689;65;4;0
4663;https://www.mgfishing.eu/10194/trabucco-reality-roller-rest-appoggia-canne.jpg;"Trabucco Reality Roller Rest - Appoggia Canne";790A0106;Home;23.688525;28.9;197;0
4662;https://www.mgfishing.eu/10193/reality-reality-adjustable-quiver-rest-appoggia-canne.jpg;"Reality Reality Adjustable Quiver Rest - Appoggia Canne";790A0105;Home;10.647541;12.99;272;0
4661;https://www.mgfishing.eu/10191/reality-reality-side-strike-tray-piatto-per-paniere.jpg;"Reality Reality Side Strike Tray - Piatto per Paniere";790A0103;Home;16.393443;20;80;0
4660;https://www.mgfishing.eu/10190/trabucco-reality-scodella-accessori-roubaisienne-pesca-al-colpo.jpg;"Trabucco Reality Scodella - Accessori Roubaisienne Pesca al colpo";00189001;Home;5.319672;6.49;1390;0
4659;https://www.mgfishing.eu/10189/recast-scatola-in-silicone-per-spoon-contenitore-per-spoon-e-mosche.jpg;"Recast Scatola in Silicone per Spoon - Contenitore per Spoon e Mosche";01452004;Home;17.950820;21.9;476;0
4658;https://www.mgfishing.eu/10188/recast-scatola-in-eva-per-spoon-contenitore-pesca.jpg;"Recast Scatola in Eva per Spoon - Contenitore pesca";01452003;Home;14.754098;18;7;0
4657;https://www.mgfishing.eu/10187/maver-scatola-per-accessori-255x195x35cm-contenitore-per-accessori.jpg;"Maver Scatola per Accessori 25.5x19.5x3.5cm - Contenitore per Accessori";01452002;Home;14.754098;18;848;0
4656;https://www.mgfishing.eu/10185/esp-wave-canna-tele-surf-con-anelli-42m-150g-canna-surfcasting.jpg;"ESP Wave Canna Tele Surf con Anelli 4.2m - 150g - Canna Surfcasting";05818001;Home;89.344262;109;133;0
4655;https://www.mgfishing.eu/10184/trabucco-canna-ultra-tele-surf-canna-surfcasting.jpg;"Trabucco Canna Ultra Tele Surf - Canna Surfcasting";05817001;Home;63.114754;77;157;0
4654;https://www.mgfishing.eu/10183/mg-fishing-snodo-per-stendifinali-e-serbidora-accessorio-per-panieri.jpg;"MG Fishing Snodo per Stendifinali e Serbidora - Accessorio per Panieri";0184800A;Home;2.540984;3.1;0;1
4653;https://www.mgfishing.eu/10182/adattatore-universale-completo-accessorio-da-pesca.jpg;"Adattatore Universale Completo - Accessorio da Pesca";0184700S;Home;9.016393;11;0;1
4652;https://www.mgfishing.eu/10173/maver-blitz-spin-travel-4sec-4-15g-con-anelli-canna-da-spinning.jpg;"Maver Blitz Spin Travel 4sec. 4-15g con Anelli - Canna da Spinning";05793001;Home;68.754098;83.88;0;1
4651;https://www.mgfishing.eu/10169/maver-grizzly-grizzly-signature-pro-trt-canna-trota-torrente.jpg;"Maver Grizzly Grizzly Signature Pro TRT - Canna Trota Torrente";8461B010;Home;304.918033;372;0;1
4650;https://www.mgfishing.eu/10168/trabucco-protector-x3-kit-rbs-pesca-al-colpo.jpg;"Trabucco Protector X3 - Kit RBS Pesca al colpo";83060007;Home;56.557377;69;0;1
4649;https://www.mgfishing.eu/10167/daiwa-tension-adjustment-darkside-10000-mulinello-surfcasting.jpg;"Daiwa Tension Adjustment Darkside 10000 - Mulinello Surfcasting";809MFD10;Home;5.622951;6.86;0;1
4648;https://www.mgfishing.eu/10166/maver-reality-feeder-chair-26x76cm-sedia-da-pesca-feeder.jpg;"Maver Reality Feeder Chair 26x76cm - Sedia da Pesca Feeder";800P0016;Home;103.278689;126;0;1
4647;https://www.mgfishing.eu/10165/trabucco-attaco-per-il-paniere-signature-25-30-36mm-accessorio-per-panieri-da-pesca.jpg;"Trabucco Attaco per il Paniere Signature 25-30-36mm - Accessorio per Panieri da Pesca";800A0027;Home;4.713115;5.75;0;1
4646;https://www.mgfishing.eu/10164/trabucco-kit-traino-accessorio-per-panieri-da-pesca.jpg;"Trabucco Kit Traino - Accessorio per Panieri da Pesca";790A0101;Home;127.049180;155;48;0
4645;https://www.mgfishing.eu/10163/trabucco-830-side-tray-piatto-laterale-per-esche.jpg;"Trabucco 830 Side Tray - Piatto laterale per esche";790A0100;Home;213.114754;260;39;0
4644;https://www.mgfishing.eu/10162/mg-fishing-520-side-tray-piatto-accessorio-da-pesca.jpg;"MG Fishing 520 Side Tray - Piatto accessorio da pesca";790A0099;Home;83.606557;102;129;0
4643;https://www.mgfishing.eu/10161/trabucco-410-sunny-side-tray-41x32x5cm-piatto.jpg;"Trabucco 410 Sunny Side Tray 41x32x5cm - Piatto";790A0098;Home;94.262295;115;2;0
4642;https://www.mgfishing.eu/10160/410-side-tray-41x32x5cm-piatto.jpg;"410 Side Tray 41x32x5cm - Piatto";790A0097;Home;54.098361;66;42;0
4641;https://www.mgfishing.eu/10159/mv-r-mv-r-double-brace-umbrella-arm-accessorio-supporto-ombrellone.jpg;"MV-R MV-R Double Brace Umbrella Arm - Accessorio Supporto Ombrellone";790A0096;Home;30.163934;36.8;186;0
4640;https://www.mgfishing.eu/10158/maver-mv-r-bar-66cm-ricambio-barra-neoprene.jpg;"Maver MV-R Bar 66cm - Ricambio Barra Neoprene";790A0095;Home;28.360656;34.6;185;0
4639;https://www.mgfishing.eu/10157/mv-r-mv-r-frontal-keepnet-25-30-36mm-accessorio-per-panieri-pesca.jpg;"MV-R MV-R Frontal Keepnet 25-30-36mm - Accessorio per Panieri Pesca";790A0094;Home;14.672131;17.9;165;0
4638;https://www.mgfishing.eu/10156/maver-mv-r-frontal-bar-180-accessorio-per-panieri-da-pesca.jpg;"MAVER MV-R Frontal Bar 180° - Accessorio per Panieri da Pesca";790A0093;Home;113.934426;139;73;0
4637;https://www.mgfishing.eu/10155/mv-r-mv-r-connector-150-25-30-36mm-accessorio-panieri-pesca.jpg;"MV-R MV-R Connector 150 25-30-36mm - Accessorio Panieri Pesca";790A0091;Home;31.967213;39;66;0
4636;https://www.mgfishing.eu/10154/reality-fishing-game-rod-holder-supporto-per-canna.jpg;"Reality Fishing Game Rod Holder - Supporto per canna";790A0090;Home;7.540984;9.2;466;0
4635;https://www.mgfishing.eu/10153/reality-reality-protection-rod-holder-supporto-multitecnica-per-canna.jpg;"Reality Reality Protection Rod Holder - Supporto Multitecnica per Canna";790A0089;Home;9.754098;11.9;0;1
4634;https://www.mgfishing.eu/10152/trabucco-reality-rear-rest-supporto-per-calcio-canna.jpg;"Trabucco Reality Rear Rest - Supporto per calcio canna";790A0087;Home;3.688525;4.5;630;0
4633;https://www.mgfishing.eu/10151/reality-team-reality-team-rest-35cm-supporto-per-canna.jpg;"Reality Team Reality Team Rest 35cm - Supporto per Canna";790A0086;Home;11.467213;13.99;0;1
4632;https://www.mgfishing.eu/10150/reality-reality-rod-rest-adjustable-supporto-per-canna.jpg;"Reality Reality Rod Rest Adjustable - Supporto per Canna";790A0084;Home;5.729508;6.99;301;0
4631;https://www.mgfishing.eu/10149/trabucco-reality-hair-rod-rest-accessorio-supporto-canna.jpg;"Trabucco Reality Hair Rod Rest - Accessorio Supporto Canna";790A0083;Home;5.327869;6.5;297;0
4630;https://www.mgfishing.eu/10148/mv-r-mv-r-simply-arm-accessorio-per-panieri-da-pesca.jpg;"MV-R MV-R Simply Arm - Accessorio per Panieri da Pesca";790A0074;Home;23.770492;29;17;0
4629;https://www.mgfishing.eu/10147/maver-mv-r-mini-rest-accessorio-per-braccetto-a-l.jpg;"Maver MV-R Mini Rest - Accessorio per Braccetto a L";790A0073;Home;23.770492;29;47;0
4628;https://www.mgfishing.eu/10146/mv-r-mv-r-double-accessory-arms-25cm-braccio-accessorio-per-panieri-da-pesca.jpg;"MV-R MV-R Double Accessory Arms 25cm - Braccio Accessorio per Panieri da Pesca";790A0072;Home;40.983607;50;91;0
4627;https://www.mgfishing.eu/10145/reactor-baits-potato-power-250g-farina-per-pasturazione.jpg;"Reactor Baits Potato Power 250g - Farina per Pasturazione";5045S001;Home;5.737705;7;49;0
4626;https://www.mgfishing.eu/10144/reactor-baits-l-aminox-100g-metionin-99-hcl-integratore-per-pesca.jpg;"Reactor Baits L-Aminox 100g Metionin 99% HCL - Integratore per pesca";5044S003;Home;18.344262;22.38;0;1
4625;https://www.mgfishing.eu/10143/reactor-baits-l-aminox-100g-lysine-99-hcl-aminoacido-per-carpfishing.jpg;"Reactor Baits L-Aminox 100g Lysine 99% HCL - Aminoacido per Carpfishing";5044S002;Home;14.065574;17.16;0;1
4624;https://www.mgfishing.eu/10142/esp-reactor-baits-l-aminox-100g-threonin-985-aminoacido-per-esche.jpg;"ESP Reactor Baits L-Aminox 100g Threonin 98.5% - Aminoacido per esche";5044S001;Home;14.065574;17.16;0;1
4623;https://www.mgfishing.eu/10141/reactor-baits-natural-crushed-fishmeal-strategy-method-1kg-pastura-da-feeder.jpg;"Reactor Baits Natural Crushed Fishmeal Strategy Method 1kg - Pastura da Feeder";2039S005;Home;3.442623;4.2;23;0
4622;https://www.mgfishing.eu/10140/trabucco-cappello-team-set-evo-cappello-da-pesca.jpg;"Trabucco Cappello Team Set Evo - Cappello da Pesca";16226004;Home;7.786885;9.5;0;1
4621;https://www.mgfishing.eu/10139/mg-fishing-asciugamano-mani-58x42cm-accessori-da-pesca.jpg;"MG FISHING Asciugamano Mani 58x42cm - Accessori da Pesca";16000001;Home;7.540984;9.2;0;1
4620;https://www.mgfishing.eu/10138/maver-scalda-collo-accessorio-abbigliamento-da-pesca.jpg;"Maver Scalda Collo - Accessorio Abbigliamento da Pesca";15021MVR;Home;9.836066;12;0;1
4619;https://www.mgfishing.eu/10134/maver-itaka-itaka-surf-3sec-420m-200g-con-anelli-canna-surfcasting.jpg;"Maver Itaka Itaka Surf 3Sec. 4.20m 200g con Anelli - Canna Surfcasting";05787001;Home;55.737705;68;68;0
4618;https://www.mgfishing.eu/10130/maver-oragon-oragon-telesurf-canna-surfcasting.jpg;"Maver Oragon Oragon Telesurf - Canna Surfcasting";05723360;Home;22.131148;27;0;1
4617;https://www.mgfishing.eu/10129/rainbow-ombrellone-rainbow-sealed-100-pvc-ombrellone-da-pesca.jpg;"Rainbow Ombrellone Rainbow Sealed 100% PVC - Ombrellone da pesca";01871001;Home;155.737705;190;0;1
4616;https://www.mgfishing.eu/10128/mg-fishing-ombrellone-50-pvc-spalmato-250m-ombrellone-da-pesca.jpg;"MG FISHING Ombrellone 50% PVC Spalmato 2.50m - Ombrellone da pesca";01863004;Home;79.508197;97;0;1
4615;https://www.mgfishing.eu/10127/solar-ombrellone-nylon-team-220m-accessorio-da-pesca.jpg;"Solar Ombrellone Nylon Team 2.20m - Accessorio da Pesca";01863003;Home;58.918033;71.88;12;0
4614;https://www.mgfishing.eu/10126/trabucco-tripode-signature-surf-accessorio-surfcasting.jpg;"Trabucco Tripode Signature Surf - Accessorio Surfcasting";01839000;Home;118.852459;145;0;1
4613;https://www.mgfishing.eu/10125/reality-tripode-reality-surf-accessorio-da-surfcasting.jpg;"Reality Tripode Reality Surf - Accessorio da Surfcasting";01838000;Home;94.262295;115;0;1
4612;https://www.mgfishing.eu/10124/trabucco-set-matrioske-competition-set-scatole-per-pesca.jpg;"Trabucco Set Matrioske Competition - Set Scatole per Pesca";01456000;Home;13.655738;16.66;0;1
4611;https://www.mgfishing.eu/10123/colmic-scatola-46-rotolini-in-eva-verdi-e-grigi-accessori-da-pesca.jpg;"Colmic Scatola 46 Rotolini in Eva Verdi e Grigi - Accessori da Pesca";01264016;Home;34.262295;41.8;158;0
4610;https://www.mgfishing.eu/10122/mg-fishing-scatola-24-rotolini-in-eva-verdi-e-grigi-accessori-da-pesca.jpg;"MG FISHING Scatola 24 Rotolini in Eva Verdi e Grigi - Accessori da Pesca";01264015;Home;36.606557;44.66;0;1
4609;https://www.mgfishing.eu/10121/mg-fishing-scatola-10-rotolini-in-eva-verdi-e-grigi-accessorio-da-pesca.jpg;"MG FISHING Scatola 10 Rotolini in Eva Verdi e Grigi - Accessorio da Pesca";01264014;Home;18.032787;22;0;1
4608;https://www.mgfishing.eu/10120/mg-fishing-scatola-6-rotolini-in-eva-verdi-e-grigi-accessorio-da-pesca.jpg;"MG Fishing Scatola 6 Rotolini in Eva Verdi e Grigi - Accessorio da Pesca";01264013;Home;16.393443;20;147;0
4607;https://www.mgfishing.eu/10119/trabucco-signature-multi-double-roost-appoggia-canne.jpg;"Trabucco Signature Multi Double Roost - Appoggia Canne";01116003;Home;155.737705;190;0;1
4606;https://www.mgfishing.eu/10118/maver-fionda-mv-r-hard-fionda-per-pesca.jpg;"Maver Fionda MV-R Hard - Fionda per pesca";01084003;Home;10.327869;12.6;1;0
4605;https://www.mgfishing.eu/10117/milo-fionda-mv-r-medium-fionda-da-pesca.jpg;"Milo Fionda MV-R Medium - Fionda da Pesca";01084002;Home;10.327869;12.6;0;1
4604;https://www.mgfishing.eu/10116/vaschetta-2l-accessorio-da-pesca.jpg;"Vaschetta 2l - Accessorio da pesca";01070002;Home;6.967213;8.5;0;1
4603;https://www.mgfishing.eu/10115/vaschetta-1l-contenitore-per-accessori-da-pesca.jpg;"Vaschetta 1l - Contenitore per Accessori da Pesca";01070001;Home;5.655738;6.9;0;1
4602;https://www.mgfishing.eu/10114/trabucco-setaccio-13l-rete-04mm-accessorio-da-pesca.jpg;"Trabucco Setaccio 13L Rete 0.4mm - Accessorio da Pesca";01050001;Home;6.393443;7.8;14;0
4601;https://www.mgfishing.eu/10113/colmic-setaccio-40l-rete-04mm-accessorio-da-pesca.jpg;"Colmic Setaccio 40l Rete 0.4mm - Accessorio da Pesca";01049000;Home;9.672131;11.8;0;1
4600;https://www.mgfishing.eu/10112/kraken-sughero-kraken-rxk-handle-front-165x21x24x2mm-accessorio-spinning.jpg;"Kraken Sughero Kraken-RXK Handle Front 165x21x24x2mm - Accessorio Spinning";00883008;Home;4.311475;5.26;34;0
4599;https://www.mgfishing.eu/10111/trabucco-butt-in-sughero-big-bait-c-front-100xo26mm-accessorio-spinning.jpg;"Trabucco Butt in Sughero Big Bait C Front 100xØ26mm - Accessorio Spinning";00883006;Home;3.032787;3.7;1;0
4598;https://www.mgfishing.eu/10110/maver-maver-roller-slot-accessorio-roubaisienne.jpg;"Maver Maver Roller Slot - Accessorio Roubaisienne";00843003;Home;9.180328;11.2;102;0
4597;https://www.mgfishing.eu/10109/colmic-butterfly-keeper-accessorio-panieri-pesca-al-colpo.jpg;"Colmic Butterfly Keeper - Accessorio Panieri Pesca al colpo";00319002;Home;10.163934;12.4;0;1
4596;https://www.mgfishing.eu/10108/gardner-double-cup-green-accessorio-roubaisienne.jpg;"Gardner Double Cup Green - Accessorio Roubaisienne";00188000;Home;5.573770;6.8;0;1
4595;https://www.mgfishing.eu/10103/maver-roubaisienne-super-carp-x5-13m-canna-roubaisienne.jpg;"Maver Roubaisienne Super Carp X5 13m - Canna Roubaisienne";8460B013;Home;326.229508;398;0;1
4594;https://www.mgfishing.eu//maver-mv-r-v-one-kit-canne-da-pesca-rbs.jpg;"Maver MV-R V One - Kit Canne da Pesca RBS";08716KAB;Home;83.606557;102;7;0
4593;https://www.mgfishing.eu/10099/maver-kit-mv-r-cupping-3-sezioni-kit-rbs-pesca-al-colpo.jpg;"Maver Kit MV-R Cupping 3 Sezioni - Kit RBS Pesca al colpo";8715K003;Home;172.131148;210;1;0
4592;https://www.mgfishing.eu/10098/colmic-protector-k3-canna-roubaisienne.jpg;"Colmic Protector K3 - Canna Roubaisienne";86030006;Home;56.557377;69;36;0
4591;https://www.mgfishing.eu/10093/maver-roubaisienne-renegade-rx-canna-roubaisienne.jpg;"Maver Roubaisienne Renegade RX - Canna Roubaisienne";8478B900;Home;451.475410;550.8;0;1
4590;https://www.mgfishing.eu/10088/maver-roubaisienne-dynasty-evo-canna-da-pesca-roubaisienne.jpg;"Maver Roubaisienne Dynasty Evo - Canna da Pesca Roubaisienne";8477B013;Home;785.901639;958.8;0;1
4589;https://www.mgfishing.eu/10084/maver-roubaisienne-reactorlite-13m-con-mini-prolunga-r1-canna-roubaisienne.jpg;"Maver Roubaisienne Reactorlite 13m con Mini Prolunga R1 - Canna Roubaisienne";8476B013;Home;3154.590164;3848.6;0;1
4588;https://www.mgfishing.eu/10080/maver-roubaisienne-mv-r-power-race-13m-con-mini-prolunga-x2-canna-roubaisienne.jpg;"Maver Roubaisienne MV-R Power Race 13m con Mini Prolunga X2 - Canna Roubaisienne";8475B013;Home;1064.754098;1299;0;1
4587;https://www.mgfishing.eu/10076/maver-pack-mv-r-top-race-canna-roubaisienne.jpg;"Maver Pack MV-R Top Race - Canna Roubaisienne";8474T000;Home;2540.163934;3099;0;1
4586;https://www.mgfishing.eu/10072/maver-roubaisienne-mv-r-top-race-13m-con-mini-prolunga-x2-canna-roubaisienne.jpg;"Maver Roubaisienne MV-R Top Race 13m con Mini Prolunga X2 - Canna Roubaisienne";8474B013;Home;1269.672131;1549;0;1
4585;https://www.mgfishing.eu/10070/maver-pack-99k5-canna-roubaisienne.jpg;"Maver Pack 99K5 - Canna Roubaisienne";8472T000;Home;3851.639344;4699;0;1
4584;https://www.mgfishing.eu/10066/maver-roubaisienne-99k5-13m-con-mini-prolunga-x3-canna-roubaisienne.jpg;"Maver Roubaisienne 99K5 13m con Mini Prolunga X3 - Canna Roubaisienne";8472B013;Home;2294.262295;2799;0;1
4583;https://www.mgfishing.eu/10058/maver-pack-legend-k800-canna-roubaisienne.jpg;"Maver Pack Legend K800 - Canna Roubaisienne";8471T000;Home;4409.836066;5380;0;1
4582;https://www.mgfishing.eu/10054/goblin-siluro-storione-tele-42m-300g-canna-universale.jpg;"Goblin Siluro Storione Tele 4.2m - 300g - Canna Universale";05768001;Home;134.426230;164;4;0
4581;https://www.mgfishing.eu/10050/maver-lake-monster-siluro-storione-canna-universale.jpg;"Maver Lake Monster Siluro Storione - Canna Universale";05780001;Home;89.344262;109;0;1
4580;https://www.mgfishing.eu/10046/maver-kit-commercial-matchlite-2-pieces-kit-canne-match.jpg;"Maver Kit Commercial MatchLITE 2 Pieces - Kit Canne Match";8704K002;Home;106.557377;130;0;1
4579;https://www.mgfishing.eu/10042/trabucco-kit-commercial-powerlite-2-pieces-kit-pesca-al-colpo.jpg;"Trabucco Kit Commercial Powerlite 2 Pieces - Kit Pesca al Colpo";8703K002;Home;147.540984;180;0;1
4578;https://www.mgfishing.eu/10038/maver-kit-commercial-power-2-pieces-kit-rbs-pesca-al-colpo.jpg;"Maver Kit Commercial Power 2 Pieces - Kit RBS Pesca al colpo";8702K002;Home;144.262295;176;0;1
4577;https://www.mgfishing.eu/10034/trabucco-kit-commercial-powerplus-2-pieces-kit-da-pesca-al-colpo.jpg;"Trabucco Kit Commercial PowerPlus 2 Pieces - Kit da Pesca al Colpo";8701K002;Home;72.131148;88;0;1
4576;https://www.mgfishing.eu/10030/maver-kit-commercial-cupping-2-pieces-kit-pesca-al-colpo.jpg;"Maver Kit Commercial Cupping 2 Pieces - Kit Pesca al Colpo";8700K002;Home;65.573770;80;0;1
4575;https://www.mgfishing.eu/10029/trabucco-mini-biconica-9901-9701-section-e-f-canne-da-pesca-kit-rbs-pesca-al-colpo.jpg;"Trabucco Mini Biconica 9901 & 9701 Section E/F - Canne da Pesca Kit RBS Pesca al colpo";8455C000;Home;26.229508;32;0;1
4574;https://www.mgfishing.eu/10024/maver-pack-commercial-ghost-57-3m-canna-roubaisienne.jpg;"Maver Pack Commercial Ghost 57 3m - Canna Roubaisienne";8442T000;Home;819.672131;1000;0;1
4573;https://www.mgfishing.eu/10020/maver-commercial-ghost-87-13m-con-mini-prolunga-canna-roubaisienne.jpg;"Maver Commercial Ghost 87 13m con Mini Prolunga - Canna Roubaisienne";8441B013;Home;778.688525;950;0;1
4572;https://www.mgfishing.eu/10019/trabucco-mini-biconica-ghost-section-f-g-kit-rbs-pesca-al-colpo.jpg;"Trabucco Mini Biconica Ghost Section F/G - Kit RBS Pesca al colpo";8440C001;Home;57.377049;70;0;1
4571;https://www.mgfishing.eu/10015/maver-commercial-ghost-97-commercial-canna-roubaisienne.jpg;"Maver Commercial Ghost 97 Commercial - Canna Roubaisienne";8440B013;Home;1106.557377;1350;0;1
4570;https://www.mgfishing.eu//signature-signature-pro-slim-side-tray-piatto-estensibile.jpg;"Signature Signature Pro Slim Side Tray - Piatto estensibile";790A0065;Home;90.163934;110;15;0
4569;https://www.mgfishing.eu//signature-signature-pro-mega-side-tray-piatto-estendibile.jpg;"Signature Signature Pro Mega Side Tray - Piatto Estendibile";790A0064;Home;60.000000;73.2;0;1
4568;https://www.mgfishing.eu/10014/maver-mv-r-bobble-hat-cappello.jpg;"Maver MV-R Bobble Hat - Cappello";16221003;Home;16.229508;19.8;0;1
4567;https://www.mgfishing.eu/10010/maver-kit-spare-part-commercial-force-kit-rbs-pesca-al-colpo.jpg;"Maver Kit Spare Part Commercial Force - Kit RBS Pesca al colpo";0496800D;Home;87.778689;107.09;0;1
4566;https://www.mgfishing.eu/10006/maver-kit-spare-part-commercial-silverfish-kit-pesca-al-colpo.jpg;"Maver Kit Spare Part Commercial SilverFish - Kit Pesca al colpo";0496700D;Home;65.155738;79.49;0;1
4565;https://www.mgfishing.eu//maver-roubaisienne-legend-k800-13m-con-mini-prolunga-k3-canna-roubaisienne.jpg;"Maver Roubaisienne Legend K800 13m con Mini Prolunga K3 - Canna Roubaisienne";8471B013;Home;2786.065574;3399;0;1
4564;https://www.mgfishing.eu/10005/maver-compact-box-panchetto-da-pesca-al-colpo.jpg;"Maver Compact Box - Panchetto da Pesca al Colpo";800P0015;Home;211.475410;258;0;1
4563;https://www.mgfishing.eu//colmic-pedana-scorrevole-compact-box-accessorio-panieri-pesca.jpg;"Colmic Pedana Scorrevole Compact Box - Accessorio Panieri Pesca";800A0028;Home;225.245902;274.8;0;1
4562;https://www.mgfishing.eu/10004/jurassic-jurassic-feeder-distancecapped-3xl-piombi-feeder.jpg;"Jurassic Jurassic Feeder DistanceCapped 3XL - Piombi Feeder";00434030;Home;8.016393;9.78;1;0
4561;https://www.mgfishing.eu/10003/jurassic-jurassic-feeder-beads-piombi-da-feeder.jpg;"Jurassic Jurassic Feeder Beads - Piombi da Feeder";00429001;Home;5.737705;7;1;0
4560;https://www.mgfishing.eu/10002/winner-winner-flame-500m-100g-con-anelli-canna-universale.jpg;"Winner Winner Flame 5.00m 100g con Anelli - Canna Universale";05497500;Home;57.213115;69.8;0;1
4559;https://www.mgfishing.eu/10001/roubaisienne-boccola-in-carbonio-accessorio-roubaisienne.jpg;"Roubaisienne Boccola in Carbonio - Accessorio Roubaisienne";00159350;Home;2.459016;3;6;0
4558;https://www.mgfishing.eu/10000/maver-tubo-trasparente-60x1920mm-accessorio-per-pesca.jpg;"Maver Tubo Trasparente 60x1920mm - Accessorio per pesca";00268192;Home;11.606557;14.16;246;0
4557;https://www.mgfishing.eu/9999/maver-tubo-trasparente-50x1820mm-tubo-protettivo-per-attrezzatura.jpg;"Maver Tubo Trasparente 50x1820mm - Tubo Protettivo per Attrezzatura";00267182;Home;8.655738;10.56;39;0
4556;https://www.mgfishing.eu/9998/maver-tubo-trasparente-30x1750mm-accessorio-per-pesca.jpg;"Maver Tubo Trasparente 30x1750mm - Accessorio per Pesca";00265175;Home;5.393443;6.58;306;0
4555;https://www.mgfishing.eu/9997/maver-canna-dynasty-black-canna-roubaisienne.jpg;"Maver Canna Dynasty Black - Canna Roubaisienne";8400B115;Home;532.786885;650;0;1
4554;https://www.mgfishing.eu/9996/carp-spirit-carp-yellow-energy-25kg-pastura.jpg;"Carp Spirit Carp Yellow Energy 2.5Kg - Pastura";3190S000;Home;8.836066;10.78;0;1
4553;https://www.mgfishing.eu/9995/colmic-espositore-in-plastica-16-pose-accessori-vari-pesca.jpg;"Colmic Espositore in Plastica 16 Pose - Accessori Vari Pesca";02177016;Home;58.196721;71;0;1
4552;https://www.mgfishing.eu/9994/colmic-espositore-in-alluminio-24-pose-accessori-pesca.jpg;"Colmic Espositore in Alluminio 24 Pose - Accessori Pesca";02177015;Home;115.573770;141;11;0
4551;https://www.mgfishing.eu/9993/trabucco-pasturatore-galla-per-paniere-accessorio-panieri-pesca-al-colpo.jpg;"Trabucco Pasturatore Galla per Paniere - Accessorio Panieri Pesca al Colpo";01825000;Home;6.557377;8;2;0
4550;https://www.mgfishing.eu/9992/trabucco-reglass-supercast-antifriction-canna-carpfishing.jpg;"Trabucco Reglass Supercast Antifriction - Canna Carpfishing";4646B001;Home;81.147541;99;1;0
4549;https://www.mgfishing.eu/9991/mv-r-side-tray-ghost-big-63x54cm-piatto-feeder.jpg;"MV-R Side Tray Ghost Big 63x54cm - Piatto Feeder";790A0069;Home;78.688525;96;6;0
4548;https://www.mgfishing.eu/9990/middy-side-tray-mv-r-ghost-small-piatto-feeder.jpg;"Middy Side Tray MV-R Ghost Small - Piatto Feeder";790A0068;Home;89.344262;109;25;0
4547;https://www.mgfishing.eu/9989/side-tray-con-tenda-60x45cm-accessorio-panieri-pesca.jpg;"Side Tray con Tenda 60x45cm - Accessorio Panieri Pesca";790A0067;Home;72.131148;88;0;1
4546;https://www.mgfishing.eu/9988/daiwa-signature-sxi-tele-legs-36mm-gamba-per-accessori-panieri.jpg;"Daiwa Signature SXi Tele Legs 36mm - Gamba per Accessori Panieri";790A0079;Home;38.524590;47;0;1
4545;https://www.mgfishing.eu/9987/trabucco-signature-sxi-double-front-drawer-modulo-per-panieri-da-pesca.jpg;"Trabucco Signature SXi Double Front Drawer - Modulo per Panieri da Pesca";790A0078;Home;132.786885;162;0;1
4544;https://www.mgfishing.eu/9986/signature-signature-sxi-cross-drawer-unit-60mm-modulo-accessorio-per-panieri.jpg;"Signature Signature SXi Cross Drawer Unit 60mm - Modulo accessorio per panieri";790A0077;Home;108.196721;132;10;0
4543;https://www.mgfishing.eu/9985/signature-signature-sxi-tray-unit-30mm-modulo-panieri-pesca.jpg;"Signature Signature SXi Tray Unit 30mm - Modulo Panieri Pesca";790A0076;Home;53.278689;65;169;0
4542;https://www.mgfishing.eu/9984/signature-signature-sxi-feeder-arm-36mm-feeder-arm.jpg;"Signature Signature SXi Feeder Arm 36mm - Feeder Arm";790A0075;Home;45.901639;56;57;0
4541;https://www.mgfishing.eu/9983/reactor-baits-no-pressure-mix-pop-up-farina-additivo.jpg;"Reactor Baits No Pressure Mix Pop Up - Farina Additivo";3400S003;Home;6.147541;7.5;0;1
4540;https://www.mgfishing.eu/9982/reactor-baits-aenigma-amur-1kg-pastura-method.jpg;"Reactor Baits Aenigma Amur 1Kg - Pastura Method";2031S000;Home;6.065574;7.4;83;0
4539;https://www.mgfishing.eu/9981/trabucco-protector-serie-x2-kit-rbs-pesca-al-colpo.jpg;"Trabucco Protector Serie X2 - Kit RBS Pesca al colpo";86030005;Home;56.557377;69;36;0
4538;https://www.mgfishing.eu/9980/trabucco-protector-serie-x3-kit-rbs-pesca-al-colpo.jpg;"Trabucco Protector Serie X3 - Kit RBS Pesca al colpo";86030004;Home;54.098361;66;0;1
4537;https://www.mgfishing.eu/9979/reactor-baits-natural-light-fish-2mm-pellet.jpg;"Reactor Baits Natural Light Fish 2mm - Pellet";5039S002;Home;6.393443;7.8;0;1
4536;https://www.mgfishing.eu/9978/perfect-fish-perfect-fish-protein-2mm-pellet.jpg;"Perfect Fish Perfect Fish Protein 2mm - Pellet";5038S002;Home;4.426230;5.4;79;0
4535;https://www.mgfishing.eu/9977/set-canne-alborella-sx-canna-fissa.jpg;"Set Canne Alborella SX - Canna Fissa";4759B000;Home;180.327869;220;18;0
4534;https://www.mgfishing.eu/9976/maver-recast-rxe-6-3-m-canna-da-spinning.jpg;"Maver Recast RXE 6'3'' M - Canna da Spinning";4684B063;Home;32.786885;40;0;1
4533;https://www.mgfishing.eu/9975/medusa-kit-ab-tip-2-pz-kit-puntali-per-roubasienne-all-round.jpg;"Medusa Kit AB Tip 2 pz. - Kit Puntali per Roubasienne All Round";4675KAB3;Home;31.147541;38;0;1
4532;https://www.mgfishing.eu/9974/dynasty-mini-prolunga-dynasty-115m-accessorio-per-canne-da-pesca.jpg;"Dynasty Mini Prolunga Dynasty 11.5m - Accessorio per Canne da Pesca";4579C001;Home;14.754098;18;0;1
4531;https://www.mgfishing.eu/9973/reactor-baits-pop-up-boilies-10mm-mixed-colour-50g-esche-carpfishing.jpg;"Reactor Baits Pop Up Boilies 10mm Mixed Colour 50g - Esche Carpfishing";4507S010;Home;6.065574;7.4;0;1
4530;https://www.mgfishing.eu/9972/reactor-baits-pop-up-boilies-black-15mm-100g-esche-per-carpfishing.jpg;"Reactor Baits Pop Up Boilies Black 15mm 100g - Esche per Carpfishing";4506S015;Home;9.016393;11;0;1
4529;https://www.mgfishing.eu/9971/reactor-baits-belachad-quad-250g-additivo.jpg;"Reactor Baits Belachad Quad 250g - Additivo";3752S000;Home;13.770492;16.8;0;1
4528;https://www.mgfishing.eu/9969/maver-reel-darkside-10000-mulinello.jpg;"Maver Reel Darkside 10000 - Mulinello";809MDA10;Home;97.540984;119;163;0
4527;https://www.mgfishing.eu/9968/monkey-bobina-di-ricambio-bobina-di-mulinello.jpg;"Monkey Bobina di Ricambio - Bobina di Mulinello";809BPOWER;Home;2.950820;3.6;4;0
4526;https://www.mgfishing.eu/9967/maver-mv-r-method-rest-supporto-per-paniere-da-pesca.jpg;"Maver MV-R Method Rest - Supporto per Paniere da Pesca";800A0025;Home;23.770492;29;66;0
4525;https://www.mgfishing.eu/9966/mv-r-mv-r-canal-feeder-arm-feeder-arm.jpg;"MV-R MV-R Canal Feeder Arm - Feeder Arm";800A0024;Home;27.049180;33;27;0
4524;https://www.mgfishing.eu/9965/mv-r-mv-r-river-feeder-arm-feeder-arm.jpg;"MV-R MV-R River Feeder Arm - Feeder Arm";800A0023;Home;65.491803;79.9;50;0
4523;https://www.mgfishing.eu/9964/colmic-mv-r-double-lateral-pole-manine-appoggia-canna.jpg;"Colmic MV-R Double Lateral Pole - Manine Appoggia Canna";800A0022;Home;28.688525;35;13;0
4522;https://www.mgfishing.eu/9963/colmic-mv-r-feeder-rest-supporto-per-feeder.jpg;"Colmic MV-R Feeder Rest - Supporto per Feeder";800A0021;Home;23.770492;29;43;0
4521;https://www.mgfishing.eu/9962/reactor-baits-insect-birdfood-500g-farina-additivo.jpg;"Reactor Baits Insect BirdFood 500g - Farina Additivo";7558S003;Home;4.836066;5.9;11;0
4520;https://www.mgfishing.eu/9961/reactor-baits-spicy-birdfood-farina-additivo.jpg;"Reactor Baits Spicy BirdFood - Farina Additivo";7558S002;Home;8.032787;9.8;0;1
4519;https://www.mgfishing.eu/9960/reactor-baits-nectar-birdfood-500g-farina-additivo.jpg;"Reactor Baits Nectar BirdFood 500g - Farina Additivo";7558S001;Home;3.770492;4.6;3;0
4518;https://www.mgfishing.eu/9959/reactor-baits-liquid-stabilizer-additivi-e-aromi.jpg;"Reactor Baits Liquid Stabilizer - Additivi e Aromi";3700S000;Home;13.770492;16.8;60;0
4517;https://www.mgfishing.eu/9958/liquid-betain-melasse-500ml-additivi-e-aromi-trabucco.jpg;"Liquid Betain Melasse 500ml - Additivi e Aromi Trabucco";3600S000;Home;10.655738;13;0;1
4516;https://www.mgfishing.eu/9957/reactor-baits-liquid-nhdc-concentrate-50ml-additivi-e-aromi.jpg;"Reactor Baits Liquid NHDC Concentrate 50ml - Additivi e Aromi";3500S050;Home;10.819672;13.2;0;1
4515;https://www.mgfishing.eu/9956/haith-s-original-haith-s-500g-farina-additivo.jpg;"Haith's Original Haith's 500g - Farina Additivo";3300S004;Home;18.032787;22;0;1
4514;https://www.mgfishing.eu/9955/big-fish-big-fish-250g-farina-additivo.jpg;"Big Fish Big Fish 250g - Farina Additivo";3204S000;Home;4.909836;5.99;190;0
4513;https://www.mgfishing.eu/9954/esp-brasem-250g-farina-additivo-trabucco.jpg;"ESP Brasem 250g - Farina Additivo Trabucco";3203S000;Home;4.909836;5.99;180;0
4512;https://www.mgfishing.eu/9953/touche-250g-farina-additivo.jpg;"Touche 250g - Farina Additivo";3202S000;Home;4.918033;6;218;0
4511;https://www.mgfishing.eu/9952/bentonite-1kg-farina-additivo.jpg;"Bentonite 1Kg - Farina Additivo";3194S000;Home;4.918033;6;0;1
4510;https://www.mgfishing.eu/9951/breme-pastura-breme-enemy-pastura-acqua-dolce.jpg;"Breme Pastura Breme Enemy - Pastura Acqua Dolce";3193S000;Home;3.606557;4.4;0;1
4509;https://www.mgfishing.eu/9950/colmic-pastura-carp-deluxe-1kg-pastura-per-carpfishing.jpg;"Colmic Pastura Carp Deluxe 1Kg - Pastura per Carpfishing";3191S000;Home;5.819672;7.1;0;1
4508;https://www.mgfishing.eu/9949/carp-zoom-pastura-carp-carp-red-soul-pastura-per-carpfishing.jpg;"Carp Zoom Pastura Carp Carp Red Soul - Pastura per Carpfishing";3189S000;Home;8.836066;10.78;0;1
4507;https://www.mgfishing.eu/9948/mare-brown-crash-1kg-pastura-mare-trabucco.jpg;"Mare Brown Crash 1Kg - Pastura Mare Trabucco";3180S000;Home;4.918033;6;94;0
4506;https://www.mgfishing.eu/9947/mare-fondo-bianca-1kg-pastura-mare-trabucco.jpg;"Mare Fondo Bianca 1Kg - Pastura Mare Trabucco";3179S000;Home;5.409836;6.6;225;0
4505;https://www.mgfishing.eu/9946/trabucco-pastura-jurassic-black-1kg-pastura-acqua-dolce.jpg;"Trabucco Pastura Jurassic Black 1Kg - Pastura Acqua Dolce";3175S000;Home;3.278689;4;0;1
4504;https://www.mgfishing.eu/9945/pastura-universal-1kg-pastura-acqua-dolce.jpg;"Pastura Universal 1Kg - Pastura Acqua Dolce";3173S000;Home;5.327869;6.5;0;1
4503;https://www.mgfishing.eu/9944/pastura-special-bream-1kg-pastura-per-pesca-a-fondo.jpg;"Pastura Special Bream 1Kg - Pastura per Pesca a Fondo";3172S000;Home;5.819672;7.1;465;0
4502;https://www.mgfishing.eu/9943/pastura-black-bream-1kg-pastura-pesca-acqua-dolce.jpg;"Pastura Black Bream 1Kg - Pastura pesca acqua dolce";3171S000;Home;5.819672;7.1;1079;0
4501;https://www.mgfishing.eu/9942/trabucco-sea-mint-1kg-pastura-mare.jpg;"Trabucco Sea Mint 1Kg - Pastura Mare";3159S000;Home;3.606557;4.4;17;0
4500;https://www.mgfishing.eu/9941/river-leam-3kg-terra-per-pesca.jpg;"River Leam 3Kg - Terra per Pesca";3148S000;Home;8.688525;10.6;943;0
4499;https://www.mgfishing.eu/9940/daiwa-damp-leam-2kg-terra-per-pesca.jpg;"Daiwa Damp Leam 2Kg - Terra per pesca";3147S000;Home;3.770492;4.6;180;0
4498;https://www.mgfishing.eu/9939/damp-leam-black-2kg-terra-per-pastura.jpg;"Damp Leam Black 2Kg - Terra per Pastura";3146S000;Home;5.409836;6.6;718;0
4497;https://www.mgfishing.eu/9938/pastura-alborella-competition-pastura-per-acqua-dolce.jpg;"Pastura Alborella Competition - Pastura per Acqua Dolce";3102S000;Home;5.819672;7.1;440;0
4496;https://www.mgfishing.eu/9937/gardner-ver-de-vase-evolution-250ml-attrattore-per-pastura-e-carpfishing.jpg;"Gardner Ver de Vase Evolution 250ml - Attrattore per Pastura e Carpfishing";3109S250;Home;10.491803;12.8;0;1
4495;https://www.mgfishing.eu/9936/reactor-baits-liver-evolution-250ml-estratto-di-fegato-per-pesca.jpg;"Reactor Baits Liver Evolution 250ml - Estratto di Fegato per Pesca";3103S250;Home;4.262295;5.2;1;0
4494;https://www.mgfishing.eu/9935/esp-reactor-baits-super-mais-oil-250ml-olio-attrattore-per-pesca.jpg;"ESP Reactor Baits Super Mais Oil 250ml - Olio Attrattore per Pesca";3102S250;Home;11.475410;14;22;0
4493;https://www.mgfishing.eu/9934/reactor-baits-csl-strong-250ml-liquore-di-mais-per-pasturazione.jpg;"Reactor Baits CSL Strong 250ml - Liquore di Mais per Pasturazione";3101S250;Home;8.852459;10.8;62;0
4492;https://www.mgfishing.eu/9933/reactor-baits-liquid-liver-100-250ml-attrattore-liquido-per-carpfishing.jpg;"Reactor Baits Liquid Liver 100% 250ml - Attrattore Liquido per Carpfishing";3100S250;Home;8.688525;10.6;64;0
4491;https://www.mgfishing.eu/9932/maver-pastura-fondo-competition-pastura-acqua-dolce.jpg;"Maver Pastura Fondo Competition - Pastura Acqua Dolce";3099S000;Home;5.819672;7.1;858;0
4490;https://www.mgfishing.eu/9931/pescarella-pastura-peschiera-2kg-pastura-acqua-dolce.jpg;"PESCARELLA Pastura Peschiera 2Kg - Pastura Acqua Dolce";3090S000;Home;12.295082;15;574;0
4489;https://www.mgfishing.eu/9930/pastura-winter-crash-1kg-pastura-per-pesca-in-acque-dolci.jpg;"Pastura Winter Crash 1Kg - Pastura per pesca in acque dolci";3089S000;Home;5.819672;7.1;620;0
4488;https://www.mgfishing.eu/9929/torteau-mais-fine-1kg-farina-additivo.jpg;"Torteau Mais Fine 1Kg - Farina Additivo";3056S000;Home;5.819672;7.1;0;1
4487;https://www.mgfishing.eu/9928/pastura-special-carassio-pastura-per-pesca-in-acqua-dolce.jpg;"Pastura Special Carassio - Pastura per pesca in acqua dolce";3035S000;Home;5.819672;7.1;209;0
4486;https://www.mgfishing.eu/9927/torteau-mais-grosso-farina-additivo-per-pastura.jpg;"Torteau Mais GRosso - Farina Additivo per Pastura";3009S000;Home;5.327869;6.5;200;0
4485;https://www.mgfishing.eu/9926/pastura-carpa-carassio-pastura-per-acque-dolci.jpg;"Pastura Carpa Carassio - Pastura per Acque Dolci";3000S000;Home;5.819672;7.1;347;0
4484;https://www.mgfishing.eu/9925/reactor-baits-kolor-it-black-80g-colorante.jpg;"Reactor Baits Kolor IT Black 80g - Colorante";2053S001;Home;8.032787;9.8;0;1
4483;https://www.mgfishing.eu/9924/trabucco-extension-pegaso-54m-manico-di-guadino.jpg;"Trabucco Extension Pegaso 5.4m - Manico di Guadino";2035P540;Home;39.344262;48;0;1
4482;https://www.mgfishing.eu/9923/extension-strong-arm-54m-manico-di-guadino.jpg;"Extension Strong Arm 5.4m - Manico di Guadino";2034P540;Home;73.770492;90;0;1
4481;https://www.mgfishing.eu/9922/maver-team-maver-cap-cappello.jpg;"Maver Team Maver Cap - Cappello";16227TMC;Home;12.213115;14.9;0;1
4480;https://www.mgfishing.eu/9921/trabucco-superlithium-cap-cappello.jpg;"Trabucco Superlithium Cap - Cappello";16227SUP;Home;13.032787;15.9;0;1
4479;https://www.mgfishing.eu/9920/reactor-reactor-cap-cappello.jpg;"Reactor Reactor Cap - Cappello";16227REA;Home;8.032787;9.8;0;1
4478;https://www.mgfishing.eu/9919/new-era-new-era-cap-cappello.jpg;"New Era New Era Cap - Cappello";16227NEC;Home;13.032787;15.9;0;1
4477;https://www.mgfishing.eu//maver-mv-r-10-tubes-holdall-fodero-porta-canne.jpg;"Maver MV-R 10 Tubes Holdall - Fodero Porta Canne";06111019;Home;146.721311;179;0;1
4476;https://www.mgfishing.eu//maver-mv-r-6-tubes-holdall-fodero-porta-canne.jpg;"Maver MV-R 6 Tubes Holdall - Fodero Porta Canne";06111017;Home;96.721311;118;0;1
4475;https://www.mgfishing.eu//mv-r-mv-r-match-2-fodero-porta-canne.jpg;"MV-R MV-R Match 2 - Fodero Porta Canne";06111016;Home;50.819672;62;0;1
4474;https://www.mgfishing.eu//milo-mv-r-8-tubes-holdall-fodero-porta-canne.jpg;"Milo MV-R 8 Tubes Holdall - Fodero Porta Canne";06111015;Home;163.934426;200;0;1
4473;https://www.mgfishing.eu//mv-r-mv-r-surf-185-fodero-porta-canne-surfcasting.jpg;"MV-R MV-R Surf 185 - Fodero Porta Canne Surfcasting";06111014;Home;34.754098;42.4;25;0
4472;https://www.mgfishing.eu//mv-r-mv-r-match-holdall-175x34x45cm-fodero-porta-canne.jpg;"MV-R MV-R Match Holdall 175x34x45cm - Fodero Porta Canne";06111013;Home;57.377049;70;0;1
4471;https://www.mgfishing.eu//mv-r-kit-holder-192x13x16cm-fodero-porta-canne.jpg;"MV-R Kit Holder 192x13x16cm - Fodero Porta Canne";06111012;Home;52.459016;64;0;1
4470;https://www.mgfishing.eu//mv-r-mv-r-accessory-bag-95x33x30cm-borsa.jpg;"MV-R MV-R Accessory Bag 95x33x30cm - Borsa";06111008;Home;81.147541;99;0;1
4469;https://www.mgfishing.eu//superlithium-superlithium-top-case-pole-holdall-fodero-porta-canne.jpg;"Superlithium Superlithium Top Case Pole Holdall - Fodero Porta Canne";06110001;Home;78.688525;96;7;0
4468;https://www.mgfishing.eu//mv-r-eva-set-bowl-22x15x34cm-borsa-in-eva.jpg;"MV-R Eva Set Bowl 22x15x34cm - Borsa in Eva";06109019;Home;42.622951;52;0;1
4467;https://www.mgfishing.eu//mv-r-mv-r-eva-rig-case-surf-51x33x6cm-borsa-in-eva.jpg;"MV-R MV-R Eva Rig Case Surf 51x33x6cm - Borsa in Eva";06109017;Home;62.295082;76;0;1
4466;https://www.mgfishing.eu//mv-r-mv-r-eva-mega-warm-bait-15x24x24cm-borsa-in-eva.jpg;"MV-R MV-R Eva Mega Warm Bait 15x24x24cm - Borsa in Eva";06109008;Home;15.409836;18.8;14;0
4465;https://www.mgfishing.eu//mv-r-mv-r-eva-zipped-groundbait-bowl-borsa-in-eva.jpg;"MV-R MV-R Eva Zipped Groundbait Bowl - Borsa in Eva";06109006;Home;21.311475;26;0;1
4464;https://www.mgfishing.eu//reality-eva-net-bag-porta-nassa-in-eva.jpg;"Reality Eva Net Bag - Porta Nassa in Eva";06108012;Home;42.622951;52;0;1
4463;https://www.mgfishing.eu//reality-double-ready-rod-165x15x15cm-fodero-porta-canne.jpg;"Reality Double Ready Rod 165x15x15cm - Fodero Porta Canne";06108011;Home;81.147541;99;0;1
4462;https://www.mgfishing.eu//surfcasting-long-reality-225x12x20cm-fodero-porta-canne.jpg;"Surfcasting Long Reality 225x12x20cm - Fodero Porta Canne";06108010;Home;21.147541;25.8;40;0
4461;https://www.mgfishing.eu//reality-pole-holdall-fodero-porta-canne.jpg;"Reality Pole Holdall - Fodero Porta Canne";06108009;Home;42.622951;52;0;1
4460;https://www.mgfishing.eu//reality-universal-holdall-fodero-porta-canne.jpg;"Reality Universal Holdall - Fodero Porta Canne";06108008;Home;21.147541;25.8;24;0
4459;https://www.mgfishing.eu//esp-ready-ready-surfcasting-reality-fodero-porta-canne.jpg;"ESP Ready Ready Surfcasting Reality - Fodero Porta Canne";06108007;Home;26.065574;31.8;20;0
4458;https://www.mgfishing.eu/9915/nash-ninja-surf-3sec-con-anelli-150g-42m-canna-surfcasting.jpg;"Nash Ninja Surf 3sec. con Anelli 150g 4.2m - Canna Surfcasting";05616150;Home;86.065574;105;21;0
4457;https://www.mgfishing.eu/9914/trabucco-fighter-619-section-g-canna-da-pesca-kit-rbs-pesca-al-colpo.jpg;"Trabucco Fighter 619 Section G - Canna da Pesca Kit RBS Pesca al colpo";0480600G;Home;60.655738;74;0;1
4456;https://www.mgfishing.eu/9913/invincible-tripode-invincible-accessorio-per-surfcasting.jpg;"Invincible Tripode Invincible - Accessorio per Surfcasting";01836000;Home;138.524590;169;0;1
4455;https://www.mgfishing.eu/9912/surf-seat-box-cassa-da-surfcasting.jpg;"Surf Seat Box - Cassa da Surfcasting";01835000;Home;59.836066;73;22;0
4454;https://www.mgfishing.eu/9911/trabucco-serbidora-con-attacco-per-tripode-o-picchetto-accessorio-surfcasting.jpg;"Trabucco Serbidora con Attacco per Tripode o Picchetto - Accessorio Surfcasting";0183300A;Home;28.688525;35;0;1
4453;https://www.mgfishing.eu/9910/trabucco-grembiule-trl-abbigliamento-da-pesca.jpg;"Trabucco Grembiule TRL - Abbigliamento da Pesca";01517005;Home;59.016393;72;0;1
4452;https://www.mgfishing.eu/9909/colmic-grembiule-evo-trota-torrente-abbigliamento-da-pesca.jpg;"Colmic Grembiule Evo Trota Torrente - Abbigliamento da Pesca";01517004;Home;39.180328;47.8;0;1
4451;https://www.mgfishing.eu/9908/matrioske-da-ver-de-vasee-accessorio-da-pesca.jpg;"Matrioske Da Ver de VaseE - Accessorio da Pesca";01458000;Home;5.573770;6.8;0;1
4450;https://www.mgfishing.eu/9907/matrioska-matrioska-scatole-scatola-accessori-da-pesca.jpg;"Matrioska Matrioska Scatole - Scatola Accessori da Pesca";01457000;Home;19.672131;24;0;1
4448;https://www.mgfishing.eu/9905/zatterino-pop-up-arenicola-rosso-16-06mm-accessorio-da-surfcasting.jpg;"Zatterino Pop Up Arenicola Rosso 16/0.6mm - Accessorio da Surfcasting";01319002;Home;3.852459;4.7;71;0
4447;https://www.mgfishing.eu/9904/attrattix-attrattix-feromone-white-luminex-attrattore.jpg;"Attrattix Attrattix Feromone White Luminex - Attrattore";01318002;Home;4.918033;6;57;0
4446;https://www.mgfishing.eu/9903/attrattix-attrattix-feromone-green-luminex-attrattore.jpg;"Attrattix Attrattix Feromone Green Luminex - Attrattore";01318001;Home;4.918033;6;27;0
4445;https://www.mgfishing.eu/9902/mini-lamp-uv-trabucco-lampada.jpg;"Mini Lamp UV Trabucco - Lampada";01312001;Home;4.754098;5.8;15;0
4444;https://www.mgfishing.eu/9901/luminex-lampada-luminex-12-led-uv-torcia-uv-per-pesca.jpg;"Luminex Lampada Luminex 12 LED UV - Torcia UV per Pesca";01312000;Home;8.032787;9.8;259;0
4443;https://www.mgfishing.eu/9900/mg-fishing-lampada-frontale-sport-120-lumens-accessorio-da-pesca.jpg;"MG FISHING Lampada Frontale Sport 120 Lumens - Accessorio da pesca";01269003;Home;5.409836;6.6;0;1
4442;https://www.mgfishing.eu/9899/surfman-lampada-frontale-surfman-120-lumen-accessorio-da-pesca.jpg;"Surfman Lampada Frontale Surfman 120 Lumen - Accessorio da Pesca";01269002;Home;17.213115;21;0;1
4441;https://www.mgfishing.eu/9898/medusa-testa-di-guadino-gommata-60x50cm-testa-di-guadino.jpg;"Medusa Testa di Guadino Gommata 60x50cm - Testa di Guadino";01968000;Home;21.311475;26;0;1
4440;https://www.mgfishing.eu/9897/baits-umbrella-nylon-black-ombrellone-per-esche.jpg;"Baits Umbrella Nylon Black - Ombrellone per Esche";01870003;Home;34.426230;42;0;1
4439;https://www.mgfishing.eu/9896/trabucco-tripode-molo-accessorio-surfcasting.jpg;"Trabucco Tripode Molo - Accessorio Surfcasting";01850000;Home;14.295082;17.44;0;1
4438;https://www.mgfishing.eu/9895/maver-salvadito-maver-accessorio-da-pesca.jpg;"Maver Salvadito Maver - Accessorio da Pesca";01268000;Home;4.344262;5.3;121;0
4437;https://www.mgfishing.eu/9894/signature-signature-pro-flat-bed-roller-rullo.jpg;"Signature Signature Pro Flat Bed Roller - Rullo";01145002;Home;175.081967;213.6;0;1
4436;https://www.mgfishing.eu/9893/signature-signature-pro-roller-rullo.jpg;"Signature Signature Pro Roller - Rullo";01145001;Home;185.901639;226.8;0;1
4435;https://www.mgfishing.eu/9892/reality-reality-pole-roller-rullo.jpg;"Reality Reality Pole Roller - Rullo";01144000;Home;72.950820;89;0;1
4434;https://www.mgfishing.eu/9891/colmic-rullo-a-v-match-flash-accessorio-da-pesca.jpg;"Colmic Rullo a V Match Flash - Accessorio da Pesca";01118002;Home;65.573770;80;0;1
4433;https://www.mgfishing.eu/9890/roost-appoggia-canne-free-long-kit-supporti-pesca.jpg;"Roost Appoggia Canne Free Long Kit - Supporti Pesca";01116002;Home;52.459016;64;0;1
4432;https://www.mgfishing.eu/9889/roost-appoggia-canne-stopper-long-kit-supporto-pesca.jpg;"Roost Appoggia Canne Stopper Long Kit - Supporto Pesca";01116001;Home;26.721311;32.6;0;1
4431;https://www.mgfishing.eu/9888/trabucco-competition-flat-bed-roller-rullo-accessori-da-pesca.jpg;"Trabucco Competition Flat Bed Roller - Rullo Accessori da Pesca";01115001;Home;47.540984;58;0;1
4430;https://www.mgfishing.eu/9887/colmic-appoggia-canne-competition-antiscivolo-accessorio-pesca.jpg;"Colmic Appoggia Canne Competition Antiscivolo - Accessorio Pesca";01113000;Home;37.704918;46;0;1
4429;https://www.mgfishing.eu/9886/maver-appoggia-canne-a-10-pose-con-fermakit-supporto-per-canne.jpg;"Maver Appoggia Canne a 10 Pose con Fermakit - Supporto per Canne";01111000;Home;5.737705;7;75;0
4428;https://www.mgfishing.eu/9885/maver-appoggia-canne-back-kit-rest-12-pose-supporto-da-pesca.jpg;"Maver Appoggia Canne Back Kit Rest 12 Pose - Supporto da Pesca";01110006;Home;9.016393;11;0;1
4427;https://www.mgfishing.eu/9884/maver-appoggia-canne-kit-rest-12-pose-supporto-canne-da-pesca.jpg;"Maver Appoggia Canne Kit Rest 12 Pose - Supporto Canne da Pesca";01110005;Home;4.918033;6;0;1
4426;https://www.mgfishing.eu/9883/mg-appoggia-canne-kit-rest-20-pose-supporto-per-canne.jpg;"MG Appoggia Canne Kit Rest 20 Pose - Supporto per Canne";01110003;Home;18.032787;22;0;1
4425;https://www.mgfishing.eu/9882/appoggia-canne-a-12-pose-accessorio-supporto-pesca.jpg;"Appoggia Canne a 12 Pose - Accessorio Supporto Pesca";01110002;Home;9.180328;11.2;0;1
4424;https://www.mgfishing.eu/9879/maver-gibern-termic-small-box-giberna.jpg;"Maver Gibern Termic Small Box - Giberna";01082000;Home;5.901639;7.2;0;1
4423;https://www.mgfishing.eu/9878/gibern-box-giberna-accessori-da-pesca.jpg;"Gibern Box - Giberna Accessori da Pesca";01081000;Home;13.114754;16;0;1
4422;https://www.mgfishing.eu/9877/mv-r-selletta-per-elastico-accessorio-roubaisienne.jpg;"MV-R Selletta per Elastico - Accessorio Roubaisienne";01073000;Home;4.754098;5.8;0;1
4421;https://www.mgfishing.eu/9876/maver-secchio-40l-accessorio-da-pesca.jpg;"Maver Secchio 40L - Accessorio da Pesca";01068000;Home;30.163934;36.8;138;0
4420;https://www.mgfishing.eu/9874/maver-copertura-secchio-18l-accessorio-per-pesca.jpg;"Maver Copertura Secchio 18L - Accessorio per Pesca";01067001;Home;5.655738;6.9;68;0
4419;https://www.mgfishing.eu/9873/maver-secchio-18l-accessorio-da-pesca.jpg;"Maver Secchio 18L - Accessorio da Pesca";01067000;Home;14.180328;17.3;578;0
4418;https://www.mgfishing.eu/9871/maver-copertura-secchio-plastica-13l-accessorio-per-pastura.jpg;"Maver Copertura Secchio Plastica 13L - Accessorio per Pastura";01066001;Home;4.836066;5.9;30;0
4417;https://www.mgfishing.eu/9870/maver-secchio-13l-accessorio-pesca.jpg;"Maver Secchio 13L - Accessorio Pesca";01066000;Home;11.803279;14.4;100;0
4416;https://www.mgfishing.eu/9869/vers-de-vase-setaccio-quadrato-34mm-accessorio-da-pesca.jpg;"Vers de Vase Setaccio Quadrato 3.4mm - Accessorio da Pesca";01059001;Home;6.885246;8.4;0;1
4415;https://www.mgfishing.eu/9868/maver-setaccio-18l-con-maglia-2mm-accessorio-per-pesca.jpg;"Maver Setaccio 18L con Maglia 2mm - Accessorio per Pesca";01051003;Home;8.032787;9.8;0;1
4414;https://www.mgfishing.eu/9867/mg-fishing-setaccio-13l-con-maglia-grossa-06mm-accessorio-pesca.jpg;"MG FISHING Setaccio 13L con Maglia Grossa 0.6mm - Accessorio Pesca";01050002;Home;6.393443;7.8;298;0
4413;https://www.mgfishing.eu/9866/nbmw-nbmw-set-microwave-9-guide-set-black-anelli-da-bolognese-e-spinning.jpg;"NBMW NBMW-Set Microwave 9 Guide Set Black - Anelli da Bolognese e Spinning";00846000;Home;16.229508;19.8;137;0
4412;https://www.mgfishing.eu/9865/maver-plastic-butt-rests-bicchiere-per-tripode.jpg;"Maver Plastic Butt Rests - Bicchiere per Tripode";00750000;Home;2.459016;3;516;0
4411;https://www.mgfishing.eu/9864/maver-mv-r-bait-elastic-200m-filo-elastico.jpg;"Maver MV-R Bait Elastic 200m - Filo Elastico";00716001;Home;3.442623;4.2;0;1
4410;https://www.mgfishing.eu/9863/generic-filo-elastico-per-esche-100m-accessorio-da-pesca.jpg;"Maver Filo Elastico per Esche 100m - Accessorio Minuteria da Pesca";00716000;"Minuteria da pesca";3.442623;4.2;48;0
4409;https://www.mgfishing.eu/9861/windsock-pole-rest-acchiappa-farfalle.jpg;"Windsock Pole Rest - Acchiappa Farfalle";00319001;Home;10.163934;12.4;0;1
4408;https://www.mgfishing.eu/9671/colmic-hi-gravity-hooklink.jpg;"Colmic Hi-Gravity - Hooklink";198-83-245;Home;0.000000;0;75;0
4407;https://www.mgfishing.eu//trabucco-chod-bead-terminale-per-rig.jpg;"Trabucco Chod Bead - Terminale per Rig";190-00-270;Home;0.000000;0;93;0
4406;https://www.mgfishing.eu//trabucco-knot-protector-beads-perline-protettive-per-nodi.jpg;"Trabucco Knot Protector Beads - Perline Protettive per Nodi";190-00-280;Home;0.000000;0;127;0
4405;https://www.mgfishing.eu//metal-bolt-metal-bolt-rigs-set-per-montature.jpg;"Metal Bolt Metal Bolt Rigs - Set per Montature";190-00-060;Home;0.000000;0;39;0
4404;https://www.mgfishing.eu/9670/pioneer-table-tavolino-per-accessori-tende.jpg;"Pioneer Table - Tavolino per Accessori Tende";191-20-040;Home;0.000000;0;0;1
4403;https://www.mgfishing.eu/9668/bivvy-bag-borsa-per-tenda-e-accessori.jpg;"Bivvy Bag - Borsa per Tenda e Accessori";193-30-500;Home;0.000000;0;119;0
4402;https://www.mgfishing.eu/9664/trabucco-hammer-peg-kit-accessori-per-tende.jpg;"Trabucco Hammer & Peg Kit - Accessori per tende";193-30-065;Home;0.000000;0;0;1
4401;https://www.mgfishing.eu//x-large-5-leds-lampada-multifunzione-da-pesca.jpg;"X-Large 5 Leds - Lampada multifunzione da pesca";190-51-020;Home;0.000000;0;69;0
4400;https://www.mgfishing.eu/9663/pulsar-pulsar-movement-sensor-lamp-lampada-a-sensore.jpg;"Pulsar Pulsar Movement Sensor Lamp - Lampada a Sensore";190-51-050;Home;0.000000;0;14;0
4399;https://www.mgfishing.eu//compact-3-leds-lampada-multifunzione-a-led.jpg;"Compact 3 Leds - Lampada multifunzione a LED";190-51-025;Home;0.000000;0;17;0
4398;https://www.mgfishing.eu//guru-marker-feature-finder-marker-per-pasturazione.jpg;"Guru Marker Feature Finder - Marker per pasturazione";190-10-070;Home;0.000000;0;20;0
4397;https://www.mgfishing.eu/9662/xtr-xtr-bait-crusher-small-accessorio-per-pasturazione.jpg;"XTR XTR Bait Crusher Small - Accessorio per pasturazione";190-71-210;Home;0.000000;0;0;1
4396;https://www.mgfishing.eu//drake-drake-bait-caster-accessorio-per-pasturazione.jpg;"Drake Drake Bait Caster - Accessorio per pasturazione";190-69-020;Home;0.000000;0;240;0
4395;https://www.mgfishing.eu/9661/aero-cup-handle-manico-per-pasturazione.jpg;"Aero Cup Handle - Manico per Pasturazione";190-70-060;Home;0.000000;0;47;0
4394;https://www.mgfishing.eu/9660/pva-mini-bags-accessori-per-pasturazione.jpg;"PVA Mini Bags - Accessori per pasturazione";190-71-440;Home;0.000000;0;2;0
4393;https://www.mgfishing.eu/9659/trabucco-method-blaster-accessorio-per-pasturazione.jpg;"Trabucco Method Blaster - Accessorio per Pasturazione";190-70-030;Home;0.000000;0;18;0
4392;https://www.mgfishing.eu/9657/xtr-xtr-bait-crusher-accessorio-per-pasturazione.jpg;"XTR XTR Bait Crusher - Accessorio per Pasturazione";190-71-200;Home;0.000000;0;0;1
4391;https://www.mgfishing.eu/9656/melt-melt-pva-tape-nastro-in-pva-per-pasturazione.jpg;"Melt Melt PVA Tape - Nastro in PVA per Pasturazione";190-71-460;Home;0.000000;0;2;0
4390;https://www.mgfishing.eu/9655/trabucco-marker-float-accessorio-per-pasturazione.jpg;"Trabucco Marker Float - Accessorio per Pasturazione";190-10-050;Home;0.000000;0;16;0
4389;https://www.mgfishing.eu/9650/gladio-black-hanger-set-indicatori-di-abboccata.jpg;"Gladio Black Hanger Set - Indicatori di Abboccata";190-40-700;Home;0.000000;0;0;1
4388;https://www.mgfishing.eu//meal-set-set-posate-e-piatti-per-carpisti.jpg;"Meal Set - Set Posate e Piatti per Carpisti";193-50-000;Home;0.000000;0;0;1
4387;https://www.mgfishing.eu/9649/cayenne-cayenne-meal-bag-borsa.jpg;"Cayenne Cayenne Meal Bag - Borsa";193-50-090;Home;0.000000;0;0;1
4386;https://www.mgfishing.eu//walker-thermic-bag-bottle-set-borsa-isotermica.jpg;"Walker Thermic Bag & Bottle Set - Borsa isotermica";193-50-040;Home;0.000000;0;0;1
4385;https://www.mgfishing.eu/9647/crusader-crusader-net-head-stink-bag-custodia-per-testa-guadino.jpg;"Crusader Crusader Net Head Stink Bag - Custodia per Testa Guadino";193-40-190;Home;0.000000;0;64;0
4384;https://www.mgfishing.eu//fox-crusader-landing-net-guadino-da-carpa.jpg;"Fox Crusader Landing Net - Guadino da Carpa";084-41-010;Home;0.000000;0;0;1
4383;https://www.mgfishing.eu/9646/k-karp-total-air-sack-sacco-mantenimento-carpa.jpg;"K-Karp Total Air Sack - Sacco Mantenimento Carpa";193-40-130;Home;0.000000;0;0;1
4382;https://www.mgfishing.eu/9645/super-mat-materassino-per-carpa.jpg;"Super Mat - Materassino per Carpa";193-40-020;Home;0.000000;0;0;1
4381;https://www.mgfishing.eu/9643/xtr-digital-scale-bilancia-digitale-per-pesca.jpg;"XTR Digital Scale - Bilancia Digitale per Pesca";190-50-390;Home;0.000000;0;4;0
4380;https://www.mgfishing.eu/9640/k-karp-crusader-carp-cradle-culla-per-carpe.jpg;"K-Karp Crusader Carp Cradle - Culla per Carpe";193-40-170;Home;0.000000;0;0;1
4379;https://www.mgfishing.eu/9639/k-karp-easy-pro-mat-tappetino-unhooking-per-carpa.jpg;"K-Karp Easy Pro Mat - Tappetino Unhooking per Carpa";193-40-060;Home;0.000000;0;0;1
4378;https://www.mgfishing.eu/9633/k-karp-nursy-carp-cradle-materassino-per-carpe.jpg;"K-Karp Nursy Carp Cradle - Materassino per Carpe";193-40-160;Home;0.000000;0;0;1
4377;https://www.mgfishing.eu/9632/cayenne-evo-mat-materassino-per-carpe.jpg;"Cayenne Evo Mat - Materassino per Carpe";193-40-140;Home;0.000000;0;0;1
4376;https://www.mgfishing.eu/9631/ovation-ovation-sack-sacca-di-pesatura.jpg;"Ovation Ovation Sack - Sacca di Pesatura";193-40-070;Home;0.000000;0;0;1
4375;https://www.mgfishing.eu/9630/landing-net-float-accessorio-per-cura-della-carpa.jpg;"Landing Net Float - Accessorio per Cura della Carpa";193-30-190;Home;0.000000;0;0;1
4374;https://www.mgfishing.eu//k-karp-cap-cappellino-in-cotone.jpg;"K-Karp Cap - Cappellino in Cotone";043-10-010;Home;0.000000;0;0;1
4373;https://www.mgfishing.eu/9629/cayenne-organizer-plus-borsa-organizer.jpg;"Cayenne Organizer Plus - Borsa Organizer";193-30-340;Home;0.000000;0;0;1
4372;https://www.mgfishing.eu/9628/unit-organizer-cooler-bag-borsa-termica-organizzatore.jpg;"Unit Organizer Cooler Bag - Borsa Termica Organizzatore";193-50-055;Home;0.000000;0;95;0
4371;https://www.mgfishing.eu/9627/k-karp-crusader-cooler-bag-borsa-termica.jpg;"K-Karp Crusader Cooler Bag - Borsa termica";193-30-480;Home;0.000000;0;46;0
4370;https://www.mgfishing.eu/9624/attraction-attraction-station-rig-station.jpg;"Attraction Attraction Station - Rig station";193-30-450;Home;0.000000;0;0;1
4369;https://www.mgfishing.eu/9620/korda-k-box-complete-station-rig-station-per-carp-fishing.jpg;"Korda K-Box Complete Station - Rig Station per Carp Fishing";190-75-000;Home;0.000000;0;0;1
4368;https://www.mgfishing.eu/9617/gladio-gladio-teck-bag-borsa-rig-station.jpg;"Gladio Gladio Teck Bag - Borsa Rig Station";193-30-440;Home;0.000000;0;2;0
4367;https://www.mgfishing.eu/9614/attraction-attraction-pro-station-rig-station.jpg;"Attraction Attraction Pro Station - Rig station";193-30-460;Home;0.000000;0;0;1
4366;https://www.mgfishing.eu/9612/k-karp-pioneer-3-rod-holdall-borsa-per-canne.jpg;"K-Karp Pioneer 3 ROD HOLDALL - Borsa per canne";193-00-080;Home;0.000000;0;26;0
4365;https://www.mgfishing.eu/9611/trabucco-ovation-3-rods-holdall-sacca-porta-canne.jpg;"Trabucco Ovation 3 Rods Holdall - Sacca Porta Canne";193-00-130;Home;0.000000;0;0;1
4364;https://www.mgfishing.eu//trabucco-expedition-3-5-rod-holdall-borsa-porta-canna.jpg;"Trabucco Expedition 3/5 Rod Holdall - Borsa Porta Canna";193-00-000;Home;0.000000;0;0;1
4363;https://www.mgfishing.eu//trabucco-intrepid-3-rods-holdall-borsa-holdall.jpg;"Trabucco Intrepid 3 Rods Holdall - Borsa Holdall";193-00-010;Home;0.000000;0;0;1
4362;https://www.mgfishing.eu/9610/gladio-gladio-max-rods-holdall-borsa-porta-canne.jpg;"Gladio Gladio Max Rods Holdall - Borsa porta canne";193-00-075;Home;0.000000;0;0;1
4361;https://www.mgfishing.eu/9609/gladiator-gladio-2-rods-holdall-borsa-per-canna.jpg;"Gladiator Gladio 2 Rods Holdall - Borsa per Canna";193-00-090;Home;0.000000;0;0;1
4360;https://www.mgfishing.eu/9608/bandit-bandit-sleeping-bag-sacco-a-pelo.jpg;"Bandit Bandit Sleeping Bag - Sacco a pelo";191-15-120;Home;0.000000;0;0;1
4359;https://www.mgfishing.eu/9605/k-karp-reaction-cover-coperta-termica-da-pesca.jpg;"K-Karp Reaction Cover - Coperta Termica da Pesca";191-15-140;Home;0.000000;0;87;0
4358;https://www.mgfishing.eu/9604/k-karp-ss-spacer-accessorio-per-bite-alarms.jpg;"K-Karp SS Spacer - Accessorio per Bite Alarms";190-50-240;Home;0.000000;0;42;0
4357;https://www.mgfishing.eu/9602/sure-lock-butt-rest-supporto-per-canna.jpg;"Sure Lock Butt Rest - Supporto per Canna";192-25-120;Home;0.000000;0;0;1
4356;https://www.mgfishing.eu//trabucco-buzzer-bars-accessorio-per-pesca.jpg;"Trabucco Buzzer Bars - Accessorio per pesca";192-20-010;Home;0.000000;0;0;1
4355;https://www.mgfishing.eu/9601/pod-anti-draw-back-rest-accessorio-per-canna.jpg;"Pod Anti Draw Back Rest - Accessorio per Canna";192-25-250;Home;0.000000;0;0;1
4354;https://www.mgfishing.eu/9600/xtr-snag-ears-kit-accessori-per-canna.jpg;"XTR Snag Ears - Kit Accessori per Canna";192-25-300;Home;0.000000;0;0;1
4353;https://www.mgfishing.eu/9599/xtr-power-bar-pod-accessori.jpg;"XTR Power Bar - Pod accessori";192-20-120;Home;0.000000;0;90;0
4352;https://www.mgfishing.eu/9598/k-karp-bankstick-bag-fodero-porta-puntali.jpg;"K-Karp Bankstick Bag - Fodero Porta Puntali";193-00-105;Home;0.000000;0;254;0
4351;https://www.mgfishing.eu/9597/solar-xtr-xtr-luminous-butt-rest-supporto-luminoso-per-rod-pod.jpg;"Solar XTR XTR Luminous Butt Rest - Supporto Luminoso per Rod Pod";192-25-260;Home;0.000000;0;33;0
4350;https://www.mgfishing.eu/9596/xtr-adjustable-butt-rest-accessorio-pod-carp-fishing.jpg;"XTR Adjustable Butt Rest - Accessorio Pod Carp Fishing";192-25-290;Home;0.000000;0;0;1
4349;https://www.mgfishing.eu/9595/trabucco-bankstick-protector-accessorio-per-pod.jpg;"Trabucco Bankstick Protector - Accessorio per Pod";190-50-230;Home;0.000000;0;53;0
4348;https://www.mgfishing.eu/9594/trabucco-rod-rest-set-accessori-da-pesca.jpg;"Trabucco Rod Rest Set - Accessori da Pesca";192-25-270;Home;0.000000;0;0;1
4347;https://www.mgfishing.eu//excellence-brolly-tenda-per-pesca.jpg;"Excellence Brolly - Tenda per Pesca";191-30-110;Home;0.000000;0;60;0
4346;https://www.mgfishing.eu/9592/enemy-dome-tenda-a-due-posti-per-tutte-le-stagioni.jpg;"Enemy Dome - Tenda a Due Posti per tutte le Stagioni";191-30-170;Home;0.000000;0;2;0
4345;https://www.mgfishing.eu/9590/k-karp-punisher-dome-tenda-da-campeggio.jpg;"K-Karp Punisher Dome - Tenda Da Campeggio";191-30-230;Home;0.000000;0;107;0
4344;https://www.mgfishing.eu/9584/gladio-elements-bivvy-tenda-da-pesca.jpg;"Gladio Elements Bivvy - Tenda da Pesca";191-30-220;Home;0.000000;0;100;0
4343;https://www.mgfishing.eu//k-karp-sniper-pod-rod-pod.jpg;"K-Karp Sniper Pod - Rod Pod";192-00-000;Home;0.000000;0;0;1
4342;https://www.mgfishing.eu/9581/reaction-reaction-rod-pod-rod-pod.jpg;"Reaction Reaction Rod Pod - Rod Pod";192-00-300;Home;0.000000;0;34;0
4341;https://www.mgfishing.eu/9575/colmic-cayenne-black-pod-rod-pod.jpg;"Colmic Cayenne Black Pod - Rod Pod";192-00-350;Home;0.000000;0;0;1
4340;https://www.mgfishing.eu/9570/xtr-xtr-rod-pod-rod-pod.jpg;"XTR XTR Rod Pod - Rod Pod";192-00-320;Home;0.000000;0;0;1
4339;https://www.mgfishing.eu/9568/drake-drake-tx-pod-supporto-rod-pod-per-pesca.jpg;"Drake Drake TX Pod - Supporto Rod Pod per pesca";192-00-340;Home;0.000000;0;0;1
4338;https://www.mgfishing.eu/9564/gladio-gladio-x-lite-pod-rod-pod.jpg;"Gladio Gladio X-Lite Pod - Rod Pod";192-00-330;Home;0.000000;0;57;0
4337;https://www.mgfishing.eu//excellence-pod-rod-pod.jpg;"Excellence Pod - Rod Pod";192-00-100;Home;0.000000;0;72;0
4336;https://www.mgfishing.eu/9559/esp-k-karp-antidote-rod-pod-supporto-per-canne-da-carp-fishing.jpg;"ESP K-Karp Antidote Rod Pod - Supporto per Canne da Carp Fishing";192-00-250;Home;0.000000;0;0;1
4335;https://www.mgfishing.eu/9552/pulsar-pulsar-ntx-31-bite-indicators-set-bite-alarms.jpg;"Pulsar Pulsar Ntx 3+1 Bite Indicators Set - Bite Alarms";019-26-100;Home;0.000000;0;0;1
4334;https://www.mgfishing.eu//esp-k-karp-k-box-rigs-storage-sl-scatola-portamontaggi.jpg;"ESP K-Karp K-Box Rigs Storage SL - Scatola portamontaggi";190-74-102;Home;0.000000;0;252;0
4333;https://www.mgfishing.eu/9550/k-boxes-k-boxes-complete-set-scatola-accessori-per-carpfishing.jpg;"K-Boxes K-Boxes Complete Set - Scatola accessori per Carpfishing";190-74-200;Home;0.000000;0;166;0
4332;https://www.mgfishing.eu/9548/k-boxes-k-boxes-units-unit-large-scatola-accessori-carpfishing.jpg;"K-Boxes K-Boxes Units - Unit Large - Scatola Accessori Carpfishing";190-74-110;Home;0.000000;0;0;1
4331;https://www.mgfishing.eu/9546/k-karp-k-box-rigs-storage-scatola-porta-rigs.jpg;"K-Karp K-Box Rigs Storage - Scatola porta rigs";190-74-100;Home;0.000000;0;0;1
4330;https://www.mgfishing.eu//k-k-box-units-pro-contenitore-minuteria.jpg;"K-K-Box Units Pro - Contenitore minuteria";190-74-125;Home;0.000000;0;0;1
4329;https://www.mgfishing.eu/9544/k-boxes-k-boxes-units-unit-medium.jpg;"K-Boxes K-Boxes Units - Unit Medium";190-74-120;Home;0.000000;0;0;1
4328;https://www.mgfishing.eu/9543/k-karp-xtr-back-lead-system-accessorio-piombi.jpg;"K-Karp XTR Back Lead System - Accessorio Piombi";195-68-000;Home;0.000000;0;0;1
4327;https://www.mgfishing.eu/9541/eazy-strip-accessorio-per-innseco.jpg;"Eazy Strip - Accessorio per Innseco";190-10-030;Home;0.000000;0;50;0
4326;https://www.mgfishing.eu/9540/trabucco-knot-hook-puller-accessorio-per-innesco.jpg;"Trabucco Knot & Hook Puller - Accessorio per innesco";190-10-025;Home;0.000000;0;0;1
4325;https://www.mgfishing.eu//k-karp-magic-tool-set-set-accessori-innesco.jpg;"K-Karp Magic Tool Set - Set accessori innesco";190-20-080;Home;0.000000;0;1;0
4324;https://www.mgfishing.eu/9539/xtr-braid-cutter-forbici-tecniche.jpg;"XTR Braid Cutter - Forbici Tecniche";190-20-225;Home;0.000000;0;29;0
4323;https://www.mgfishing.eu/9531/trabucco-drake-ld-mulinello.jpg;"Trabucco Drake LD - Mulinello";037-75-080;Home;0.000000;0;0;1
4322;https://www.mgfishing.eu/9528/trabucco-avenger-xs-mulinello-da-carp-fishing.jpg;"Trabucco Avenger XS - Mulinello da Carp Fishing";037-95-600;Home;0.000000;0;0;1
4321;https://www.mgfishing.eu/9527/k-karp-cayenne-accessory-bag-borsa-utility.jpg;"K-Karp Cayenne Accessory Bag - Borsa Utility";193-30-430;Home;0.000000;0;76;0
4320;https://www.mgfishing.eu//k-karp-spool-reel-case-custodia-porta-mulinello.jpg;"K-Karp Spool & Reel Case - Custodia porta mulinello";193-30-085;Home;0.000000;0;0;1
4319;https://www.mgfishing.eu/9526/caperlan-cayenne-rig-bin-astuccio-porta-terminali.jpg;"Caperlan Cayenne Rig Bin - Astuccio porta terminali";193-30-420;Home;0.000000;0;29;0
4318;https://www.mgfishing.eu/9523/fox-firefox-firefox-k-wallet-borsa-utility.jpg;"Fox Firefox Firefox K Wallet - Borsa Utility";193-60-045;Home;0.000000;0;0;1
4317;https://www.mgfishing.eu/9521/esp-k-box-unit-box-scatola-porta-terminali.jpg;"ESP k-box unit Box - Scatola Porta-Terminali";190-74-300;Home;0.000000;0;0;1
4316;https://www.mgfishing.eu/9520/k-karp-spool-case-borsa-utility-per-bobine.jpg;"K-Karp Spool Case - Borsa Utility per Bobine";193-30-490;Home;0.000000;0;0;1
4315;https://www.mgfishing.eu/9519/pioneer-pro-buzz-bag-borsa-utility.jpg;"Pioneer Pro Buzz Bag - Borsa Utility";193-30-115;Home;0.000000;0;40;0
4314;https://www.mgfishing.eu//trabucco-rigs-wallet-double-utility-bag.jpg;"Trabucco Rigs Wallet Double - Utility bag";193-30-035;Home;0.000000;0;0;1
4313;https://www.mgfishing.eu/9515/k-karp-2-side-rig-bag-organizer-utility-bag.jpg;"K-Karp 2 Side Rig Bag - Organizer Utility Bag";193-30-245;Home;0.000000;0;0;1
4312;https://www.mgfishing.eu/9514/reel-protector-borsa-per-mulinelli.jpg;"Reel Protector - Borsa per mulinelli";193-30-083;Home;0.000000;0;1;0
4311;https://www.mgfishing.eu/9513/cayenne-cayenne-wallet-organizer-borsa-utility.jpg;"Cayenne Cayenne Wallet Organizer - Borsa Utility";193-30-350;Home;0.000000;0;0;1
4310;https://www.mgfishing.eu/9511/trabucco-zig-rig-bag-borsa-utility.jpg;"Trabucco Zig Rig Bag - Borsa Utility";193-30-470;Home;0.000000;0;121;0
4309;https://www.mgfishing.eu//trabucco-rigs-wallet-borsa-utility.jpg;"Trabucco Rigs Wallet - Borsa Utility";193-30-030;Home;0.000000;0;0;1
4308;https://www.mgfishing.eu//trabucco-waist-bag-borsa-da-cintura-utility.jpg;"Trabucco Waist Bag - Borsa da Cintura Utility";193-30-100;Home;0.000000;0;93;0
4307;https://www.mgfishing.eu//method-boilies-bag-borsa-utility.jpg;"Method & Boilies Bag - Borsa Utility";193-30-170;Home;0.000000;0;19;0
4306;https://www.mgfishing.eu/9509/pioneer-pioneer-pro-rig-wallet-borsetta-utility-per-terminali.jpg;"Pioneer Pioneer Pro Rig Wallet - Borsetta Utility per Terminali";193-30-235;Home;0.000000;0;78;0
4305;https://www.mgfishing.eu//reel-case-borsa-per-mulinello.jpg;"Reel Case - Borsa per Mulinello";193-30-080;Home;0.000000;0;0;1
4304;https://www.mgfishing.eu/9507/fox-firefox-firefox-rig-wallet-custodia-porta-terminali.jpg;"Fox Firefox Firefox Rig Wallet - Custodia Porta Terminali";193-60-070;Home;0.000000;0;5;0
4303;https://www.mgfishing.eu/9502/k-boat-k-boat-270-gommone.jpg;"K-Boat K-Boat 270 - Gommone";190-73-000;Home;0.000000;0;0;1
4302;https://www.mgfishing.eu/9501/punisher-punisher-bedchair-lettino-da-pesca.jpg;"Punisher Punisher Bedchair - Lettino da Pesca";191-10-470;Home;0.000000;0;0;1
4301;https://www.mgfishing.eu/9499/trabucco-fight-core-leadcore-corazzato.jpg;"Trabucco Fight Core - Leadcore Corazzato";198-83-045;Home;0.000000;0;85;0
4300;https://www.mgfishing.eu/9498/trabucco-xtreme-soft-skin-trecciato-per-terminali.jpg;"Trabucco Xtreme Soft Skin - Trecciato per terminali";198-80-025;Home;0.000000;0;306;0
4299;https://www.mgfishing.eu/9497/eva-rod-bands-fasce-elastiche-per-canne.jpg;"Eva Rod Bands - Fasce elastiche per canne";190-80-010;Home;0.000000;0;35;0
4298;https://www.mgfishing.eu//trabucco-tip-protector-accessorio-per-canne.jpg;"Trabucco Tip Protector - Accessorio per Canne";190-80-020;Home;0.000000;0;0;1
4297;https://www.mgfishing.eu/9492/k-karp-bandit-chair-sedia-da-carp-fishing.jpg;"K-Karp Bandit Chair - Sedia da Carp Fishing";191-10-330;Home;0.000000;0;0;1
4296;https://www.mgfishing.eu/9491/k-karp-chair-bag-sacca-per-sedia-da-carp-fishing.jpg;"K-Karp Chair Bag - Sacca per Sedia da Carp Fishing";191-15-050;Home;0.000000;0;0;1
4295;https://www.mgfishing.eu/9490/fox-tourer-mkii-chair-sedia-carp-fishing.jpg;"Fox Tourer Mkii Chair - Sedia Carp Fishing";191-10-480;Home;0.000000;0;0;1
4294;https://www.mgfishing.eu/9489/k-karp-chairs-beds-pouch-accessorio-per-sedia-da-pesca.jpg;"K-Karp Chairs & Beds Pouch - Accessorio per sedia da pesca";191-15-100;Home;0.000000;0;0;1
4293;https://www.mgfishing.eu/9487/stalk-stalk-shell-rucksack-zaino-da-pesca.jpg;"Stalk Stalk Shell Rucksack - Zaino da pesca";193-20-040;Home;0.000000;0;0;1
4292;https://www.mgfishing.eu/9486/k-karp-gladio-rucksack-70lt-zaino-da-carpisti.jpg;"K-Karp Gladio Rucksack 70lt - Zaino da Carpisti";193-20-045;Home;0.000000;0;0;1
4291;https://www.mgfishing.eu/9483/fox-cayenne-rucksack-zaino-multifunzionale-per-carpisti.jpg;"Fox Cayenne Rucksack - Zaino Multifunzionale per Carpisti";193-20-060;Home;0.000000;0;3;0
4290;https://www.mgfishing.eu/9481/trabucco-supreme-zaino-da-pesca.jpg;"Trabucco Supreme - Zaino da Pesca";193-20-110;Home;0.000000;0;78;0
4289;https://www.mgfishing.eu//lucky-fish-finder-lff-cable-fish-finder.jpg;"Lucky Fish Finder L.F.F. Cable - Fish Finder";100-05-100;Home;0.000000;0;117;0
4288;https://www.mgfishing.eu//lucky-fish-finder-lff-ios-android-wireless-fish-finder.jpg;"Lucky Fish Finder L.F.F. Ios/Android - Wireless - Fish Finder";100-05-300;Home;0.000000;0;223;0
4287;https://www.mgfishing.eu//lucky-fish-finder-lff-wireless-fish-finder.jpg;"Lucky Fish Finder L.F.F. Wireless - Fish finder";100-05-200;Home;0.000000;0;65;0
4286;https://www.mgfishing.eu//elusive-hooklinks.jpg;"Elusive - Hooklinks";198-70-015;Home;0.000000;0;38;0
4285;https://www.mgfishing.eu/9479/korda-xtreme-stiff-skin-hooklink.jpg;"Korda Xtreme Stiff Skin - Hooklink";198-81-025;Home;0.000000;0;341;0
4284;https://www.mgfishing.eu//trabucco-x-tra-tough-hooklinks.jpg;"Trabucco X-TRA Tough - Hooklinks";198-65-025;Home;0.000000;0;2;0
4283;https://www.mgfishing.eu//trabucco-eazy-strip-trecciato-per-terminali.jpg;"Trabucco Eazy Strip - Trecciato per Terminali";198-60-025;Home;0.000000;0;25;0
4282;https://www.mgfishing.eu/9477/pva-pva-refill-accessori-per-pasturazione.jpg;"PVA PVA Refill - Accessori per pasturazione";190-71-350;Home;0.000000;0;82;0
4281;https://www.mgfishing.eu/9476/xtr-xtr-marker-float-accessori-per-pasturazione.jpg;"XTR XTR Marker Float - Accessori per pasturazione";190-10-080;Home;0.000000;0;10;0
4280;https://www.mgfishing.eu/9475/mg-fishing-pva-funnel-accessorio-per-pasturazione.jpg;"MG Fishing PVA Funnel - Accessorio per Pasturazione";190-71-310;Home;0.000000;0;34;0
4279;https://www.mgfishing.eu/9473/trabucco-pva-bags-sacchetti-pva-per-pasturazione.jpg;"Trabucco PVA Bags - Sacchetti PVA per Pasturazione";190-71-400;Home;0.000000;0;0;1
4278;https://www.mgfishing.eu/9472/k-karp-xtr-method-feeder-piombo-da-pasturazione.jpg;"K-Karp XTR Method Feeder - Piombo da Pasturazione";190-70-850;Home;0.000000;0;0;1
4277;https://www.mgfishing.eu/9471/mg-fishing-aero-cup-accessorio-per-pasturazione.jpg;"MG Fishing Aero Cup - Accessorio per pasturazione";190-70-010;Home;0.000000;0;0;1
4276;https://www.mgfishing.eu/9470/drake-drake-drop-hanger-hanger-con-sistema-di-illuminazione.jpg;"Drake Drake Drop Hanger - Hanger con sistema di illuminazione";190-40-310;Home;0.000000;0;94;0
4275;https://www.mgfishing.eu/9467/drake-drake-xtr-stiff-hanger-hanger-illuminato.jpg;"Drake Drake XTR Stiff Hanger - Hanger Illuminato";190-40-500;Home;0.000000;0;0;1
4274;https://www.mgfishing.eu/9466/k-karp-hi-flow-monofilo-da-carpa.jpg;"K-Karp Hi-Flow - Monofilo da Carpa";198-20-250;Home;0.000000;0;319;0
4273;https://www.mgfishing.eu//xtreme-fluorocarbon-coated-line-monofilo-per-carp-fishing.jpg;"Xtreme Fluorocarbon Coated Line - Monofilo per Carp Fishing";198-33-280;Home;0.000000;0;0;1
4272;https://www.mgfishing.eu/9465/mono-plus-monofilo-resistente.jpg;"Mono Plus - Monofilo Resistente";198-05-280;Home;0.000000;0;590;0
4271;https://www.mgfishing.eu//k-karp-mimetic-mono-filo-monofilo.jpg;"K-Karp Mimetic Mono - Filo Monofilo";198-24-300;Home;0.000000;0;505;0
4270;https://www.mgfishing.eu/9464/trabucco-sinking-plus-monofilo-e-leader.jpg;"Trabucco Sinking Plus - Monofilo e Leader";198-15-250;Home;0.000000;0;486;0
4269;https://www.mgfishing.eu/9460/trabucco-weedy-trap-monofilo-e-leader.jpg;"Trabucco Weedy Trap - Monofilo e Leader";198-84-145;Home;0.000000;0;47;0
4268;https://www.mgfishing.eu//trabucco-shock-leader-impact-monofilo-e-leaders.jpg;"Trabucco Shock Leader Impact - Monofilo e Leaders";198-35-500;Home;0.000000;0;99;0
4267;https://www.mgfishing.eu//dyna-tex-power-braid-filo-trecciato-da-pesca.jpg;"DYNA-TEX Power Braid - Filo Trecciato da Pesca";198-50-030;Home;0.000000;0;24;0
4266;https://www.mgfishing.eu//xtreme-advanced-camouflaged-line-filo-monofilo.jpg;"Xtreme Advanced Camouflaged Line - Filo Monofilo";198-31-280;Home;0.000000;0;132;0
4265;https://www.mgfishing.eu/9459/k-karp-carpers-t-shirt.jpg;"K-Karp Carpers - T-Shirt";043-06-100;Home;0.000000;0;286;0
4264;https://www.mgfishing.eu/9458/xtr-xtr-polar-fleece-abbigliamento-da-pesca.jpg;"XTR XTR Polar Fleece - Abbigliamento da Pesca";043-30-100;Home;0.000000;0;161;0
4263;https://www.mgfishing.eu/9457/xtr-soft-shell-jacket-giacca-da-pesca-tecnica.jpg;"XTR Soft Shell Jacket - Giacca da Pesca Tecnica";043-25-100;Home;0.000000;0;33;0
4262;https://www.mgfishing.eu//k-karp-polo-shirt-abbigliamento-da-pesca.jpg;"K-Karp Polo Shirt - Abbigliamento da Pesca";043-00-200;Home;0.000000;0;190;0
4261;https://www.mgfishing.eu/9446/penn-k-karp-bait-bags-borse-per-esche-sensibili.jpg;"Penn K-Karp Bait Bags - Borse per Esche Sensibili";193-30-010;Home;0.000000;0;0;1
4260;https://www.mgfishing.eu/9440/trabucco-expedition-rod-slevees-borsa-portacanne.jpg;"Trabucco Expedition ROD SLEVEES - Borsa portacanne";193-00-045;Home;0.000000;0;0;1
4259;https://www.mgfishing.eu//k-karp-bankstick-acciaio-inox-accessorio-pod.jpg;"K-Karp Bankstick Acciaio Inox - Accessorio Pod";192-10-030;Home;0.000000;0;3;0
4258;https://www.mgfishing.eu/9436/k-karp-rod-clips-accessori-per-canna.jpg;"K-Karp Rod Clips - Accessori per Canna";192-25-100;Home;0.000000;0;169;0
4257;https://www.mgfishing.eu/9435/bankstick-bankstick-screw-end-accessorio-per-pod.jpg;"Bankstick Bankstick Screw End - Accessorio per Pod";192-07-000;Home;0.000000;0;0;1
4256;https://www.mgfishing.eu//bankstick-carbon-bankstick-in-carbonio.jpg;"Bankstick Carbon - Bankstick in Carbonio";192-05-030;Home;0.000000;0;179;0
4255;https://www.mgfishing.eu/9434/k-karp-accessory-box-scatola-porta-accessori-da-pesca.jpg;"K-Karp Accessory Box - Scatola porta accessori da pesca";190-74-142;Home;0.000000;0;210;0
4254;https://www.mgfishing.eu/9433/k-boxes-magic-boxes-contenitori-esche.jpg;"K-Boxes Magic Boxes - Contenitori esche";190-74-000;Home;0.000000;0;443;0
4253;https://www.mgfishing.eu/9432/xtr-fast-change-pop-up-weights-piombi.jpg;"XTR Fast Change Pop-Up Weights - Piombi";195-68-200;Home;0.000000;0;157;0
4252;https://www.mgfishing.eu/9430/xtr-xtr-lead-3-faces-piombo-per-pesca.jpg;"XTR XTR Lead 3 Faces - Piombo per Pesca";195-82-030;Home;0.000000;0;52;0
4251;https://www.mgfishing.eu/9429/esp-xtr-xtr-lead-torpedo-piombo-da-surfcasting.jpg;"ESP XTR XTR Lead Torpedo - Piombo da Surfcasting";195-84-025;Home;0.000000;0;23;0
4250;https://www.mgfishing.eu/9428/trabucco-flying-back-lead-piombo.jpg;"Trabucco Flying Back Lead - Piombo";195-68-100;Home;0.000000;0;266;0
4249;https://www.mgfishing.eu/9427/xtr-xtr-lead-square-bomb-piombo.jpg;"XTR XTR Lead Square Bomb - Piombo";195-85-020;Home;0.000000;0;86;0
4248;https://www.mgfishing.eu/9426/k-karp-quick-back-leads-piombi.jpg;"K-Karp Quick Back Leads - Piombi";195-66-220;Home;0.000000;0;54;0
4247;https://www.mgfishing.eu/9424/robinson-boilie-stop-accessorio-per-innesco.jpg;"Robinson Boilie Stop - Accessorio per Innesco";190-10-350;Home;0.000000;0;8;0
4246;https://www.mgfishing.eu/9423/k-karp-xtr-needles-aghi-da-innesco.jpg;"K-Karp XTR Needles - Aghi da Innesco";190-20-350;Home;0.000000;0;41;0
4245;https://www.mgfishing.eu/9422/trabucco-foam-squares-accessori-per-innesco.jpg;"Trabucco Foam Squares - Accessori per innesco";190-10-200;Home;0.000000;0;55;0
4244;https://www.mgfishing.eu/9421/boilies-shield-guaina-termoretraibile-per-esche.jpg;"Boilies Shield - Guaina Termoretraibile per Esche";190-20-180;Home;0.000000;0;85;0
4243;https://www.mgfishing.eu/9420/fluo-needles-accessori-per-innesco.jpg;"Fluo Needles - Accessori per innesco";190-20-510;Home;0.000000;0;157;0
4242;https://www.mgfishing.eu/9415/k-karp-adamant-3d-camo-mulinello-da-surfcasting.jpg;"K-Karp Adamant 3D Camo - Mulinello da Surfcasting";037-98-995;Home;0.000000;0;0;1
4241;https://www.mgfishing.eu/9413/cayenne-cayenne-lead-bag-borsa-utility.jpg;"Cayenne Cayenne Lead Bag - Borsa Utility";193-30-400;Home;0.000000;0;19;0
4240;https://www.mgfishing.eu/9412/k-karp-pioneer-rig-bag-borsina-per-finali.jpg;"K-Karp Pioneer Rig Bag - Borsina per finali";193-30-210;Home;0.000000;0;0;1
4239;https://www.mgfishing.eu/9409/mikado-air-dry-boilies-bag-borsa-utility.jpg;"Mikado Air-Dry Boilies Bag - Borsa Utility";193-30-165;Home;0.000000;0;94;0
4238;https://www.mgfishing.eu/9408/pioneer-pioneer-pro-air-dry-borsa-utility.jpg;"Pioneer Pioneer Pro Air Dry - Borsa Utility";193-30-360;Home;0.000000;0;0;1
4237;https://www.mgfishing.eu/9406/loading-elastic-cords-elastici-per-fissaggio.jpg;"Loading Elastic Cords - Elastici per Fissaggio";191-20-020;Home;0.000000;0;139;0
4236;https://www.mgfishing.eu/9399/solar-k-karp-ardito-bait-boat-bait-boat.jpg;"Solar K-Karp Ardito Bait Boat - Bait Boat";190-72-500;Home;0.000000;0;12;0
4235;https://www.mgfishing.eu/9395/k-karp-imperial-canna-da-spinning.jpg;"K-Karp Imperial - Canna da Spinning";158-52-360;Home;0.000000;0;0;1
4234;https://www.mgfishing.eu/9391/k-karp-rival-canna-da-carpfishing.jpg;"K-Karp Rival - Canna da Carpfishing";158-86-360;Home;0.000000;0;138;0
4233;https://www.mgfishing.eu/9388/k-karp-fulcron-canna-da-carp-fishing.jpg;"K-Karp Fulcron - Canna da Carp Fishing";158-96-270;Home;0.000000;0;0;1
4232;https://www.mgfishing.eu/9382/esp-k-karp-destiny-canna-surfcasting.jpg;"ESP K-Karp Destiny - Canna Surfcasting";158-94-360;Home;0.000000;0;1;0
4231;https://www.mgfishing.eu/9378/trabucco-gladio-x3-canna-da-spinning.jpg;"Trabucco Gladio X3 - Canna da Spinning";158-38-360;Home;0.000000;0;0;1
4230;https://www.mgfishing.eu/9375/k-karp-crusader-xt-ld-canna-da-carpfishing.jpg;"K-Karp Crusader XT & LD - Canna da Carpfishing";158-98-300;Home;0.000000;0;24;0
4229;https://www.mgfishing.eu/9373/esp-k-karp-sniper-canna-da-spinning.jpg;"ESP K-Karp Sniper - Canna da Spinning";158-78-360;Home;0.000000;0;21;0
4228;https://www.mgfishing.eu/9364/trabucco-fusion-spod-canna-surfcasting.jpg;"Trabucco Fusion Spod - Canna Surfcasting";158-69-360;Home;0.000000;0;0;1
4227;https://www.mgfishing.eu/9357/k-karp-dominant-canna-da-spinning.jpg;"K-Karp Dominant - Canna da Spinning";158-93-360;Home;0.000000;0;0;1
4226;https://www.mgfishing.eu/9354/k-karp-executor-canna-carp-fishing.jpg;"K-Karp Executor - Canna Carp Fishing";158-95-300;Home;0.000000;0;0;1
4225;https://www.mgfishing.eu/9348/k-karp-adamant-xtc-canna-da-surfcasting.jpg;"K-Karp Adamant XTC - Canna da Surfcasting";158-82-360;Home;0.000000;0;0;1
4224;https://www.mgfishing.eu/9345/k-karp-fusion-xsk-canna-da-carpfishing.jpg;"K-Karp Fusion XSK - Canna da Carpfishing";158-89-225;Home;0.000000;0;204;0
4223;https://www.mgfishing.eu/9341/k-karp-araton-canna-carpfishing.jpg;"K-Karp Araton - Canna Carpfishing";158-41-360;Home;0.000000;0;0;1
4222;https://www.mgfishing.eu/9334/trabucco-phoenix-elite-canna-surfcasting.jpg;"Trabucco Phoenix Elite - Canna Surfcasting";158-83-360;Home;0.000000;0;1;0
4221;https://www.mgfishing.eu/9323/rapala-countdown-magnum-elite.jpg;"Rapala Countdown Magnum Elite 145 - Artificiale da Traina";;"Esche Artificiali da Pesca";20.409836;24.9;17;0
4220;https://www.mgfishing.eu/9266/magnetic-rod-clamp-accessorio-per-catfishing.jpg;"Magnetic Rod Clamp - Accessorio per Catfishing";302-00-500;Home;0.000000;0;0;1
4219;https://www.mgfishing.eu/9265/catgear-neoprene-rod-belts-accessori-per-canna.jpg;"Catgear Neoprene Rod Belts - Accessori per Canna";302-00-600;Home;0.000000;0;0;1
4218;https://www.mgfishing.eu/9263/live-bait-stopper-accessori-per-pesca.jpg;"Live Bait Stopper - Accessori per Pesca";302-00-210;Home;0.000000;0;17;0
4217;https://www.mgfishing.eu/9262/trabucco-pvc-tube-xxl-accessorio-per-pesca.jpg;"Trabucco pvc tube xxl - Accessorio per pesca";302-00-310;Home;0.000000;0;66;0
4216;https://www.mgfishing.eu/9261/trabucco-shrink-tube-xxl-tubo-termoretraibile.jpg;"Trabucco Shrink Tube XXL - Tubo termoretraibile";302-00-300;Home;0.000000;0;66;0
4215;https://www.mgfishing.eu/9260/diamond-affilatore-per-ami-accessorio-da-pesca.jpg;"Diamond Affilatore per Ami - Accessorio da Pesca";302-00-400;Home;0.000000;0;0;1
4214;https://www.mgfishing.eu/9259/trabucco-tough-line-stop-accessori-da-pesca.jpg;"Trabucco tough line stop - Accessori da Pesca";302-00-200;Home;0.000000;0;0;1
4213;https://www.mgfishing.eu/9257/rod-holdall-borsa-porta-canne.jpg;"Rod Holdall - Borsa Porta Canne";301-10-000;Home;0.000000;0;0;1
4212;https://www.mgfishing.eu//trabucco-catgear-x-power-braided-leader-trecciato-da-terminali.jpg;"Trabucco Catgear X-Power Braided Leader - Trecciato da Terminali";304-00-180;Home;0.000000;0;14;0
4211;https://www.mgfishing.eu//trabucco-x-power-mono-filo-da-pesca-monofilo.jpg;"Trabucco X-Power Mono - Filo da Pesca Monofilo";304-02-120;Home;0.000000;0;0;1
4210;https://www.mgfishing.eu//catgear-x-power-braided-line-filo-trecciato.jpg;"Catgear X-Power Braided Line - Filo Trecciato";304-05-080;Home;0.000000;0;16;0
4209;https://www.mgfishing.eu/9255/trabucco-catgear-carryall-medium-borsa-da-pesca.jpg;"Trabucco Catgear Carryall medium - Borsa da pesca";301-20-030;Home;0.000000;0;0;1
4208;https://www.mgfishing.eu/9253/catgear-quiver-rod-guard-borsa-porta-canne.jpg;"Catgear Quiver rod guard - Borsa porta canne";301-10-010;Home;0.000000;0;117;0
4207;https://www.mgfishing.eu/9250/catgear-ngt-carryall-small-borsa-da-pesca.jpg;"Catgear NGT Carryall Small - Borsa da Pesca";301-20-010;Home;0.000000;0;0;1
4206;https://www.mgfishing.eu/9248/colmic-unhooking-mat-tappetino-sgamo.jpg;"Colmic Unhooking Mat - Tappetino sgamo";301-30-010;Home;0.000000;0;0;1
4205;https://www.mgfishing.eu/9246/mg-carryall-large-borsa-da-pesca.jpg;"MG Carryall large - Borsa da pesca";301-20-020;Home;0.000000;0;0;1
4204;https://www.mgfishing.eu/9244/trabucco-rig-wallet-borsa-porta-terminali-e-ami.jpg;"Trabucco Catgear Rig Wallet - Borsa porta terminali e ami";301-20-050;Home;0.000000;0;71;0
4203;https://www.mgfishing.eu/9240/catgear-spinning-bag-borsa-da-pesca.jpg;"Catgear Spinning bag - Borsa da pesca";301-20-000;Home;0.000000;0;120;0
4202;https://www.mgfishing.eu/9239/trabucco-catgear-xx-tough-rod-holder-reggicanna.jpg;"Trabucco Catgear XX-Tough Rod Holder - Reggicanna";302-00-700;Home;0.000000;0;0;1
4201;https://www.mgfishing.eu//catfish-rig-trabucco-terminali-per-pesca-al-siluro.jpg;"Catfish Rig Trabucco - Terminali per Pesca al Siluro";188-18-020;Home;0.000000;0;0;1
4200;https://www.mgfishing.eu/9238/rubber-line-stops-accessori-per-la-pesca.jpg;"Rubber Line Stops - Accessori per la Pesca";302-00-010;Home;0.000000;0;85;0
4199;https://www.mgfishing.eu//exceed-mulinello-surfcasting.jpg;"Exceed - Mulinello Surfcasting";032-67-700;Home;0.000000;0;0;1
4198;https://www.mgfishing.eu/9237/catgear-catgear-t-shirt-abbigliamento-da-pesca.jpg;"Catgear Catgear t-shirt - Abbigliamento da Pesca";043-80-100;Home;0.000000;0;648;0
4197;https://www.mgfishing.eu/9233/catgear-xrock-fireball-canna-da-spinning.jpg;"Catgear Xrock Fireball - Canna da Spinning";300-18-210;Home;0.000000;0;46;0
4196;https://www.mgfishing.eu/9229/catgear-wels-xtreme-canna-surfcasting.jpg;"Catgear Wels Xtreme - Canna Surfcasting";300-14-420;Home;0.000000;0;0;1
4195;https://www.mgfishing.eu/9226/trabucco-catgear-xrock-t-power-canna-da-surfcasting.jpg;"Trabucco Catgear Xrock T-Power - Canna da Surfcasting";300-18-420;Home;0.000000;0;0;1
4194;https://www.mgfishing.eu/9221/trabucco-catgear-xrock-big-river-special-boa-canna-da-siluro-con-boa.jpg;"Trabucco Catgear Xrock Big River Special Boa - Canna da Siluro con Boa";300-18-320;Home;0.000000;0;0;1
4193;https://www.mgfishing.eu/9215/trabucco-catgear-fighter-spin-canna-da-spinning.jpg;"Trabucco Catgear Fighter Spin - Canna da Spinning";300-12-240;Home;0.000000;0;0;1
4192;https://www.mgfishing.eu/9212/trabucco-catgear-xrock-spin-em-canna-da-spinning.jpg;"Trabucco Catgear Xrock Spin'Em - Canna da Spinning";300-19-240;Home;0.000000;0;0;1
4191;https://www.mgfishing.eu/9208/catgear-xrock-solid-stick-canna-da-catfishing.jpg;"Catgear Xrock Solid Stick - Canna da Catfishing";300-19-180;Home;0.000000;0;0;1
4190;https://www.mgfishing.eu/9203/trabucco-catgear-xrock-inline-canna-da-surfcasting.jpg;"Trabucco Catgear Xrock Inline - Canna da Surfcasting";300-18-220;Home;0.000000;0;27;0
4189;https://www.mgfishing.eu/9200/catgear-fishing-xrock-vertical-canna-da-surfcasting.jpg;"CATGEAR FISHING Xrock Vertical - Canna da Surfcasting";300-18-180;Home;0.000000;0;0;1
4188;https://www.mgfishing.eu/9198/k-karp-xrock-big-river-break-line-special-canna-da-spinning.jpg;"K-Karp Xrock Big River Break Line Special - Canna da Spinning";300-18-270;Home;0.000000;0;0;1
4187;https://www.mgfishing.eu/8918/kit-surfcasting-canna-trabucco-sonic-3-pezzi-420-mt-200-gr-shizuka-7000.jpg;"Kit Surfcasting Canna Trabucco Sonic 3 Pezzi 4.20 MT 200 GR + Shizuka 7000";;"Kit Da Pesca";36.803279;44.9;10;0
4186;https://www.mgfishing.eu/9840/colmic-kilos-net-rete-per-pesare-il-pescato.jpg;"Colmic Kilos Net - Rete per Pesare il Pescato";GUZH07A;"Reti da pesca";22.131148;27;36;0
4185;https://www.mgfishing.eu/9843/colmic-fighting-net-testa-di-guadino-per-grosse-prede.jpg;"Colmic Fighting Net - Testa di guadino per grosse prede";GUST60A;"Teste Guadino";12.295082;15;300;0
4184;https://www.mgfishing.eu/8917/colmic-nylon-025-spoon-eva-testa-per-guadino.jpg;"Colmic NYLON 025 SPOON + EVA - Testa per guadino";GUKNYL05A;Home;19.590164;23.9;0;1
4183;https://www.mgfishing.eu/8916/colmic-nylon-025-spoon-eva-testa-per-guadino.jpg;"Colmic NYLON 025 SPOON + EVA - Testa per Guadino";GUKNYL05A;"Teste Guadino";19.590164;23.9;42;0
4182;https://www.mgfishing.eu/8913/colmic-top-kit-compatibility-kit-accessori-per-mulinelli.jpg;"Colmic Top Kit Compatibility - Kit Accessori per Mulinelli";ccx13100a;Home;610.655738;745;0;1
4181;https://www.mgfishing.eu/9846/colmic-lethal-carp-s-sz-canna-roubaisienne.jpg;"Colmic LETHAL CARP S & SZ - Canna ROUBAISIENNE";CCX1315A;"Canne Da Carpfishing";154.098361;188;50;0
4180;https://www.mgfishing.eu/8910/colmic-super-cupping-kit-hm60-hm60k-take-apart-accessorio-da-pesca.jpg;"Colmic SUPER CUPPING KIT HM60 & HM60K + TAKE APART - Accessorio da Pesca";CC8799C2E;"Accessori Da Pesca";44.262295;54;74;0
4179;https://www.mgfishing.eu/8907/colmic-superior-nova-roubaisienne-match-carpa.jpg;"Colmic Superior Nova - Roubaisienne Match-Carpa";CCX850P1;Home;4549.180328;5550;0;1
4178;https://www.mgfishing.eu/8904/colmic-superior-25-canna-da-inglese.jpg;"Colmic Superior 25 - Canna da Inglese";CCX800P1;Home;4245.901639;5180;0;1
4177;https://www.mgfishing.eu/8901/colmic-stratus-wrm-1000-m-t-tube-canna-roubaisienne.jpg;"Colmic STRATUS WRM 10.00 m T-TUBE - Canna Roubaisienne";CCX602S02;Home;590.163934;720;0;1
4176;https://www.mgfishing.eu/8898/colmic-stratus-nova-roubaisienne-match-carpa.jpg;"Colmic Stratus Nova - Roubaisienne Match-Carpa";CCX852A;Home;2262.295082;2760;52;0
4175;https://www.mgfishing.eu/8894/colmic-stratus-evolution-roubaisienne-match-carpa.jpg;"Colmic Stratus Evolution - Roubaisienne Match-Carpa";CCX702S01;Home;0.000000;0;0;1
4174;https://www.mgfishing.eu/8892/colmic-stratus-25-canna-da-pesca-a-bolognese.jpg;"Colmic Stratus 25 - Canna da Pesca a Bolognese";CCX802P1;Home;3073.770492;3750;1;0
4173;https://www.mgfishing.eu/8889/colmic-royal-z18-nova-roubaisienne-match-carpa.jpg;"Colmic Royal Z18 Nova - Roubaisienne Match-Carpa";CCX851P1;Home;4549.180328;5550;0;1
4172;https://www.mgfishing.eu/8881/colmic-sponda-clk-competition-canna-da-pesca.jpg;"Colmic Sponda CLK Competition - Canna da Pesca";CASP75B;Home;266.393443;325;2;0
4171;https://www.mgfishing.eu/8877/colmic-sponda-clk-700-canna-da-sponda.jpg;"Colmic Sponda CLK 700 - Canna da Sponda";CASP75A;Home;221.311475;270;175;0
4170;https://www.mgfishing.eu//colmic-margin-karp-canna-da-roubasienne.jpg;"Colmic Margin Karp - Canna da Roubasienne";CAMA98A;Home;130.327869;159;87;0
4169;https://www.mgfishing.eu//colmic-black-beast-canna-roubaisienne.jpg;"Colmic Black Beast - Canna Roubaisienne";CABL93A;Home;180.327869;220;221;0
4168;https://www.mgfishing.eu/8875/colmic-zar-carp-canna-da-pesca-carpfishing.jpg;"Colmic Zar Carp - Canna da Pesca Carpfishing";CC9704A;Home;145.081967;177;0;1
4167;https://www.mgfishing.eu/8872/colmic-speed-k40-canna-da-carpodromo.jpg;"Colmic Speed K40 - Canna da Carpodromo";CCXX45;Home;266.393443;325;0;1
4166;https://www.mgfishing.eu/8869/colmic-protocarp-nx-canna-roubaisienne-specimen.jpg;"Colmic Protocarp NX - Canna Roubaisienne Specimen";CCXX41A;Home;340.163934;415;0;1
4165;https://www.mgfishing.eu/8865/colmic-nucleare-sixteen-s31-canna-roubaisienne.jpg;"Colmic Nucleare Sixteen S31 - Canna Roubaisienne";CCX321S;Home;0.000000;0;0;1
4164;https://www.mgfishing.eu/8864/colmic-criminal-power-canna-roubaisienne.jpg;"Colmic Criminal Power - Canna Roubaisienne";CCX9803;Home;327.049180;399;0;1
4163;https://www.mgfishing.eu//colmic-creed-carp-wrk-roubaisienne-specimen.jpg;"Colmic Creed Carp WRK - Roubaisienne Specimen";CCX49A;Home;655.737705;800;0;1
4162;https://www.mgfishing.eu//colmic-carp-fight-work-canna-da-carpa.jpg;"Colmic Carp Fight Work - Canna da Carpa";CCX992A;Home;0.000000;0;0;1
4161;https://www.mgfishing.eu//colmic-carp-5700-wrk-roubaisienne-carpa.jpg;"Colmic Carp 5700 WRK - Roubaisienne Carpa";CCX993A;Home;729.508197;890;44;0
4160;https://www.mgfishing.eu//colmic-blade-carp-roubaisienne-da-carpa.jpg;"Colmic Blade Carp - Roubaisienne da Carpa";CCX16XA;Home;245.901639;300;0;1
4159;https://www.mgfishing.eu/8861/colmic-atomica-wrk-canna-roubaisienne-specimen.jpg;"Colmic Atomica Wrk - Canna Roubaisienne Specimen";CCX48A;Home;0.000000;0;0;1
4158;https://www.mgfishing.eu/8858/colmic-thunder-karp-canna-roubaisienne-specimen.jpg;"Colmic Thunder Karp - Canna Roubaisienne Specimen";CCXX47A;Home;360.655738;440;0;1
4157;https://www.mgfishing.eu/8846/colmic-royal-z15-canna-da-pesca-pole.jpg;"Colmic Royal Z15 - Canna da Pesca Pole";CCX801P1;Home;4245.901639;5180;0;1
4156;https://www.mgfishing.eu/8842/colmic-royal-z12-evo-roubaisienne-da-match-e-carpa.jpg;"Colmic Royal Z12 Evo - Roubaisienne da Match e Carpa";CCX701S01;Home;0.000000;0;0;1
4155;https://www.mgfishing.eu/8838/colmic-prime-90-canna-da-pesca-pole.jpg;"Colmic Prime 90 - Canna da Pesca Pole";CCX996S01;Home;885.245902;1080;1;0
4154;https://www.mgfishing.eu/8836/colmic-formula-f1-canna-roubaisienne-per-carpa.jpg;"Colmic Formula F1 - Canna Roubaisienne per Carpa";CCX853A;Home;1418.032787;1730;0;1
4153;https://www.mgfishing.eu//colmic-epik-evo-canna-roubaisienne-match-carpa.jpg;"Colmic Epik Evo - Canna Roubaisienne Match/Carpa";CCX703S01;Home;0.000000;0;0;1
4152;https://www.mgfishing.eu//colmic-epik-25-canna-da-pesca-pole.jpg;"Colmic Epik 25 - Canna da Pesca Pole";CCX803P1;Home;2172.131148;2650;0;1
4151;https://www.mgfishing.eu//colmic-cls-600-canna-da-feeder.jpg;"Colmic CLS 600 - Canna da Feeder";CCX410S01;Home;631.147541;770;6;0
4150;https://www.mgfishing.eu/8833/colmic-astra-5000-canna-roubaisienne.jpg;"Colmic Astra 5000 - Canna Roubaisienne";CCX805A;Home;818.852459;999;96;0
4149;https://www.mgfishing.eu/8830/colmic-astra-1000-canna-da-roubaisienne.jpg;"Colmic Astra 1000 - Canna da Roubaisienne";CCX806A;Home;581.967213;710;28;0
4148;https://www.mgfishing.eu/8827/colmic-sponda-plus-canna-mini-roubaisienne.jpg;"Colmic Sponda Plus - Canna Mini Roubaisienne";CASP80A;Home;113.934426;139;7;0
4147;https://www.mgfishing.eu/8822/colmic-sponda-karper-canna-da-sotto-sponda.jpg;"Colmic Sponda Karper - Canna da Sotto Sponda";CAKA62A;Home;103.278689;126;90;0
4146;https://www.mgfishing.eu/8817/colmic-sponda-k-competition-canna-da-feeder-per-ciprinidi.jpg;"Colmic Sponda K Competition - Canna da Feeder per Ciprinidi";CASP83A;Home;0.000000;0;0;1
4145;https://www.mgfishing.eu/8812/colmic-sponda-k40-mini-roubaisienne.jpg;"Colmic Sponda K40 - Mini Roubaisienne";CASP82A;Home;221.311475;270;0;1
4144;https://www.mgfishing.eu/8809/colmic-sponda-hh-canna-roubaisienne.jpg;"Colmic Sponda HH - Canna Roubaisienne";CASP60A;Home;187.704918;229;0;1
4143;https://www.mgfishing.eu/8806/colmic-sponda-easy-canna-da-pesca-roubaisienne.jpg;"Colmic Sponda Easy - Canna da Pesca Roubaisienne";CASP85A;Home;90.163934;110;39;0
4142;https://www.mgfishing.eu/8803/colmic-super-specimen-cs5-canna-roubaisienne.jpg;"Colmic SUPER SPECIMEN CS5 - Canna Roubaisienne";CCX9802A;Home;0.000000;0;0;1
4141;https://www.mgfishing.eu/8801/colmic-rush-canna-per-carpa-sotto-sponda.jpg;"Colmic Rush - Canna per Carpa Sotto Sponda";CC9607A;Home;0.000000;0;0;1
4140;https://www.mgfishing.eu/9860/colmic-rave-900-canna-roubaisienne.jpg;"Colmic Rave 900 - Canna Roubaisienne";CC9800F;"Canne Da Carpfishing";122.950820;150;252;0
4139;https://www.mgfishing.eu/8796/colmic-over-speed-k-400-canna-da-specimen.jpg;"Colmic Over Speed K 400 - Canna da Specimen";CCX337A;Home;490.983607;599;0;1
4138;https://www.mgfishing.eu/8792/colmic-over-speed-k200-canna-da-carpa.jpg;"Colmic Over Speed K200 - Canna da Carpa";CCX336A;Home;258.196721;315;21;0
4137;https://www.mgfishing.eu/8788/colmic-over-speed-k100-canna-da-carpa.jpg;"Colmic Over Speed K100 - Canna da Carpa";CCX332A;Home;187.704918;229;0;1
4136;https://www.mgfishing.eu/8784/colmic-over-speed-wrk-800-canna-specimen.jpg;"Colmic OVER SPEED WRK 800 - Canna Specimen";CCX338A;Home;630.327869;769;0;1
4135;https://www.mgfishing.eu//colmic-lake-river-830-canna-roubaisienne.jpg;"Colmic Lake River 830 - Canna Roubaisienne";CCXX48A;Home;229.508197;280;86;0
4134;https://www.mgfishing.eu//colmic-hi-horizon-canna-surfcasting.jpg;"Colmic Hi Horizon - Canna Surfcasting";CC9800A;Home;122.950820;150;116;0
4133;https://www.mgfishing.eu//colmic-fire-carp-evolution-roubaisienne-per-carpa.jpg;"Colmic Fire Carp Evolution - Roubaisienne per Carpa";CCX922A;Home;0.000000;0;0;1
4132;https://www.mgfishing.eu/8782/colmic-fire-carp-25-canna-da-pesca-alla-carpa.jpg;"Colmic Fire Carp 25 - Canna da Pesca alla Carpa";CCX333A;Home;1393.442623;1700;10;0
4131;https://www.mgfishing.eu//colmic-darko-canna-roubaisienne-da-carpa.jpg;"Colmic Darko - Canna Roubaisienne da Carpa";CC9800D;Home;122.950820;150;218;0
4130;https://www.mgfishing.eu/9859/colmic-rbs-cosmica-canna-da-carpa.jpg;"Colmic RBS Cosmica - Canna da Carpa";CCX331A;"Canne Da Carpfishing";245.901639;300;15;0
4129;https://www.mgfishing.eu/9854/colmic-carp-maniac-canna-da-pesca-roubaisienne-per-carpe.jpg;"Colmic Carp Maniac - Canna da Pesca ROUBAISIENNE per Carpe";CCX330A;"Canne Da Carpfishing";434.426230;530;166;0
4128;https://www.mgfishing.eu/9852/colmic-buster-canna-da-roubaisienne-per-carpa.jpg;"Colmic Buster - Canna da Roubaisienne per Carpa";CC9800B;"Canne Da Carpfishing";122.950820;150;2;0
4127;https://www.mgfishing.eu/8765/colmic-power-kit-colorfull-kit-da-pesca.jpg;"Colmic Power Kit Colorfull - Kit da Pesca";CC8799C9;Home;0.000000;0;0;1
4126;https://www.mgfishing.eu/8762/colmic-rbs-protector-accessorio-protettivo-per-mulinelli.jpg;"Colmic RBS Protector - Accessorio Protettivo per Mulinelli";CCXP003;Home;29.508197;36;51;0
4125;https://www.mgfishing.eu/9850/colmic-minibutt-compatibility-accessorio-da-pesca.jpg;"Colmic Minibutt Compatibility - Accessorio da Pesca";CCXM021;Home;45.901639;56;13;0
4124;https://www.mgfishing.eu/9849/colmic-mini-extensions-san-siro-accessorio-per-canne-roubaisienne.jpg;"Colmic MINI EXTENSIONS SAN SIRO - Accessorio per Canne ROUBAISIENNE";CCXM019;"Canne Da Carpfishing";51.639344;63;96;0
4123;https://www.mgfishing.eu/8761/colmic-terra-da-fiume-terra-per-pastura-e-appesantimenti.jpg;"Colmic Terra da Fiume - Terra per Pastura";PCI260C;Pasture;6.229508;7.6;0;1
4122;https://www.mgfishing.eu/9838/colmic-light-damp-terra-di-somma-per-pastura.jpg;"Colmic Light Damp - Terra di Somma per Pastura";PCBEL50A;Pasture;5.081967;6.2;1202;0
4121;https://www.mgfishing.eu/9837/colmic-heavy-damp-lean-terra-per-pastura.jpg;"Colmic Heavy Damp Lean - Terra per Pastura";PCBEL50G;Pasture;6.065574;7.4;2169;0
4120;https://www.mgfishing.eu/9836/colmic-grey-dry-leam-terra-disidratata-per-pastura.jpg;"Colmic Grey Dry Leam - Terra Disidratata per Pastura";PCBEL50E;Pasture;6.393443;7.8;301;0
4119;https://www.mgfishing.eu/9834/colmic-dry-leam-terra-per-pastura.jpg;"Colmic Dry Leam - Terra per Pastura";PCBEL50D;Pasture;5.819672;7.1;230;0
4118;https://www.mgfishing.eu/9833/colmic-black-natural-earth-terra-da-pastura.jpg;"Colmic Black Natural Earth - Terra da Pastura";PCBEL50H;Pasture;6.557377;8;176;0
4117;https://www.mgfishing.eu/9831/colmic-black-light-damp-leam-terra-di-somma-per-pasturazione.jpg;"Colmic BLACK LIGHT DAMP LEAM - Terra di somma per pasturazione";PCBEL50B;Pasture;5.819672;7.1;4018;0
4116;https://www.mgfishing.eu/8760/colmic-sarago-orata-sfarinato-per-pasterello.jpg;"Colmic Sarago Orata - Sfarinato per Pasterello";PC55D;Pasture;5.737705;7;215;0
4115;https://www.mgfishing.eu/8759/colmic-pastura-occhiata-sarago-pastura-per-pesca.jpg;"Colmic Pastura Occhiata Sarago - Pastura per Pesca";PC55E;Pasture;5.737705;7;219;0
4114;https://www.mgfishing.eu/9830/colmic-pastura-fondo-cefalo-pastura-per-pesca.jpg;"Colmic Pastura Fondo Cefalo - Pastura per Pesca Mare";PC55F;Pasture;5.737705;7;2660;0
4113;https://www.mgfishing.eu/9829/colmic-cefalo-competizione-pastura-per-pesca-mare.jpg;"Colmic Cefalo Competizione - Pastura per Pesca Mare";PC55G;Pasture;5.737705;7;177;0
4112;https://www.mgfishing.eu/8757/colmic-premier-carpa-carassio-evolution-pastura-per-pesca-a-fondo.jpg;"Colmic PREMIER CARPA CARASSIO EVOLUTION - Pastura per Pesca a Fondo";PCBEL03E;Pasture;6.147541;7.5;174;0
4111;https://www.mgfishing.eu/8756/colmic-monster-carassio-pastura-per-pesca-al-carassio.jpg;"Colmic Monster Carassio - Pastura per Pesca al Carassio";PC810;Pasture;6.967213;8.5;1682;0
4110;https://www.mgfishing.eu/9828/colmic-mb-300-carpa-carassio-breme-pastura-per-pesca-a-carpa.jpg;"Colmic MB 300 CARPA – CARASSIO – BREME - Pastura per pesca a carpa";PCBEL03B;Pasture;7.786885;9.5;2211;0
4109;https://www.mgfishing.eu/9827/colmic-big-fish-red-evolution-pastura-per-pesca-a-fondo.jpg;"Colmic BIG FISH RED EVOLUTION - Pastura per Pesca a Fondo";PCBEL03G;Pasture;6.147541;7.5;59;0
4108;https://www.mgfishing.eu/8755/colmic-xtreme-match-pastura-per-pesca-alla-carpa-tinca.jpg;"Colmic Xtreme Match - Pastura per Pesca alla Carpa Tinca";PCMS01;Pasture;6.639344;8.1;621;0
4107;https://www.mgfishing.eu/8754/colmic-rossa-cavedano-barbo-savetta-pastura-pesca.jpg;"Colmic ROSSA CAVEDANO - BARBO - SAVETTA - Pastura pesca";PC300B;Pasture;10.655738;13;395;0
4106;https://www.mgfishing.eu/8753/colmic-queen-carpa-pastura-da-fondo-per-carpe.jpg;"Colmic Queen Carpa - Pastura da Fondo per Carpe";PC809;Pasture;4.918033;6;50;0
4105;https://www.mgfishing.eu/8752/colmic-power-carp-pastura-per-carpfishing.jpg;"Colmic Power Carp - Pastura per Carpfishing";PC801;Pasture;4.918033;6;44;0
4104;https://www.mgfishing.eu/8751/colmic-mb-500-carpa-carassio-breme-pastura-da-fondo.jpg;"Colmic MB 500 CARPA – CARASSIO – BREME - Pastura Acqua Dolce";PCBEL03C;Pasture;7.786885;9.5;5180;0
4103;https://www.mgfishing.eu/9826/colmic-match-winner-pastura-per-ciprinidi-carpe-tinca-cavedani.jpg;"Colmic Match Winner - Pastura per Ciprinidi Carpe Tinca Cavedani";PCMS03;Pasture;6.639344;8.1;414;0
4102;https://www.mgfishing.eu/9825/colmic-karper-evolution-pastura-per-carpfishing.jpg;"Colmic Karper Evolution - Pastura per Carpfishing";PCBEL03A;Pasture;6.147541;7.5;2259;0
4101;https://www.mgfishing.eu//colmic-pastura-gialla-special-per-carpa-pastura-da-pesca.jpg;"Colmic Pastura Gialla Special per Carpa - Pastura da Pesca";PC300C;Home;10.655738;13;0;1
4100;https://www.mgfishing.eu/9824/colmic-black-monster-pastura-per-pesca-ai-ciprinidi.jpg;"Colmic Black Monster - Pastura per Pesca ai Ciprinidi Carpe Tinca";PCMS04;Pasture;6.639344;8.1;2467;0
4099;https://www.mgfishing.eu/9823/colmic-impressive-mix-pastura-per-pesca-a-breme-e-gardon.jpg;"Colmic Impressive Mix - Pastura per Pesca a Breme e Gardon";PCMS02;Pasture;6.639344;8.1;2761;0
4098;https://www.mgfishing.eu/8750/colmic-black-carassio-pastura-per-ciprinidi.jpg;"Colmic Black Carassio - Pastura per Ciprinidi";PC810A;Home;0.000000;0;2337;0
4097;https://www.mgfishing.eu/9822/colmic-black-evolution-pastura-da-fondo.jpg;"Colmic Black Evolution - Pastura da Acqua Dolce";PCBEL03I;Pasture;6.147541;7.5;1812;0
4096;https://www.mgfishing.eu/9821/colmic-big-fish-yellow-evolution-pastura-per-pesca-acqua-dolce.jpg;"Colmic BIG FISH YELLOW EVOLUTION - Pastura per Pesca Acqua Dolce";PCBEL03F;Pasture;6.147541;7.5;1087;0
4095;https://www.mgfishing.eu/9820/colmic-bianca-cavedano-barbo-savetta-pastura-per-acqua-corrente.jpg;"Colmic BIANCA CAVEDANO - BARBO - SAVETTA - Pastura per Acqua Corrente";PC300A;Pasture;10.655738;13;191;0
4094;https://www.mgfishing.eu/8747/colmic-barbo-rossa-miscela-pastura-da-pesca-in-fiume.jpg;"Colmic Barbo Rossa - Miscela Pastura da Pesca in Fiume";PC807;Home;4.918033;6;0;1
4093;https://www.mgfishing.eu/8742/colmic-alborella-extra-gold-pastura-da-fondo.jpg;"Colmic Alborella Extra Gold - Pastura da Acqua Dolce";PC30;Pasture;8.196721;10;57;0
4092;https://www.mgfishing.eu/8740/colmic-top-gum-collante-per-bigattini.jpg;"Colmic Top Gum - Collante per Bigattini";COL10R;Home;0.000000;0;0;1
4091;https://www.mgfishing.eu/9819/colmic-stabilix-integratore-per-collanti-bigattini.jpg;"Colmic Stabilix - Integratore per Collanti Bigattini";COL9R;Pasture;20.000000;24.4;811;0
4090;https://www.mgfishing.eu/9818/colmic-collante-gomma-arabica-collante-per-bigattini.jpg;"Colmic Collante Gomma Arabica - Collante per Bigattini";COL8;Pasture;13.852459;16.9;109;0
4089;https://www.mgfishing.eu/8739/colmic-wonder-silver-pastura-da-fondo.jpg;"Colmic WONDER SILVER - Pastura da fondo";PCBEL10A;Pasture;14.344262;17.5;2284;0
4088;https://www.mgfishing.eu/8738/colmic-wonder-black-pastura-per-pesca.jpg;"Colmic Wonder Black - Pastura per pesca";PCBEL13;Pasture;14.344262;17.5;3923;0
4087;https://www.mgfishing.eu/9816/colmic-gros-gardon-fine-pastura-per-pesca.jpg;"Colmic Gros Gardon Fine - Pastura per Pesca";PCBEL30;Pasture;8.770492;10.7;317;0
4086;https://www.mgfishing.eu/9814/colmic-gros-gardon-pastura-da-pesca-per-gardon.jpg;"Colmic Gros Gardon - Pastura da Pesca per Gardon Rutilo";PCBEL30A;Pasture;8.770492;10.7;150;0
4085;https://www.mgfishing.eu/9812/colmic-feed-special-green-dark-pastura-da-pesca.jpg;"Colmic Feed Special Green Dark - Pastura da Pesca";PCBEL60B;Pasture;9.508197;11.6;357;0
4084;https://www.mgfishing.eu/9810/colmic-feeder-world-pastura-per-breme.jpg;"Colmic Feeder World - Pastura per Breme";PCBEL60A;Pasture;10.245902;12.5;257;0
4083;https://www.mgfishing.eu//colmic-etang-pastura-per-pesca-a-feeder.jpg;"Colmic Etang - Pastura per Pesca a Feeder";PCBEL31;Home;8.770492;10.7;0;1
4082;https://www.mgfishing.eu/8732/colmic-amido-di-mais-parzialmente-disoleato-ingrediente-per-pastura.jpg;"Colmic Amido di Mais Parzialmente Disoleato - Ingrediente per Pastura";PCBEL22;Pasture;5.081967;6.2;463;0
4081;https://www.mgfishing.eu/8731/colmic-veteran-300-basic-station-2-front-drawer.jpg;"Colmic VETERAN 300 - BASIC STATION + 2 FRONT DRAWER";PA105E;Home;159.836066;195;79;0
4080;https://www.mgfishing.eu/8730/colmic-veteran-200-basic-station-con-cassetto-laterale.jpg;"Colmic VETERAN 200 - Basic Station con Cassetto Laterale";PA105D;Home;159.836066;195;177;0
4079;https://www.mgfishing.eu/8729/colmic-veteran-150-basic-station-module-4-cm.jpg;"Colmic VETERAN 150 - Basic Station + Module 4 cm";PA105C;Home;147.540984;180;0;1
4078;https://www.mgfishing.eu/8728/colmic-veteran-300-back-panieri-da-pesca.jpg;"Colmic VETERAN 300 + BACK - Panieri da Pesca";PA105E1;Home;163.934426;200;0;1
4077;https://www.mgfishing.eu/8727/colmic-veteran-200-back-panieri-da-pesca.jpg;"Colmic VETERAN 200 + BACK - Panieri da Pesca";PA105D1;Home;163.934426;200;0;1
4076;https://www.mgfishing.eu/8726/colmic-veteran-150-back-panieri-da-pesca.jpg;"Colmic VETERAN 150 + BACK - Panieri da Pesca";PA105C1;Home;155.737705;190;0;1
4075;https://www.mgfishing.eu/8725/colmic-veteran-110-basic-station-con-schienale-reclinabile.jpg;"Colmic VETERAN 110 - Basic Station con Schienale Reclinabile";PA105B;Home;0.000000;0;0;1
4074;https://www.mgfishing.eu/8724/colmic-veteran-100-basic-station.jpg;"Colmic VETERAN 100 - BASIC STATION";PA105A;Home;0.000000;0;0;1
4073;https://www.mgfishing.eu/8721/colmic-royal-max-panchetto-con-4-gambe-o36mm-paniere-da-pesca.jpg;"Colmic Royal Max Panchetto con 4 Gambe Ø36mm - Paniere da Pesca";PA01051;Panieri;942.622951;1150;54;0
4072;https://www.mgfishing.eu/8714/colmic-royal-class-seduta-per-pesca.jpg;"Colmic Royal Class - Seduta per Pesca";PA01000;Home;0.000000;0;0;1
4071;https://www.mgfishing.eu/8713/colmic-roxy-60-mulinello-da-feeder.jpg;"Colmic Roxy 60 - Mulinello da Feeder";PA0806C;Home;0.000000;0;0;1
4070;https://www.mgfishing.eu/8706/colmic-nova-box-seatbox-seduta-da-pesca.jpg;"Colmic Nova Box Seatbox - Seduta da Pesca";PA01056;Home;1081.967213;1320;18;0
4069;https://www.mgfishing.eu/8703/colmic-must-paniere-da-pesca.jpg;"Colmic Must - Paniere da Pesca";PA01054;Home;598.360656;730;0;1
4068;https://www.mgfishing.eu/9795/colmic-miura-panierino-da-pesca-con-seduta-ergonomica.jpg;"Colmic Miura Paniere da Pesca con Seduta Ergonomica";PA01053A;Panieri;811.475410;990;143;0
4067;https://www.mgfishing.eu/9790/colmic-extreme-seatbox-paniere-da-pesca.jpg;"Colmic Extreme Seatbox - Paniere da Pesca";PA01050;Home;983.606557;1200;68;0
4066;https://www.mgfishing.eu/8693/colmic-astro-paniere-paniere-da-pesca.jpg;"Colmic Astro Paniere - Paniere da Pesca";PA01052;Home;942.622951;1150;0;1
4065;https://www.mgfishing.eu/8689/colmic-astro-light-paniere-compatto-per-pesca.jpg;"Colmic Astro Light - Paniere compatto per pesca";PA01052A;Home;655.737705;800;1;0
4064;https://www.mgfishing.eu/8683/colmic-ace-platform-seat-box-paniere-da-pesca.jpg;"Colmic Ace Platform Seat Box - Paniere da Pesca";PA01055;Panieri;1049.180328;1280;0;1
4063;https://www.mgfishing.eu/8681/colmic-queen-carp-series-round-squared-guadino.jpg;"Colmic QUEEN CARP SERIES - ROUND & SQUARED - Guadino";NACR113B;Home;0.000000;0;0;1
4062;https://www.mgfishing.eu/8678/colmic-nova-special-mare-squared-nassa-per-pesca-in-mare.jpg;"Colmic NOVA SPECIAL MARE SQUARED - Nassa per Pesca in Mare";NACR211A;Home;98.360656;120;0;1
4061;https://www.mgfishing.eu/8676/colmic-nadir-mulinello-da-match.jpg;"Colmic Nadir - Mulinello da Match";MULNAD20;Home;45.901639;56;0;1
4060;https://www.mgfishing.eu/9786/colmic-hicon-7000-mulinello-frizione-anteriore.jpg;"Colmic Hicon 7000 - Mulinello Frizione Anteriore";MULHI70;"Mulinelli Frizione Anteriore";42.622951;52;159;0
4059;https://www.mgfishing.eu//colmic-kuiver-mulinello.jpg;"Colmic KUIVER - Mulinello";MULKUI10;Home;40.983607;50;0;1
4058;https://www.mgfishing.eu//colmic-jekill-mulinello-da-spinning.jpg;"Colmic Jekill - Mulinello da Spinning";MULJEK20;Home;0.000000;0;0;1
4057;https://www.mgfishing.eu//colmic-blue-shiva-guadino-in-carbonio-teleregolabile.jpg;"Colmic Blue Shiva - Guadino in Carbonio Teleregolabile";GXBL01A;Home;0.000000;0;0;1
4056;https://www.mgfishing.eu/9785/colmic-stunt-net-manico-guadino-ad-innesti.jpg;"Colmic Stunt Net - Manico Guadino ad Innesti";GXSTU40;Guadini;127.049180;155;153;0
4055;https://www.mgfishing.eu/8671/colmic-speci-plus-nx-guadino-per-carpe.jpg;"Colmic Speci Plus NX - Guadino per Carpe";GXSP32A;Home;0.000000;0;0;1
4054;https://www.mgfishing.eu/9784/colmic-speci-plus-evolution-manico-guadino-da-pesca.jpg;"Colmic Speci Plus Evolution - Manico Guadino da Pesca";GXSP33A;Guadini;81.147541;99;0;1
4053;https://www.mgfishing.eu/9781/colmic-kuiver-match-wrm-manico-per-guadino.jpg;"Colmic Kuiver Match WRM - Manico per Guadino";GXKUI01B;Guadini;187.704918;229;11;0
4052;https://www.mgfishing.eu/9780/colmic-karper-guadino-da-pesca-laghetto.jpg;"Colmic Karper - Manico Guadino da Pesca Laghetto";GXKA01A;Guadini;81.147541;99;87;0
4051;https://www.mgfishing.eu/8667/colmic-two-side-strike-rod-rest-supporto-canna.jpg;"Colmic TWO SIDE STRIKE ROD REST - Supporto Canna";AP20B;Home;2.049180;2.5;3184;0
4050;https://www.mgfishing.eu/8666/colmic-rod-rest-valencia-supporto-porta-canna.jpg;"Colmic Rod Rest Valencia - Supporto Porta Canna";AP51;Home;4.180328;5.1;416;0
4049;https://www.mgfishing.eu/8665/colmic-toledo-porta-canne-da-terra-appoggiacanna-feeder.jpg;"Colmic Toledo - Appoggiacanna Feeder";AP73;"Picchetti, tripodi e reggicanne";7.377049;9;252;0
4048;https://www.mgfishing.eu/8664/colmic-rod-rest-snapper-pro-supporto-per-canne.jpg;"Colmic ROD REST: SNAPPER PRO - Supporto per Canne";AP71;Home;3.688525;4.5;257;0
4047;https://www.mgfishing.eu/8663/colmic-snapper-porta-canna.jpg;"Colmic Snapper - Porta Canna";AP70;Home;2.049180;2.5;218;0
4046;https://www.mgfishing.eu/8662/colmic-malaga-rod-rest-appoggiacanna-feeder.jpg;"Colmic Malaga - Rod Rest Appoggiacanna Feeder";AP76;"Picchetti, tripodi e reggicanne";5.737705;7;221;0
4045;https://www.mgfishing.eu/8661/colmic-supporto-canna-madrid-supporto-accessorio-appoggiacanna-feeder.jpg;"Colmic Supporto Canna Madrid - Supporto Accessorio Appoggiacanna Feeder";AP74;"Picchetti, tripodi e reggicanne";2.868852;3.5;416;0
4044;https://www.mgfishing.eu/8660/colmic-granada-supporto-per-canna-appoggiacanna-feeder.jpg;"Colmic Granada - Supporto per Canna Appoggiacanna Feeder";AP72;Reggicanne;7.131148;8.7;172;0
4043;https://www.mgfishing.eu/8659/colmic-cordoba-supporto-porta-canna-appoggiacanna-feeder.jpg;"Colmic Cordoba - Supporto Porta Canna Appoggiacanna Feeder";AP77;Reggicanne;9.836066;12;266;0
4042;https://www.mgfishing.eu/8658/colmic-cadice-rod-rest-appoggiacanna-feeder.jpg;"Colmic Cadice - Rod Rest Appoggiacanna Feeder";AP78;Reggicanne;6.557377;8;248;0
4041;https://www.mgfishing.eu/8657/colmic-supporto-porta-canna-bilbao-accessorio-per-pesca.jpg;"Colmic Supporto Porta Canna Bilbao - Accessorio per pesca";AP75;Home;2.868852;3.5;262;0
4040;https://www.mgfishing.eu/8655/colmic-one-side-strike-rod-rest-accessorio-per-pesca.jpg;"Colmic ONE SIDE STRIKE ROD REST - Accessorio per Pesca";AP20A;Home;2.049180;2.5;180;0
4039;https://www.mgfishing.eu/8654/colmic-porta-canna-manila-supporto-appoggiacanna-per-canna-feeder.jpg;"Colmic Porta Canna Manila - Supporto Appoggiacanna per Canna Feeder";AP48;Reggicanne;19.262295;23.5;147;0
4038;https://www.mgfishing.eu/9775/colmic-long-telescopic-adjustable-arm-90-accessorio-appoggiacanna-feeder.jpg;"Colmic LONG TELESCOPIC ADJUSTABLE ARM 90° - Accessorio Appoggiacanna Feeder";PA2091;"Picchetti, tripodi e reggicanne";38.524590;47;148;0
4037;https://www.mgfishing.eu/9774/colmic-eva-rod-rest-48-cm-supporto-per-canna-appoggiacanna-feeder.jpg;"Colmic EVA Rod Rest 48 cm - Supporto per Canna Appoggiacanna Feeder";AP24B;"Picchetti, tripodi e reggicanne";12.295082;15;360;0
4036;https://www.mgfishing.eu/8648/colmic-silicon-rod-rest-190-supporto-canna.jpg;"Colmic SILICON ROD REST 190 - Supporto Canna";AP22C;Home;5.327869;6.5;60;0
4035;https://www.mgfishing.eu/8647/colmic-silicon-rod-rest-110-supporto-canna-da-pesca.jpg;"Colmic SILICON ROD REST 110 - Supporto Canna da Pesca";AP22A;Home;0.000000;0;0;1
4034;https://www.mgfishing.eu/8646/colmic-sevilla-porta-canne.jpg;"Colmic Sevilla - Porta Canne";AP41;Home;3.442623;4.2;185;0
4033;https://www.mgfishing.eu/8645/colmic-praga-supporto-per-canna-da-pesca.jpg;"Colmic Praga - Supporto per Canna da Pesca";AP43;Home;2.704918;3.3;92;0
4032;https://www.mgfishing.eu/8644/colmic-lisbona-supporto-per-canna-da-pesca.jpg;"Colmic Lisbona - Supporto per Canna da Pesca";AP40;Home;3.442623;4.2;112;0
4031;https://www.mgfishing.eu/8643/colmic-lione-porta-canna-feeder.jpg;"Colmic Lione - Appoggia Canne Feeder";AP42;Reggicanne;4.754098;5.8;386;0
4030;https://www.mgfishing.eu/8642/colmic-dublino-supporto-canna-feeder.jpg;"Colmic Dublino - Supporto Canna Feeder";AP45;Reggicanne;6.393443;7.8;289;0
4029;https://www.mgfishing.eu/9743/colmic-luxor-supporto-banco-accessorio-appoggiacanna-da-pesca-feeder.jpg;"Colmic Luxor Supporto Banco - Accessorio Appoggiacanna da Pesca Feeder";AP60;Reggicanne;24.590164;30;92;0
4028;https://www.mgfishing.eu/8641/colmic-rod-rest-lima-xl-supporto-canna-feeder.jpg;"Colmic ROD REST LIMA XL - Supporto Canna Feeder";AP50;Reggicanne;23.360656;28.5;188;0
4027;https://www.mgfishing.eu/8640/colmic-porta-canna-lima-supporto-da-pesca-feeder.jpg;"Colmic Porta Canna Lima - Supporto da Pesca Feeder";AP49;Reggicanne;19.262295;23.5;222;0
4026;https://www.mgfishing.eu/9740/colmic-feeder-arm-quick-release-press-go-accessorio-appoggiacannaper-feeder.jpg;"Colmic FEEDER ARM QUICK RELEASE + PRESS & GO - Accessorio Appoggiacannaper Feeder";PA0951E;Reggicanne;52.459016;64;145;0
4025;https://www.mgfishing.eu/9735/colmic-feeding-arm-accessorio-appoggiacanna-da-feeder.jpg;"Colmic Feeding Arm - Accessorio Appoggiacanna da Feeder";PA0951B;Reggicanne;39.344262;48;66;0
4024;https://www.mgfishing.eu/9734/colmic-eva-rod-rest-37-cm-appoggiacanne-canna.jpg;"Colmic EVA ROD REST 37 cm - Appoggiacanne Canna";AP25A;Reggicanne;12.295082;15;325;0
4023;https://www.mgfishing.eu/8638/colmic-supporto-snodabile-per-appoggia-canna-da-feeder-accessorio.jpg;"Colmic Supporto Snodabile per Appoggia Canna da Feeder - Accessorio";AP47;Reggicanne;5.163934;6.3;5;0
4022;https://www.mgfishing.eu/9732/colmic-measuring-bank-stick-segnaletto-distanza-per-pesca-feeder.jpg;"Colmic Measuring Bank Stick - Segnaletto Distanza per pesca Feeder";MEAS001;"Picchetti, tripodi e reggicanne";17.213115;21;416;0
4021;https://www.mgfishing.eu/8637/colmic-top-kit-porta-kit-canna-185-cm.jpg;"Colmic Top Kit - Porta Kit Canna 185 cm";PRO505;"Foderi Portacanne";89.344262;109;182;0
4020;https://www.mgfishing.eu/8635/colmic-top-kit-porta-kit-porta-kit-per-canna-da-pesca.jpg;"Colmic Top Kit Porta Kit - Porta Kit per Canna da Pesca";PRO502;"Foderi Portacanne";53.278689;65;96;0
4019;https://www.mgfishing.eu/8633/colmic-tips-tube-fodero-porta-vette.jpg;"Colmic Tips Tube - Fodero porta vette";PR121;"Borse porta attrezzatura";22.131148;27;212;0
4018;https://www.mgfishing.eu/8628/colmic-surf-170-porta-canna-surfcasting.jpg;"Colmic Surf 170 - Porta Canna Surfcasting";PRO509;Home;0.000000;0;0;1
4017;https://www.mgfishing.eu/8625/colmic-safety-3d-185-porta-canna-rigido.jpg;"Colmic Safety 3D 185 - Porta Canna Rigido";PRO507;Home;0.000000;0;0;1
4016;https://www.mgfishing.eu/8624/colmic-porta-canna-rbs-extra-large-oxford-porta-canne.jpg;"Colmic Porta Canna RBS Extra Large Oxford - Porta Canne";PR215B;"Foderi Portacanne";72.131148;88;114;0
4015;https://www.mgfishing.eu/8622/colmic-roubaisienne-xxl-200-fodero-porta-canne.jpg;"Colmic Roubaisienne XXL 200 - Fodero Porta Canne";PRO500;"Foderi Portacanne";122.131148;149;187;0
4014;https://www.mgfishing.eu/8619/colmic-porta-canna-xl-oxford-porta-canne-da-pesca.jpg;"Colmic Porta Canna XL Oxford - Porta Canne da Pesca";PR214A;"Foderi Portacanne";54.098361;66;158;0
4013;https://www.mgfishing.eu/8616/colmic-roubaisienne-xl-200-fodero-porta-canne.jpg;"Colmic Roubaisienne XL 200 - Fodero Porta Canne";PRO501;Home;0.000000;0;0;1
4012;https://www.mgfishing.eu/8614/colmic-power-kit-case-porta-accessori-da-pesca.jpg;"Colmic Power Kit Case - Porta Accessori da Pesca";PRO700;"Foderi Portacanne";56.557377;69;59;0
4011;https://www.mgfishing.eu//colmic-hard-case-fodero-rigido-per-canna-roubaisienne.jpg;"Colmic Hard Case - Fodero Rigido per Canna Roubaisienne";PRH16512;Home;105.737705;129;0;1
4010;https://www.mgfishing.eu/8612/colmic-feeder-190-porta-canna-da-feeder.jpg;"Colmic Feeder 190 - Porta Canna da Feeder";PRO504;"Foderi Portacanne";138.524590;169;44;0
4009;https://www.mgfishing.eu/8610/colmic-easy-bolognese-165-fodero-porta-canne.jpg;"Colmic Easy Bolognese 165 - Fodero Porta Canne";PRO506;"Foderi Portacanne";81.147541;99;113;0
4008;https://www.mgfishing.eu/8608/colmic-bolognese-170-fodero-porta-canna.jpg;"Colmic Bolognese 170 - Fodero Porta Canna";PRO503;"Foderi Portacanne";138.524590;169;87;0
4007;https://www.mgfishing.eu/8605/colmic-aligator-1700-fodero-per-canne-da-pesca.jpg;"Colmic Aligator 1700 - Fodero per Canne da Pesca";BOXEVA600;Home;38.442623;46.9;0;1
4006;https://www.mgfishing.eu/8604/colmic-surf-extra-fodero-per-canna-surfcasting.jpg;"Colmic Surf Extra - Fodero per Canna Surfcasting";PR213;"Foderi Portacanne";61.475410;75;85;0
4005;https://www.mgfishing.eu/8602/colmic-surf-2-plus-1-fodero-per-canne-surfcasting.jpg;"Colmic Surf 2 Plus 1 - Fodero per canne Surfcasting";PR212;"Foderi Portacanne";64.754098;79;83;0
4004;https://www.mgfishing.eu/8599/colmic-surf-2-fodero-sagomato-per-canna-surfcasting.jpg;"Colmic Surf 2 - Fodero Sagomato per Canna Surfcasting";PR211;Home;0.000000;0;0;1
4003;https://www.mgfishing.eu/8598/colmic-surf-1-plus-1-fodero-per-canna-surfcasting.jpg;"Colmic Surf 1 Plus 1 - Fodero per Canna Surfcasting";PR210;"Foderi Portacanne";49.180328;60;13;0
4002;https://www.mgfishing.eu/8596/colmic-surf-1-fodero-porta-canne-surfcasting.jpg;"Colmic Surf 1 - Fodero porta canne surfcasting";PR209;"Foderi Portacanne";36.885246;45;124;0
4001;https://www.mgfishing.eu/8592/colmic-scogliera-fodero-per-canne-e-attrezzatura-da-pesca.jpg;"Colmic Scogliera - Fodero per Canne e Attrezzatura da Pesca";PR208;"Foderi Portacanne";69.672131;85;153;0
4000;https://www.mgfishing.eu/8591/colmic-alborella-borsa-porta-canna.jpg;"Colmic Alborella - Borsa Porta Canna";PR304;"Foderi Portacanne";25.409836;31;110;0
3999;https://www.mgfishing.eu/8589/colmic-roubaisienne-xxl-fodero-per-canne-da-pesca.jpg;"Colmic Roubaisienne XXL - Fodero per Canne da Pesca";PR215;"Foderi Portacanne";94.262295;115;202;0
3998;https://www.mgfishing.eu/8587/colmic-rbs-xl-fodero-per-roubaisienne.jpg;"Colmic RBS XL - Fodero per Roubaisienne";PR214;"Foderi Portacanne";69.672131;85;260;0
3997;https://www.mgfishing.eu/8585/colmic-race-borsa-fodero-per-roubaisienne.jpg;"Colmic Race Borsa - Fodero per Roubaisienne";PR207;"Foderi Portacanne";40.163934;49;217;0
3996;https://www.mgfishing.eu/8583/colmic-praga-190-fodero-per-canna.jpg;"Colmic Praga 190 - Fodero per Canna";PR201;"Foderi Portacanne";18.032787;22;355;0
3995;https://www.mgfishing.eu/8580/colmic-praga-170-fodero-porta-canne.jpg;"Colmic Praga 170 - Fodero Porta Canne";PR201A;Home;0.000000;0;0;1
3994;https://www.mgfishing.eu/8573/colmic-oslo-3d-fodero-per-canne.jpg;"Colmic Oslo 3D - Fodero per Canne";PR301;"Foderi Portacanne";13.934426;17;215;0
3993;https://www.mgfishing.eu/9809/colmic-giglio-fodero-per-canne-bolognesi.jpg;"Colmic Giglio - Fodero per Canne Bolognesi";PR200;"Foderi Portacanne";19.262295;23.5;3;0
3992;https://www.mgfishing.eu/9808/colmic-foderina-sagomata-per-canna-bolognese-accessorio-porta-cannecanne.jpg;"Colmic Foderina Sagomata per Canna Bolognese - Accessorio porta canneCanne";PR300;"Foderi Portacanne";22.540984;27.5;60;0
3991;https://www.mgfishing.eu//colmic-country-160-fodero-per-canne-bolognesi.jpg;"Colmic Country 160 - Fodero per Canne Bolognesi";PR203;Home;0.000000;0;0;1
3990;https://www.mgfishing.eu//colmic-country-140-fodero-per-canne-bolognesi.jpg;"Colmic Country 140 - Fodero per Canne Bolognesi";PR203A;Home;0.000000;0;0;1
3989;https://www.mgfishing.eu/9807/colmic-cavedano-fodero-per-canna.jpg;"Colmic Cavedano - Fodero per Canna";PR204;"Foderi Portacanne";36.885246;45;421;0
3988;https://www.mgfishing.eu/9804/colmic-bolognese-fodero-170-cm-fodero-per-canne.jpg;"Colmic Bolognese Fodero 170 cm - Fodero per canne";PR213C;"Foderi Portacanne";77.868852;95;70;0
3987;https://www.mgfishing.eu/9803/colmic-bolognese-003-fodero-portacanne.jpg;"Colmic Bolognese 003 - Fodero Portacanne";PR213B;"Foderi Portacanne";69.672131;85;34;0
3986;https://www.mgfishing.eu/9800/colmic-bolognese-pro-fodero-per-canna.jpg;"Colmic Bolognese Pro - Fodero per Canna";PR213A;"Foderi Portacanne";57.377049;70;95;0
3985;https://www.mgfishing.eu/8566/colmic-barbo-190-fodero-per-canna.jpg;"Colmic Barbo 190 - Fodero per Canna";PR205A;Home;31.967213;39;0;1
3984;https://www.mgfishing.eu/8565/colmic-barbo-155-fodero-porta-canne.jpg;"Colmic Barbo 155 - Fodero Porta Canne";PR206;"Foderi Portacanne";27.868852;34;357;0
3983;https://www.mgfishing.eu/8560/colmic-surf-medium-borsa-zaino-da-pesca.jpg;"Colmic Surf Medium - Borsa Zaino da Pesca";BO211A;Zaini;90.163934;110;2;0
3982;https://www.mgfishing.eu/8556/colmic-surf-big-borsa-zaino-da-pesca.jpg;"Colmic Surf Big - Borsa Zaino da Pesca";BO211B;Home;143.442623;175;0;1
3981;https://www.mgfishing.eu/8554/colmic-safari-borsa-a-tracolla-per-pesca.jpg;"Colmic Safari - Borsa a tracolla per pesca";BO201A;Home;0.000000;0;0;1
3980;https://www.mgfishing.eu/8551/colmic-roller-borsone-imbottito.jpg;"Colmic Roller - Borsone Imbottito";BO211;Home;36.885246;45;0;1
3979;https://www.mgfishing.eu/8549/colmic-new-york-borsa-da-pesca.jpg;"Colmic New York - Borsa da pesca";BO206;Home;36.885246;45;0;1
3978;https://www.mgfishing.eu//colmic-las-vegas-borsa-porta-accessori-pesca.jpg;"Colmic Las Vegas - Borsa porta accessori pesca";BO207;Home;0.000000;0;0;1
3977;https://www.mgfishing.eu//colmic-frigo-rio-sacca-termica-da-pesca.jpg;"Colmic Frigo Rio - Sacca Termica da Pesca";BO209;Home;0.000000;0;0;1
3976;https://www.mgfishing.eu/9799/colmic-firenze-borsone-da-pesca.jpg;"Colmic Firenze - Borsone da Pesca";BO210;"Borse porta attrezzatura";59.836066;73;0;1
3975;https://www.mgfishing.eu//colmic-dublino-borsa-porta-accessori-borsa-da-pesca.jpg;"Colmic Dublino Borsa Porta Accessori - Borsa da Pesca";BO208;Home;0.000000;0;0;1
3974;https://www.mgfishing.eu//colmic-catapult-accessorio-da-pesca.jpg;"Colmic Catapult - Accessorio da Pesca";BO201;Home;0.000000;0;0;1
3973;https://www.mgfishing.eu/8545/colmic-atena-xxl-borsa-a-tracolla-da-pesca.jpg;"Colmic Atena XXL - Borsa a Tracolla da Pesca";BO203;"Borse porta attrezzatura";16.803279;20.5;30;0
3972;https://www.mgfishing.eu/8543/colmic-atena-borsa-a-tracolla-da-pesca.jpg;"Colmic Atena - Borsa a Tracolla da Pesca";BO202;Home;0.000000;0;0;1
3971;https://www.mgfishing.eu/8541/colmic-borsa-arno-duro-borsa-porta-accessori.jpg;"Colmic Borsa ARNO DURO - Borsa Porta Accessori";BO204;Home;0.000000;0;0;1
3970;https://www.mgfishing.eu/8539/colmic-arno-cooler-borsa-frigo.jpg;"Colmic Arno Cooler - Borsa Frigo";BO205;Home;0.000000;0;0;1
3969;https://www.mgfishing.eu/8536/colmic-vienna-borsa-porta-bobine-mulinello.jpg;"Colmic Vienna - Borsa porta mulinello";BO262;"Borse Porta Mulinelli";18.442623;22.5;75;0
3968;https://www.mgfishing.eu/8534/colmic-parigi-borsone-imbottito-da-pesca.jpg;"Colmic Parigi - Borsone imbottito da pesca";BO251;"Borse porta attrezzatura";114.754098;140;109;0
3967;https://www.mgfishing.eu/9798/colmic-londra-borsone-imbottito-per-pesca.jpg;"Colmic Londra - Borsone Imbottito per Pesca";BO250;"Borse porta attrezzatura";122.950820;150;77;0
3966;https://www.mgfishing.eu/9771/colmic-lione-borsa-porta-spools-imbottita.jpg;"Colmic Lione - Borsa porta spools imbottita";BO260;"Borse porta attrezzatura";18.032787;22;184;0
3965;https://www.mgfishing.eu/9769/colmic-kiev-pouch-marsupio-da-pesca.jpg;"Colmic Kiev Pouch - Marsupio da Pesca";BO261;"Borse porta attrezzatura";23.360656;28.5;86;0
3964;https://www.mgfishing.eu/9767/colmic-kansas-50-borsa-a-tracolla-per-pesca.jpg;"Colmic Kansas 50 - Borsa a Tracolla per Pesca";BO270;"Borse porta attrezzatura";24.590164;30;45;0
3963;https://www.mgfishing.eu/9766/colmic-kansas-borsa-a-tracolla-per-attrezzatura.jpg;"Colmic Kansas - Borsa a Tracolla per Attrezzatura";BO271;"Borse porta attrezzatura";32.786885;40;171;0
3962;https://www.mgfishing.eu//colmic-chicago-300-borsa-da-pesca.jpg;"Colmic Chicago 300 - Borsa da Pesca";BO268;Home;31.147541;38;1;0
3961;https://www.mgfishing.eu//colmic-chicago-200-borsa-a-tracolla.jpg;"Colmic Chicago 200 - Borsa a Tracolla";BO267;Home;0.000000;0;0;1
3960;https://www.mgfishing.eu/9763/colmic-chicago-150-borsa-da-pesca-a-tracolla.jpg;"Colmic Chicago 150 - Borsa da Pesca a Tracolla";BO266;"Borse porta attrezzatura";32.786885;40;10;0
3959;https://www.mgfishing.eu/9761/colmic-chicago-100-borsa-a-tracolla-per-pesca.jpg;"Colmic Chicago 100 - Borsa a Tracolla per Pesca";BO265;"Borse porta attrezzatura";25.409836;31;70;0
3958;https://www.mgfishing.eu//colmic-berlino-900-borsa-da-pesca.jpg;"Colmic Berlino 900 - Borsa da pesca";BO216;Home;0.000000;0;87;0
3957;https://www.mgfishing.eu//colmic-borsa-berlino-700-borsa-porta-accessori.jpg;"Colmic Borsa Berlino 700 - Borsa porta accessori";BO215;Home;0.000000;0;134;0
3956;https://www.mgfishing.eu/8532/colmic-arizona-300-borsa-da-pesca.jpg;"Colmic Arizona 300 - Borsa da Pesca";BO264;"Borse porta attrezzatura";45.081967;55;26;0
3955;https://www.mgfishing.eu/8530/colmic-arizona-borsa-porta-accessori-da-pesca.jpg;"Colmic Arizona - Borsa Porta Accessori da Pesca";BO263;"Borse porta attrezzatura";28.688525;35;38;0
3954;https://www.mgfishing.eu/8528/colmic-alaska-cooler-borsa-frigo-tracolla.jpg;"Colmic Alaska Cooler - Borsa Frigo Tracolla";BO252;Home;0.000000;0;0;1
3953;https://www.mgfishing.eu/8525/colmic-scorpion-250-350-porta-minuteria-impermeabile.jpg;"Colmic SCORPION 250 - 350 - Porta minuteria impermeabile";BOXEVA401;Home;18.688525;22.8;84;0
3952;https://www.mgfishing.eu/8523/colmic-wolf-6050-portanassa-in-eva.jpg;"Colmic WOLF 6050 - Portanassa in EVA";BOXEVA310C;"Nasse e Reti";54.098361;66;218;0
3951;https://www.mgfishing.eu/8521/colmic-wallaby-series-scatola-porta-esche-e-accessori-da-pesca.jpg;"Colmic Wallaby Series - Scatola porta esche e accessori da pesca";BOXEVA313A;"Box porta accessori";12.295082;15;49;0
3950;https://www.mgfishing.eu/8518/colmic-tiger-300-borsa-da-pesca-in-eva.jpg;"Colmic TIGER 300 - Borsa da Pesca in EVA";BOXEVA407;"Borse porta attrezzatura";29.508197;36;232;0
3949;https://www.mgfishing.eu/8514/colmic-seat-box-storage-contenitore-da-pesca-impermeabile.jpg;"Colmic Seat Box Storage - Contenitore da Pesca impermeabile";BOXEVA501;"Borse porta attrezzatura";48.360656;59;240;0
3948;https://www.mgfishing.eu/8512/colmic-puma-squared-portanasse-in-eva.jpg;"Colmic Puma Squared - Portanasse in EVA";BOXEVA310A;"Nasse e Reti";31.065574;37.9;61;0
3947;https://www.mgfishing.eu/8509/colmic-portanassa-fishery-k40-accessorio-per-pesca.jpg;"Colmic Porta nasse Fishery K40 - Accessorio per Pesca";BOXEVA310D;"Nasse e Reti";67.213115;82;102;0
3946;https://www.mgfishing.eu/8506/colmic-pantera-series-portanassa-in-eva.jpg;"Colmic Pantera Series - Portanassa in EVA";BOXEVA309A;"Nasse e Reti";38.524590;47;86;0
3945;https://www.mgfishing.eu/8504/colmic-moby-series-contenitori-in-eva-accessorio-da-pesca.jpg;"Colmic MOBY series Contenitori in EVA - Accessorio da Pesca";BOXEVA301;"Box porta accessori";13.852459;16.9;669;0
3944;https://www.mgfishing.eu/9753/colmic-koala-series-secchiello-secchiello-esche.jpg;"Colmic KOALA series secchiello - Secchiello esche";BOXEVA302;"Porta pesci";10.573770;12.9;73;0
3943;https://www.mgfishing.eu/9751/colmic-kanguro-series-contenitore-in-eva.jpg;"Colmic Kanguro Series - Contenitore in EVA";BOXEVA303A;"Borse porta attrezzatura";11.885246;14.5;88;0
3942;https://www.mgfishing.eu/9747/colmic-cobra-double-borsa-zaino-impermeabile.jpg;"Colmic Cobra Double - Borsa Zaino Impermeabile";BOXEVA500;"Borse porta attrezzatura";97.540984;119;65;0
3941;https://www.mgfishing.eu/9745/colmic-cefalo-series-contenitore-contenitore-per-esche-vive.jpg;"Colmic CEFALO series Contenitore - Contenitore per esche vive";BOXEVA305;"Porta pesci";15.983607;19.5;170;0
3940;https://www.mgfishing.eu/8503/colmic-contenitore-bait-box-istrice-accessorio-porta-esche.jpg;"Colmic Contenitore Bait Box Istrice - Accessorio Porta Esche";BOXEVA304;"Box porta accessori";13.114754;16;24;0
3939;https://www.mgfishing.eu/8499/colmic-porta-box-esche-contenitore-eva-impermeabile.jpg;"Colmic Porta Box Esche - Contenitore EVA Impermeabile";BOXEVA312;"Box porta accessori";18.032787;22;81;0
3938;https://www.mgfishing.eu/8498/colmic-porta-nasse-eva-accessorio-porta-nasse.jpg;"Colmic Porta Nasse EVA - Accessorio Porta Nasse";BOXEVA310C1;"Nasse e Reti";56.557377;69;199;0
3937;https://www.mgfishing.eu/8493/colmic-multi-boxes-set-contenitori-eva-stagna.jpg;"Colmic Multi Boxes - Set Contenitori EVA Stagna";BOXEVA314;"Borse porta attrezzatura";49.180328;60;100;0
3936;https://www.mgfishing.eu/9731/colmic-mesh-300-contenitore-per-pellet-e-pasturazione.jpg;"Colmic Mesh 300 - Contenitore per Pellet e Pasturazione";BOXEVA409;"Box porta accessori";13.934426;17;82;0
3934;https://www.mgfishing.eu/9730/colmic-combo-spider-500-spider-400-contenitori-stagni.jpg;"Colmic COMBO SPIDER 500 + SPIDER 400 - Contenitori Stagni Da Pesca";BOXEVA403;"Borse porta attrezzatura";23.688525;28.9;65;0
3933;https://www.mgfishing.eu/9728/colmic-combo-scorpion-450-falcon-350-set-contenitori-in-eva.jpg;"Colmic COMBO SCORPION 450 + FALCON 350 - Set contenitori in EVA";BOXEVA406;"Borse porta attrezzatura";36.885246;45;47;0
3932;https://www.mgfishing.eu/9727/colmic-combo-scorpion-350-falcon-250-contenitori-per-accessori.jpg;"Colmic Combo SCORPION 350 + FALCON 250 - Contenitori per Accessori";BOXEVA405;"Borse porta attrezzatura";32.786885;40;49;0
3931;https://www.mgfishing.eu/9726/colmic-combo-falcon-350-450-contenitori-stagni-in-eva.jpg;"Colmic COMBO FALCON 350 + 450 - Contenitori stagni in EVA";BOXEVA406C;"Borse porta attrezzatura";30.327869;37;93;0
3930;https://www.mgfishing.eu/9725/colmic-combo-falcon-250-350-450-set-contenitori-stagno-in-eva.jpg;"Colmic COMBO FALCON 250 + 350 + 450 - Set Contenitori Stagno in EVA";BOXEVA406A;"Borse porta attrezzatura";44.262295;54;105;0
3929;https://www.mgfishing.eu/9724/colmic-combo-2-x-scorpion-100-contenitori-porta-accessori.jpg;"Colmic COMBO 2 X SCORPION 100 - Contenitori Porta Accessori";BOXEVA404;"Borse porta attrezzatura";31.147541;38;57;0
3928;https://www.mgfishing.eu/8490/colmic-porta-rulli-case-90-custodia-porta-accessori.jpg;"Colmic Porta Rulli Case 90 - Custodia Porta Accessori";PR816D;"Borse porta attrezzatura";91.803279;112;4;0
3927;https://www.mgfishing.eu/8487/colmic-porta-rulli-case-115-borsa-porta-accessori.jpg;"Colmic Porta Rulli Case 115 - Borsa porta accessori";PR816C;"Borse, zaini e foderi";102.459016;125;0;1
3926;https://www.mgfishing.eu/8484/colmic-porta-kit-rigido-168-accessorio-per-la-pesca.jpg;"Colmic Porta Kit Rigido 168 - Accessorio per la Pesca";PR816B;"Borse, zaini e foderi";110.655738;135;0;1
3925;https://www.mgfishing.eu/8481/colmic-porta-canne-rigido-194-cm-accessorio-per-pesca.jpg;"Colmic Porta Canne Rigido 194 cm - Accessorio per Pesca";PR816A;"Borse, zaini e foderi";163.934426;200;0;1
3924;https://www.mgfishing.eu/8477/colmic-porta-canne-book-river-porta-canne.jpg;"Colmic Porta Canne Book River - Porta Canne";PR816G;"Borse, zaini e foderi";204.918033;250;9;0
3923;https://www.mgfishing.eu/8474/colmic-porta-canne-rigido-shell-porta-canne-roubaisienne.jpg;"Colmic Porta Canne Rigido Shell - Porta Canne Roubaisienne";PR816E;"Borse, zaini e foderi";196.721311;240;9;0
3922;https://www.mgfishing.eu/8471/colmic-porta-kit-maxi-porta-kit-rigido.jpg;"Colmic Porta Kit Maxi - Porta Kit Rigido";PR816F;"Borse, zaini e foderi";147.540984;180;0;1
3921;https://www.mgfishing.eu/9721/colmic-blue-grey-series-rbs-xxl-200-duro-fodero-per-canne.jpg;"Colmic BLUE GREY SERIES: RBS XXL 200 DURO - Fodero per canne";PRO500A;"Foderi Portacanne";154.918033;189;216;0
3920;https://www.mgfishing.eu/9722/colmic-blue-grey-series-rbs-xl-200-duro-fodero-per-canne.jpg;"Colmic BLUE GREY SERIES: RBS XL 200 DURO - Fodero per Canne";PRO501A;"Foderi Portacanne";130.327869;159;266;0
3919;https://www.mgfishing.eu//colmic-blue-grey-series-rbs-race-fodero-da-pesca.jpg;"Colmic BLUE GREY SERIES: RBS RACE - Fodero da Pesca";PR400A;Home;0.000000;0;0;1
3918;https://www.mgfishing.eu/9289/colmic-blue-grey-series-giglio-fodero-per-canna.jpg;"Colmic BLUE GREY SERIES: GIGLIO - Fodero per Canna";PR408;"Foderi Portacanne";23.360656;28.5;444;0
3917;https://www.mgfishing.eu/9290/colmic-blue-grey-series-firenze-borsa-da-pesca.jpg;"Colmic BLUE GREY SERIES: FIRENZE - Borsa Da Pesca";BO503;"Borse porta attrezzatura";63.934426;78;99;0
3916;https://www.mgfishing.eu/9294/colmic-blue-grey-series-barbo-190-fodero-per-canne.jpg;"Colmic BLUE GREY SERIES: BARBO 190 - Fodero per canne";PR401;"Foderi Portacanne";40.163934;49;1544;0
3915;https://www.mgfishing.eu/9298/colmic-black-essence-nevada-borsone-tecnico-da-pesca.jpg;"Colmic Black Essence Nevada - Borsone tecnico da pesca";BO403;"Borse porta attrezzatura";81.967213;100;92;0
3914;https://www.mgfishing.eu/9303/colmic-black-essence-florida-borsone-tecnico-da-pesca.jpg;"Colmic Black Essence Florida - Borsone tecnico da pesca";BO401;"Borse porta attrezzatura";106.557377;130;69;0
3913;https://www.mgfishing.eu/9305/colmic-black-essence-rucksack-dakota-zaino-da-pesca.jpg;"Colmic BLACK ESSENCE RUCKSACK DAKOTA - Zaino da Pesca";BO400;Zaini;118.852459;145;134;0
3912;https://www.mgfishing.eu/9310/colmic-black-essence-boots-porta-stivali-tecnico.jpg;"Colmic Black Essence Boots - Porta Stivali Tecnico";BO404;"Borse porta attrezzatura";24.590164;30;257;0
3911;https://www.mgfishing.eu/9315/colmic-black-essence-alabama-borsone-tecnico-da-pesca.jpg;"Colmic Black Essence Alabama - Borsone tecnico da pesca";BO402;"Borse porta attrezzatura";98.360656;120;135;0
3910;https://www.mgfishing.eu/8468/colmic-piedini-portacanna-accessorio-per-supporto.jpg;"Colmic Piedini Portacanna - Accessorio per Supporto";RUL002A;Reggicanne;18.852459;23;145;0
3909;https://www.mgfishing.eu/8467/colmic-durban-supporto-porta-canna.jpg;"Colmic Durban - Supporto Porta Canna";AP111;Reggicanne;15.983607;19.5;240;0
3907;https://www.mgfishing.eu/8463/colmic-rullo-tripode-v-roller-competition-accessorio-per-roubasienne.jpg;"Colmic Rullo Tripode V Roller Competition - Accessorio per Roubasienne";RULC5;Reggicanne;81.147541;99;86;0
3906;https://www.mgfishing.eu/8461/colmic-swinging-rbs-supporto-rest-accessorio-da-pesca.jpg;"Colmic Swinging RBS Supporto Rest - Accessorio da Pesca";PA0942;Reggicanne;14.754098;18;233;0
3904;https://www.mgfishing.eu/8456/colmic-trophy-gumma-square-retino-da-pesca.jpg;"Colmic Trophy Gumma Square - Retino da Pesca";GUGUM21A;Home;0.000000;22;0;1
3903;https://www.mgfishing.eu/8453/colmic-trophy-gumma-round-retino-da-pesca.jpg;"Colmic Trophy Gumma Round - Retino da Pesca";GUGUM20B;Home;0.000000;18.5;0;1
3902;https://www.mgfishing.eu/9319/colmic-gumma-carp-retino-da-carpfishing.jpg;"Colmic Gumma Carp - Retino da Carpfishing";GUKGUM08A;Home;0.000000;21.5;223;0
3901;https://www.mgfishing.eu/9320/colmic-gumma-carp-retino-per-carpfishing.jpg;"Colmic Gumma Carp - Retino per Carpfishing";GUKGUM07A;Guadini;0.000000;21.5;63;0
3900;https://www.mgfishing.eu/8451/colmic-oblique-bar-roller-60-accessorio-da-pesca.jpg;"Colmic OBLIQUE BAR ROLLER 60 - Accessorio da pesca";RUL007;Reggicanne;127.049180;155;32;0
3899;https://www.mgfishing.eu/8449/colmic-oblique-bar-roller-supporto-per-canne.jpg;"Colmic Oblique Bar Roller - Supporto per Canne";RUL005;Reggicanne;184.426230;225;53;0
3898;https://www.mgfishing.eu/9720/colmic-fast-top-kit-rest-accessorio-da-pesca-roubasienne.jpg;"Colmic FAST TOP KIT REST - Accessorio da Pesca Roubasienne";AP102;Reggicanne;55.327869;67.5;86;0
3897;https://www.mgfishing.eu/9719/colmic-fast-top-kit-rest-accessorio-appoggia-canne.jpg;"Colmic FAST TOP KIT REST - Accessorio appoggia canne";AP101;Reggicanne;47.131148;57.5;113;0
3896;https://www.mgfishing.eu/9718/colmic-fast-top-kit-rest-accessorio-poggia-canne.jpg;"Colmic FAST TOP KIT REST - Accessorio Poggia Canne";AP103;Reggicanne;61.475410;75;20;0
3895;https://www.mgfishing.eu/9717/colmic-fast-feeder-rod-rest-accessorio-da-feeder.jpg;"Colmic FAST FEEDER ROD REST - Accessorio da Feeder";AP100;Reggicanne;45.491803;55.5;49;0
3894;https://www.mgfishing.eu/8448/colmic-bar-roller-easy-fast-50-cm-rullo-per-canne.jpg;"Colmic BAR ROLLER EASY & FAST 50 cm - Rullo per Canne";RUL003;Reggicanne;62.295082;76;93;0
3893;https://www.mgfishing.eu/8447/colmic-bar-roller-competition-37-cm-37-cm-supporto-da-pesca.jpg;"Colmic BAR ROLLER COMPETITION 37 cm + 37 cm - Supporto da Pesca";RUL001;Reggicanne;110.655738;135;343;0
3892;https://www.mgfishing.eu/8446/colmic-bar-roller-competition-roller-per-pesca.jpg;"Colmic BAR ROLLER COMPETITION - Roller per Pesca";RUL002;Reggicanne;102.459016;125;376;0
3891;https://www.mgfishing.eu/8444/colmic-avatar-bar-roller-50-barra-rullo-per-canne-.jpg;"Colmic AVATAR BAR ROLLER 50 - Barra rullo per canne";RUL009;Reggicanne;45.081967;55;166;0
3890;https://www.mgfishing.eu/8442/colmic-avatar-bar-roller-3030-barra-porta-canne.jpg;"Colmic AVATAR BAR ROLLER 30+30 - Barra Porta Canne";RUL008;Reggicanne;61.475410;75;401;0
3889;https://www.mgfishing.eu/8439/colmic-nylon-monofilo-o-040-mm-nylon-da-pesca.jpg;"Colmic Nylon Monofilo Ø 0.40 mm - Nylon da Pesca";GUKNYL04A;Home;0.000000;19.5;0;1
3888;https://www.mgfishing.eu/8436/colmic-nylon-monofilo-o-025-mm-rete-da-pesca.jpg;"Colmic Nylon Monofilo Ø 0,25 mm - Rete da Pesca";GUKNYL03A;Home;0.000000;17.5;51;0
3887;https://www.mgfishing.eu/8433/colmic-nylon-025-mm-testa-guadino-da-pesca.jpg;"Colmic Nylon 0,25 mm - Testa guadino da Pesca";GUKNYL02A;"Teste Guadino";0.000000;16.5;650;0
3886;https://www.mgfishing.eu/8430/colmic-natural-no-knot-testa-guadino-da-pesca.jpg;"Colmic Natural No Knot - Testa Guadino da Pesca";GUKNAT03A;"Nasse e Reti";0.000000;17.9;403;0
3885;https://www.mgfishing.eu/8427/colmic-natural-testa-guadino-da-pesca.jpg;"Colmic Natural - Testa Guadino da Pesca";GUKNAT02A;"Nasse e Reti";0.000000;16.5;170;0
3884;https://www.mgfishing.eu/8424/colmic-natural-020-testa-di-guadino-rete-da-pesca.jpg;"Colmic Natural 020 - Testa di Guadino Rete da Pesca";GUKNAT01A;"Nasse e Reti";0.000000;13.5;233;0
3883;https://www.mgfishing.eu/9716/colmic-gumma-carp-light-testa-guadino.jpg;"Colmic Gumma Carp Light - Testa Guadino";GUKGUM09A;"Teste Guadino";0.000000;19;484;0
3882;https://www.mgfishing.eu/9714/colmic-gumma-carp-testa-di-guadino-da-carp-fishing.jpg;"Colmic Gumma Carp - Testa di Guadino da Carp Fishing";GUKGUM06A;"Teste Guadino";0.000000;23;282;0
3881;https://www.mgfishing.eu/8423/colmic-a-gumma-carp-068-spoon-retino-da-pesca-testa-di-guadino.jpg;"Colmic A GUMMA CARP 068 SPOON - Retino da Pesca Testa di guadino";GUKGUM05A;"Teste Guadino";0.000000;21.9;123;0
3880;https://www.mgfishing.eu/8420/colmic-gumma-carp-retino-per-carpfishing.jpg;"Colmic Gumma Carp - Retino per Carpfishing";GUKGUM04A;Home;0.000000;20.9;0;1
3879;https://www.mgfishing.eu/9755/colmic-gumma-carp-testa-di-guadino-retino-per-carpfishing.jpg;"Colmic Gumma Carp - Testa di Guadino Retino per Carpfishing";GUKGUM03A;"Teste Guadino";0.000000;17.5;1;0
3878;https://www.mgfishing.eu/9757/colmic-gumma-carp-teste-di-guadino-per-carpfishing.jpg;"Colmic Gumma Carp - Teste di guadino per Carpfishing";GUKGUM02A;"Teste Guadino";0.000000;17.5;79;0
3877;https://www.mgfishing.eu/9759/colmic-gumma-carp-testa-di-guadino-per-carpfishing.jpg;"Colmic Gumma Carp - Testa di Guadino per Carpfishing";GUKGUM01A;"Teste Guadino";0.000000;16.9;207;0
3876;https://www.mgfishing.eu/8413/colmic-balanced-wafters-esche-per-pesca-a-method.jpg;"Colmic Balanced Wafters - Esche per Pesca a Method";PCWA001;Home;0.000000;7.6;1012;0
3875;https://www.mgfishing.eu/8412/colmic-star-net-round-nassa-per-pesca.jpg;"Colmic Star Net Round - Nassa per Pesca";NACR97A;"Nasse e Reti";0.000000;24;213;0
3874;https://www.mgfishing.eu/8407/colmic-star-net-quadrata-nassa-per-pesca.jpg;"Colmic Star Net Quadrata - Nassa per Pesca";NACR95A;"Nasse e Reti";0.000000;24;984;0
3873;https://www.mgfishing.eu/8405/colmic-s31-fishery-nassa-da-pesca.jpg;"Colmic S31 Fishery - Nassa da Pesca";NACR124A;Home;0.000000;0;0;1
3872;https://www.mgfishing.eu/8398/colmic-serie-s31-carp-nassa-da-pesca.jpg;"Colmic Serie S31 Carp - Nassa da Pesca";NACR123F;Home;0.000000;0;0;1
3871;https://www.mgfishing.eu/8396/colmic-rider-carp-series-round-squared-retino-da-pesca.jpg;"Colmic RIDER CARP SERIES - Round & Squared - Retino da Pesca";NACR115B;Home;0.000000;83;0;1
3870;https://www.mgfishing.eu/8395/colmic-nova-special-carp-squared-nassa-per-pesca-alla-carpa.jpg;"Colmic NOVA SPECIAL CARP SQUARED - Nassa per Pesca alla Carpa";NACR210A;"Nasse e Reti";0.000000;60;0;1
3869;https://www.mgfishing.eu//colmic-gumma-net-quadrata-nassa-per-pesca.jpg;"Colmic Gumma Net Quadrata - Nassa per Pesca";NACR200A;Home;0.000000;55;239;0
3868;https://www.mgfishing.eu/9711/colmic-evo-carp-nassa-da-pesca.jpg;"Colmic Evo Carp - Nassa da Pesca";NACR125A;"Nasse e Reti";0.000000;75;46;0
3867;https://www.mgfishing.eu/9708/colmic-daytona-dr-dl-mulinello-da-traina-jigging.jpg;"Colmic Daytona DR DL - Mulinello da Traina Jigging";MULDAY20DR;"Mulinelli Per Tonno e Da Traina Rotanti";0.000000;310;29;0
3866;https://www.mgfishing.eu/8392/colmic-surya-mulinello-da-spinning.jpg;"Colmic Surya - Mulinello da Spinning";MULSUR30;Home;0.000000;0;0;1
3865;https://www.mgfishing.eu/8390/colmic-orion-mulinello-frizione-anteriore.jpg;"Colmic Orion - Mulinello Frizione Anteriore";MULOR10;"Mulinelli Frizione Anteriore";0.000000;32.8;1015;0
3864;https://www.mgfishing.eu/9707/colmic-khetamon-8000-mulinello-da-surfcasting.jpg;"Colmic Khetamon 8000 - Mulinello da Surfcasting";MULKH80A;"Mulinelli Surf Casting e CarpFishing";0.000000;78;211;0
3863;https://www.mgfishing.eu//colmic-contest-mulinello.jpg;"Colmic CONTEST - Mulinello";MULCON80;Home;0.000000;78;0;1
3862;https://www.mgfishing.eu/8388/colmic-actarus-8000-mulinello-da-surfcasting.jpg;"Colmic Actarus 8000 - Mulinello da Surfcasting";MULACT80;"Mulinelli Frizione Anteriore";0.000000;140;86;0
3861;https://www.mgfishing.eu/8386/colmic-vayron-mulinello-frizione-anteriore.jpg;"Colmic VAYRON - Mulinello Frizione Anteriore";MULVAY40;"Mulinelli Frizione Anteriore";0.000000;112;96;0
3860;https://www.mgfishing.eu/8384/colmic-taslon-mulinell-mulinello-da-pesca.jpg;"Colmic TASLON mulinell - Mulinello da Pesca";MULTAS10;"Mulinelli Frizione Anteriore";0.000000;31.2;2467;0
3859;https://www.mgfishing.eu/8382/colmic-stinger-mulinello-frizione-anteriore.jpg;"Colmic Stinger - Mulinello Frizione Anteriore";MULSTI10;"Mulinelli Frizione Anteriore";0.000000;34.4;907;0
3858;https://www.mgfishing.eu/8379/colmic-skydek-mulinello-da-surfcasting.jpg;"Colmic SKYDEK - Mulinello da Surfcasting";MULSKY40;Home;0.000000;80;0;1
3857;https://www.mgfishing.eu/8376/colmic-rayton-mulinello-frizione-anteriore.jpg;"Colmic RAYTON - Mulinello Frizione Anteriore";MULRA35;"Mulinelli Frizione Anteriore";0.000000;58;450;0
3856;https://www.mgfishing.eu/9705/colmic-mars-mulinello-da-pesca-frizione-anteriore.jpg;"Colmic MARS - Mulinello Da Pesca Frizione Anteriore";MULMARS10;"Mulinelli Frizione Anteriore";0.000000;35;1326;0
3855;https://www.mgfishing.eu/9703/colmic-laris-mulinello-a-frizione-anteriore.jpg;"Colmic LARIS - Mulinello a Frizione Anteriore";MULLAR10;"Mulinelli Frizione Anteriore";0.000000;36;1661;0
3854;https://www.mgfishing.eu/9702/colmic-ispanic-mulinello-a-frizione-anteriore.jpg;"Colmic ISPANIC - Mulinello A Frizione Anteriore";MULISP10;Home;0.000000;31.2;355;0
3853;https://www.mgfishing.eu/9700/colmic-exid-mulinello-da-pesca.jpg;"Colmic EXID - Mulinello Da Pesca";MULEXID40;"Mulinelli Frizione Anteriore";0.000000;78;258;0
3852;https://www.mgfishing.eu/9699/colmic-daemon-mulinello-a-frizione-anteriore.jpg;"Colmic DAEMON - Mulinello A Frizione Anteriore";MULDA10;"Mulinelli Frizione Anteriore";0.000000;39.8;474;0
3851;https://www.mgfishing.eu/9698/colmic-booster-mulinello.jpg;"Colmic BOOSTER - Mulinello Frizione Anteriore";MULBO10;"Mulinelli Frizione Anteriore";0.000000;40;1573;0
3850;https://www.mgfishing.eu/8375/colmic-bandit-mulinello-a-frizione-anteriore.jpg;"Colmic BANDIT - Mulinello A Frizione Anteriore";MULBA05;"Mulinelli Frizione Anteriore";0.000000;38;479;0
3849;https://www.mgfishing.eu/8371/colmic-astro-mulinello-da-pesca-frizione-anteriore.jpg;"Colmic ASTRO - Mulinello Da Pesca Frizione Anteriore";MULAS20;"Mulinelli Frizione Anteriore";0.000000;56;504;0
3848;https://www.mgfishing.eu/8370/colmic-altair-mulinello-a-frizione-anteriore.jpg;"Colmic ALTAIR - Mulinello A Frizione Anteriore";MULALTA20;"Mulinelli Frizione Anteriore";0.000000;54;201;0
3847;https://www.mgfishing.eu/9680/colmic-sunset-manico-per-guadino.jpg;"Colmic Sunset - Manico per Guadino";GXSUN01A;Guadini;0.000000;49;41;0
3846;https://www.mgfishing.eu/8363/colmic-smart-keeper-guadino-telescopico.jpg;"Colmic Smart Keeper - Guadino telescopico";GXSMA01A;"Guadini, Teste e Nasse";0.000000;32;63;0
3845;https://www.mgfishing.eu/8361/colmic-overlock-manico-per-guadino-telescopico.jpg;"Colmic Overlock - Manico per Guadino Telescopico";GXOVE01A;"Guadini, Teste e Nasse";0.000000;89;166;0
3844;https://www.mgfishing.eu/8358/colmic-bamboo-manico-telescopico-per-guadino.jpg;"Colmic Bamboo - Manico Telescopico per Guadino";GXBA01A;"Guadini, Teste e Nasse";0.000000;54;52;0
3843;https://www.mgfishing.eu/8356/colmic-stingher-manico-per-guadino.jpg;"Colmic Stingher - Manico per Guadino";GXST02A;"Guadini, Teste e Nasse";0.000000;69;398;0
3842;https://www.mgfishing.eu/8354/colmic-monster-carp-guadino-con-manico-in-carbonio.jpg;"Colmic Monster Carp - Guadino con Manico in Carbonio";GXMO10A;Home;0.000000;0;0;1
3841;https://www.mgfishing.eu//colmic-hammer-guadino-guadino-da-pesca.jpg;"Colmic Hammer Guadino - Guadino da Pesca";GXHA01A;Home;0.000000;68;300;0
3840;https://www.mgfishing.eu/9697/colmic-daka-force-guadino-da-competizione.jpg;"Colmic Daka Force - Guadino da Competizione";GXDA01A;Guadini;0.000000;94;70;0
3839;https://www.mgfishing.eu/9694/colmic-combat-stick-guadino-da-pesca-telescopico.jpg;"Colmic Combat Stick - Guadino da Pesca telescopico";GXCOM01A;Guadini;0.000000;75;294;0
3838;https://www.mgfishing.eu/9689/colmic-cloud-guadino-ad-innesti-per-carpa-lago.jpg;"Colmic Cloud - Guadino ad Innesti per Carpa Lago";GXCLO01A;Guadini;0.000000;69;306;0
3837;https://www.mgfishing.eu//colmic-carpa-x-power-manico-per-guadino.jpg;"Colmic Carpa X Power - Manico per Guadino";GXCA31;Home;0.000000;180;0;1
3836;https://www.mgfishing.eu/8350/colmic-guadino-competizione-area-51-guadino-a-innesti.jpg;"Colmic Guadino Competizione Area 51 - Guadino a Innesti";GXAR02A;Guadini;0.000000;155;103;0
3835;https://www.mgfishing.eu//colmic-eva-rod-rest-supporto-canne.jpg;"Colmic EVA ROD REST - Supporto Canne";AP62A;Home;0.000000;23.5;0;1
3834;https://www.mgfishing.eu//colmic-eva-rod-rest-supporto-canna.jpg;"Colmic EVA ROD REST - Supporto Canna";AP61A;Home;0.000000;21;321;0
3833;https://www.mgfishing.eu/8347/colmic-snake-contenitore-rettangolare-accessorio-da-pesca.jpg;"Colmic Snake Contenitore Rettangolare - Accessorio da Pesca";BOXEVA420;"Borse, zaini e foderi";0.000000;26.5;301;0
3832;https://www.mgfishing.eu/8342/colmic-rig-board-portafinali-borsa-rigida-rettangolare.jpg;"Colmic Rig Board Portafinali - Borsa Rigida Rettangolare";BOXEVA433;"Borse, zaini e foderi";0.000000;24.9;107;0
3831;https://www.mgfishing.eu/8338/colmic-panda-contenitore-rettangolare-in-eva.jpg;"Colmic Panda - Contenitore Rettangolare in EVA";BOXEVA430;"Borse, zaini e foderi";0.000000;19.8;478;0
3830;https://www.mgfishing.eu/8337/colmic-horse-borsa-rettangolare-impermeabile-in-eva.jpg;"Colmic Horse - Borsa Rettangolare Impermeabile in EVA";BOXEVA415;"Borse, zaini e foderi";0.000000;32.5;220;0
3829;https://www.mgfishing.eu/8333/colmic-airproof-puma-portanassa.jpg;"Colmic Airproof Puma - Portanassa";BOAIR01;"Guadini, Teste e Nasse";0.000000;115;350;0
3828;https://www.mgfishing.eu/9678/colmic-blue-grey-series-roller-fodero-per-canne.jpg;"Colmic BLUE GREY SERIES: ROLLER - Fodero per canne";BO501;"Borse, zaini e foderi";0.000000;44;396;0
3827;https://www.mgfishing.eu/9677/colmic-blue-grey-series-praga-fodero-e-borsa-da-pesca.jpg;"Colmic BLUE GREY SERIES: PRAGA - Fodero e Borsa da Pesca";PR406;"Borse, zaini e foderi";0.000000;27;713;0
3826;https://www.mgfishing.eu//colmic-blue-grey-series-case-115-borsa-rigida.jpg;"Colmic BLUE GREY SERIES: CASE 115 - Borsa Rigida";BO500;Home;0.000000;25;0;1
3825;https://www.mgfishing.eu//colmic-blue-grey-series-porta-kit-maxi-borsa-porta-kit.jpg;"Colmic BLUE GREY SERIES: PORTA KIT MAXI - Borsa Porta Kit";BO500;Home;0.000000;25;0;1
3824;https://www.mgfishing.eu//colmic-blue-grey-series-case-194-borsa-rigida-da-pesca.jpg;"Colmic BLUE GREY SERIES: CASE 194 - Borsa Rigida da Pesca";BO500;Home;0.000000;25;0;1
3823;https://www.mgfishing.eu//colmic-blue-grey-series-case-168-borsa-rigida-da-pesca.jpg;"Colmic BLUE GREY SERIES: CASE 168 - Borsa Rigida da Pesca";BO500;Home;0.000000;25;0;1
3822;https://www.mgfishing.eu/9676/colmic-blue-grey-series-country-160-160-02-fodero-per-canne.jpg;"Colmic BLUE GREY SERIES: COUNTRY 160 / 160-02 - Fodero per Canne";PR405;"Borse, zaini e foderi";0.000000;45;355;0
3821;https://www.mgfishing.eu/9675/colmic-blue-grey-series-country-140-140-02-fodero-per-canne.jpg;"Colmic BLUE GREY SERIES: COUNTRY 140 / 140-02 - Fodero per canne";PR404;"Borse, zaini e foderi";0.000000;40;557;0
3820;https://www.mgfishing.eu/9674/colmic-blue-grey-series-atene-foderi-e-borse-da-pesca.jpg;"Colmic BLUE GREY SERIES: ATENE - Foderi e Borse da Pesca";BO500;"Borse, zaini e foderi";0.000000;23.5;713;0
3819;https://www.mgfishing.eu/9673/colmic-black-essence-rbs-fodero-per-roubaisienne.jpg;"Colmic BLACK ESSENCE RBS - Fodero per Roubaisienne";PR900;"Borse, zaini e foderi";0.000000;129;381;0
3818;https://www.mgfishing.eu/8332/colmic-appoggia-kit-series-pro-supporto-da-pesca.jpg;"Colmic APPOGGIA KIT SERIES PRO - Supporto da Pesca";AP00017;Reggicanne;0.000000;63;146;0
3817;https://www.mgfishing.eu/8328/colmic-appoggia-kit-series-match-appoggia-da-pesca.jpg;"Colmic APPOGGIA KIT SERIES MATCH - Appoggia da Pesca";AP00011;Reggicanne;0.000000;75;470;0
3816;https://www.mgfishing.eu/8322/colmic-appoggia-kit-series-easy-accessorio-per-pesca.jpg;"Colmic APPOGGIA KIT SERIES EASY - Accessorio per Pesca";AP00013;Reggicanne;0.000000;80;349;0
3815;https://www.mgfishing.eu/8172/colmic-appoggia-canna-kit-accessorio-da-pesca.jpg;"Colmic Appoggia Canna Kit - Accessorio da Pesca";AP00019;Reggicanne;12.704918;15.5;21;0
3814;https://www.mgfishing.eu/8171/colmic-side-tray-850-with-tent-tavolino-da-pesca.jpg;"Colmic SIDE TRAY 850 WITH TENT - Tavolino da Pesca";PA0900A43Q1A;Home;0.000000;0;0;1
3813;https://www.mgfishing.eu/8170/colmic-side-tray-750-with-tent-vassoio-laterale-con-tettoia.jpg;"Colmic SIDE TRAY 750 WITH TENT - Vassoio Laterale con Tettoia";PA0900A43Q2A;Home;0.000000;0;0;1
3812;https://www.mgfishing.eu/8169/colmic-side-tray-75x60-cm-accessorio-da-pesca.jpg;"Colmic Side Tray 75x60 cm - Accessorio da Pesca";PA0900A43Q1;"Panchetti, sedie e cassettoni";131.147541;160;31;0
3811;https://www.mgfishing.eu/8168/colmic-side-tray-650-with-tent-accessorio-da-pesca.jpg;"Colmic SIDE TRAY 650 WITH TENT - Accessorio da Pesca";PA0900A43Q3;Home;143.442623;175;0;1
3810;https://www.mgfishing.eu/8167/colmic-side-tray-550-with-tent-vassoio-da-pesca.jpg;"Colmic SIDE TRAY 550 WITH TENT - Vassoio da pesca";PA0900A43Q4;Home;113.114754;138;0;1
3809;https://www.mgfishing.eu/8165/colmic-secret-side-tray-700-vassoio-da-pesca.jpg;"Colmic SECRET SIDE TRAY 700 - Vassoio da Pesca";PA0900A43O;"Accessori per panchetti e sedie";122.950820;150;80;0
3808;https://www.mgfishing.eu/8161/colmic-press-and-go-sistema-di-aggancio-accessori.jpg;"Colmic Press and Go - Sistema di Aggancio Accessori";PRESSEGO;Home;0.000000;0;0;1
3807;https://www.mgfishing.eu//colmic-line-winders-tray-module-accessorio-porta-winding.jpg;"Colmic LINE WINDERS TRAY MODULE - Accessorio porta winding";PA0851A;Home;59.016393;72;0;1
3806;https://www.mgfishing.eu//colmic-hollow-side-tray-tent-accessorio-per-pesca.jpg;"Colmic HOLLOW SIDE TRAY TENT - Accessorio per pesca";PA0900A43P2;Home;95.901639;117;0;1
3805;https://www.mgfishing.eu/9684/colmic-ferma-rbs-antivento-accessorio-per-attrezzatura-da-pesca.jpg;"Colmic Ferma RBS Antivento - Accessorio per Attrezzatura da Pesca";PA0958;"Accessori per panchetti e sedie";17.213115;21;166;0
3804;https://www.mgfishing.eu/8160/colmic-seduta-imbottita-seduta-da-pesca.jpg;"Colmic Seduta Imbottita - Seduta da Pesca";PA0860A;Home;0.000000;0;0;1
3803;https://www.mgfishing.eu/9683/colmic-divisori-in-pvc-accessorio-per-paniere.jpg;"Colmic Divisori in PVC - Accessorio per Paniere";PA0900A44B;"Accessori per panchetti e sedie";14.754098;18;5;0
3802;https://www.mgfishing.eu/9682/colmic-connettori-inclinabili-accessorio-per-pesca.jpg;"Colmic Connettori Inclinabili - Accessorio per pesca";PA0961;"Accessori per panchetti e sedie";51.639344;63;30;0
3801;https://www.mgfishing.eu/8158/colmic-barra-frontale-inclinabile-neoprene-accessorio-per-portacanne.jpg;"Colmic Barra Frontale Inclinabile + Neoprene - Accessorio per Portacanne";PA0960;"Accessori per panchetti e sedie";69.672131;85;41;0
3800;https://www.mgfishing.eu/8157/colmic-seduta-veteran-roxy-imbottita-accessorio-da-pesca.jpg;"Colmic Seduta Veteran Roxy Imbottita - Accessorio da Pesca";PA0860B;Home;0.000000;0;24;0
3799;https://www.mgfishing.eu/8156/colmic-shoulder-series-mulinello.jpg;"Colmic Shoulder Series - Mulinello";PA2032A;Home;0.000000;0;13;0
3798;https://www.mgfishing.eu/8153/colmic-ruota-universale-accessorio-per-mulinello.jpg;"Colmic Ruota Universale - Accessorio per Mulinello";PA0900A60A;Home;19.672131;24;0;1
3797;https://www.mgfishing.eu/8151/colmic-porta-ombrellone-telescopico-accessorio-da-pesca.jpg;"Colmic Porta Ombrellone Telescopico - Accessorio da Pesca";PA2100C;"Accessori per panchetti e sedie";45.901639;56;29;0
3796;https://www.mgfishing.eu/8149/colmic-porta-ombrellone-short-accessorio-da-pesca.jpg;"Colmic Porta Ombrellone Short - Accessorio da Pesca";PA2100A;"Accessori per panchetti e sedie";21.311475;26;284;0
3795;https://www.mgfishing.eu/8148/colmic-supporto-porta-ombrellone-accessorio-pesca.jpg;"Colmic Supporto Porta Ombrellone - Accessorio Pesca";PA2200A;Home;18.852459;23;18;0
3794;https://www.mgfishing.eu/8147/colmic-piedini-di-ricambio-per-gambe-accessori-da-pesca.jpg;"Colmic Piedini di Ricambio per Gambe - Accessori da Pesca";PA2049;Home;0.000000;0;25;0
3793;https://www.mgfishing.eu/8146/colmic-side-tray-65-x-50-cm-vassoio-da-pesca.jpg;"Colmic SIDE TRAY 65 x 50 cm - Vassoio da Pesca";PA0900A43L;"Accessori per panchetti e sedie";58.196721;71;54;0
3792;https://www.mgfishing.eu/8145/colmic-side-tray-50-x-40-cm-accessorio-da-pesca.jpg;"Colmic SIDE TRAY 50 x 40 cm - Accessorio da Pesca";PA0900A43I;"Accessori per panchetti e sedie";98.360656;120;23;0
3791;https://www.mgfishing.eu/8144/colmic-modulo-h-60-mm-accessorio-per-attrezzature-da-pesca.jpg;"Colmic MODULO H. 60 mm - Accessorio per Attrezzature da Pesca";PA2013;"Accessori per panchetti e sedie";42.622951;52;18;0
3790;https://www.mgfishing.eu/8143/colmic-modulo-h-40-mm-accessorio-per-canne-da-pesca.jpg;"Colmic MODULO H. 40 mm - Accessorio per Canne da Pesca";PA2012;Home;35.245902;43;19;0
3789;https://www.mgfishing.eu//colmic-kit-traina-flash-kit-da-traina.jpg;"Colmic Kit Traina Flash - Kit da Traina";PA0900A60E;Home;73.770492;90;0;1
3788;https://www.mgfishing.eu/8142/colmic-gambe-per-panieri-accessorio-per-pesca.jpg;"Colmic Gambe per Panieri - Accessorio per Pesca";PA2054;Home;0.000000;0;28;0
3787;https://www.mgfishing.eu//colmic-folding-pro-evolution-pedana-da-pesca.jpg;"Colmic Folding Pro Evolution - Pedana da Pesca";PA0900A77;Home;286.885246;350;6;0
3786;https://www.mgfishing.eu//colmic-coperchio-per-valigetta-accessorio-da-pesca.jpg;"Colmic Coperchio per Valigetta - Accessorio da Pesca";PA0856;Home;0.000000;0;0;1
3785;https://www.mgfishing.eu//colmic-connettori-36-mm-accessorio-per-pesca.jpg;"Colmic CONNETTORI 36 mm - Accessorio per pesca";PA2083A;Home;19.672131;24;53;0
3784;https://www.mgfishing.eu/8141/colmic-standard-module-h-4-cm-accessorio-per-pesca.jpg;"Colmic STANDARD MODULE H. 4 cm - Accessorio per Pesca";PA105H;Home;0.000000;0;0;1
3783;https://www.mgfishing.eu/8140/colmic-cassetta-porta-accessori-con-doppio-cassetto-accessorio-per-pesca.jpg;"Colmic Cassetta Porta Accessori con Doppio Cassetto - Accessorio per Pesca";PA105L;Home;82.786885;101;0;1
3782;https://www.mgfishing.eu/8139/colmic-side-drawer-contenitore-per-accessori-da-pesca.jpg;"Colmic Side Drawer - Contenitore per Accessori da Pesca";PA105I;"Accessori per panchetti e sedie";78.688525;96;29;0
3781;https://www.mgfishing.eu/8138/colmic-1-side-2-front-drawer-accessorio-da-pesca.jpg;"Colmic 1 SIDE - 2 FRONT DRAWER - Accessorio da Pesca";PA105M;"Accessori per panchetti e sedie";108.196721;132;4;0
3780;https://www.mgfishing.eu/8137/colmic-umbrella-bar-6-holes-barra-per-ombrellone.jpg;"Colmic Umbrella Bar 6 Holes - Barra per Ombrellone";PA2300B;"Ombrelloni da pesca";42.622951;52;124;0
3779;https://www.mgfishing.eu/8136/colmic-side-tray-85x55-cm-vassoio-da-pesca.jpg;"Colmic Side Tray 85x55 cm - Vassoio da Pesca";PA0900A43Q2;Home;131.557377;160.5;2;0
3778;https://www.mgfishing.eu/8135/colmic-vassoio-laterale-400-accessorio-da-pesca.jpg;"Colmic Vassoio Laterale 400 - Accessorio da Pesca";PA0900A43Q5;"Picchetti, tripodi e reggicanne";35.245902;43;47;0
3777;https://www.mgfishing.eu/8133/colmic-secret-side-tray-600-vassoio-accessorio-da-pesca.jpg;"Colmic SECRET SIDE TRAY 600 - Vassoio accessorio da pesca";PA0900A43N;"Accessori per panchetti e sedie";163.114754;199;56;0
3776;https://www.mgfishing.eu//colmic-magic-pole-rest-rbs-supporto-per-canna-da-pesca.jpg;"Colmic MAGIC POLE REST RBS - Supporto per Canna da Pesca";PA0407E;Home;32.786885;40;0;1
3775;https://www.mgfishing.eu//colmic-keepnet-barra-a-4-connettori-accessorio-per-keepnet.jpg;"Colmic KEEPNET BARRA A 4 CONNETTORI - Accessorio per Keepnet";PA2300A;Home;68.852459;84;30;0
3774;https://www.mgfishing.eu//colmic-hollow-side-tray-accessorio-per-pesca.jpg;"Colmic Hollow Side Tray - Accessorio per Pesca";PA0900A43P1;Home;60.655738;74;14;0
3773;https://www.mgfishing.eu/8131/colmic-sliding-bar-accessorio-pesca.jpg;"Colmic Sliding Bar - Accessorio Pesca";PA0964;"Tripode Pesca";24.590164;30;21;0
3772;https://www.mgfishing.eu//colmic-frontal-bar-double-arms-accessorio-per-canne.jpg;"Colmic FRONTAL BAR DOUBLE ARMS - Accessorio per Canne";PA0965;Home;127.049180;155;0;1
3771;https://www.mgfishing.eu//colmic-folding-barra-frontale-pieghevole-accessorio-da-pesca.jpg;"Colmic Folding Barra Frontale Pieghevole - Accessorio da Pesca";PA0962;Home;94.262295;115;0;1
3770;https://www.mgfishing.eu//colmic-fast-lock-insert-accessorio-per-pesca.jpg;"Colmic FAST LOCK + INSERT - Accessorio per pesca";PA2081E;Home;14.754098;18;175;0
3769;https://www.mgfishing.eu//colmic-connettori-per-nassa-accessorio-pesca.jpg;"Colmic Connettori per Nassa - Accessorio Pesca";PA2090C;Home;9.426230;11.5;205;0
3768;https://www.mgfishing.eu/8129/colmic-sistema-di-fissaggio-quick-release-accessorio-per-panieri-da-pesca.jpg;"Colmic Sistema di Fissaggio Quick Release - Accessorio per Panieri da Pesca";QUICKRELEASE;Home;0.000000;0;0;1
3767;https://www.mgfishing.eu//colmic-black-orange-mulinello-da-pesca.jpg;"Colmic Black Orange - Mulinello da Pesca";PA0861;Home;73.770492;90;0;1
3766;https://www.mgfishing.eu//colmic-avvolgicavi-accessorio-per-pesca.jpg;"Colmic Avvolgicavi - Accessorio per Pesca";PA0851B;Home;67.213115;82;0;1
3765;https://www.mgfishing.eu//colmic-minuterie-ricambi-e-accessori-componenti-di-ricambio.jpg;"Colmic Minuterie Ricambi e Accessori - Componenti di Ricambio";PA0908B;Home;0.000000;0;125;0
3764;https://www.mgfishing.eu//colmic-keep-net-connector-quick-release-aggancio-rapido-per-nasse.jpg;"Colmic KEEP NET CONNECTOR (QUICK RELEASE) - Aggancio rapido per nasse";PA2092A;Home;15.573770;19;61;0
3763;https://www.mgfishing.eu//colmic-keepnet-connector-press-go-connettore-per-nassa.jpg;"Colmic KEEPNET CONNECTOR (PRESS & GO) - Connettore per Nassa";PA2093A;Home;15.573770;19;180;0
3762;https://www.mgfishing.eu//colmic-keepnet-bar-4-connectors-accessorio-per-pedana.jpg;"Colmic KEEPNET BAR: 4 CONNECTORS - Accessorio per Pedana";PA2300;Home;102.459016;125;161;0
3761;https://www.mgfishing.eu//colmic-sistema-di-fissaggio-fast-unlock-accessorio-per-supporti.jpg;"Colmic Sistema di Fissaggio Fast Unlock - Accessorio per Supporti";FASTUNLOCK;Home;0.000000;0;0;1
3760;https://www.mgfishing.eu//colmic-fast-lock-36-attacco-a-sgancio-rapido-per-accessori.jpg;"Colmic Fast Lock 36 - Attacco a sgancio rapido per accessori";FASTLOCK36;Home;0.000000;0;0;1
3759;https://www.mgfishing.eu//colmic-fast-insert-accessorio-per-pesca.jpg;"Colmic Fast Insert - Accessorio per Pesca";PA2081D;Home;4.508197;5.5;26;0
3758;https://www.mgfishing.eu//colmic-falsa-gamba-o36-mm-accessorio-per-pesca.jpg;"Colmic Falsa Gamba Ø36 mm - Accessorio per Pesca";PA0900A82;Home;0.000000;0;10;0
3757;https://www.mgfishing.eu//colmic-custom-opening-snodo-regolabile-per-tende.jpg;"Colmic Custom Opening - Snodo Regolabile per Tende";CUSTOMOPENING;Home;0.000000;0;0;1
3756;https://www.mgfishing.eu/9322/colmic-connector-15-cm-fast-unlock-connettore-da-panchetto.jpg;"Colmic CONNECTOR 15 CM (FAST UNLOCK) - Connettore da Panchetto";PA2084A;"Panchetti, sedie e cassettoni";17.213115;21;0;1
3755;https://www.mgfishing.eu/8128/colmic-bucket-with-cover-fast-unlock-accessorio-da-pesca.jpg;"Colmic Bucket With Cover (Fast Unlock) - Accessorio da Pesca";PA2400B;"Panchetti, sedie e cassettoni";35.655738;43.5;0;1
3754;https://www.mgfishing.eu/8127/colmic-bucket-accessorio-per-postazione-di-pesca.jpg;"Colmic Bucket - Accessorio per Postazione di Pesca";PA2400A;"Panchetti, sedie e cassettoni";30.327869;37;0;1
3753;https://www.mgfishing.eu/8126/colmic-tent-for-side-tray-850-no-quick-release-tenda-per-vassoio.jpg;"Colmic TENT FOR SIDE TRAY 850 (NO QUICK RELEASE) - Tenda per Vassoio";PA0900A43T1;"Panchetti, sedie e cassettoni";45.901639;56;0;1
3752;https://www.mgfishing.eu/8125/colmic-tent-for-side-tray-750-no-quick-release-tenda-protezione-vassoio.jpg;"Colmic TENT FOR SIDE TRAY 750 (NO QUICK RELEASE) - Tenda protezione vassoio";PA0900A43T2;"Panchetti, sedie e cassettoni";45.901639;56;0;1
3751;https://www.mgfishing.eu/8124/colmic-tent-for-side-tray-650-no-quick-release-tenda-per-vassoio.jpg;"Colmic TENT FOR SIDE TRAY 650 (NO QUICK RELEASE) - Tenda per Vassoio";PA0900A43T3;"Panchetti, sedie e cassettoni";40.573770;49.5;0;1
3750;https://www.mgfishing.eu/8123/colmic-tent-for-side-tray-550-no-quick-release-copertura-per-vassoio.jpg;"Colmic TENT FOR SIDE TRAY 550 (NO QUICK RELEASE) - Copertura per Vassoio";PA0900A43T4;"Panchetti, sedie e cassettoni";36.475410;44.5;0;1
3749;https://www.mgfishing.eu/8121/colmic-side-tray-support-fast-unlock-supporto-laterale-paniere.jpg;"Colmic SIDE TRAY SUPPORT (FAST UNLOCK) - Supporto laterale paniere";PA0990;"Panchetti, sedie e cassettoni";26.229508;32;0;1
3748;https://www.mgfishing.eu/8118/colmic-side-tray-rubber-500-tent-fast-unlock-accessorio-da-pesca.jpg;"Colmic SIDE TRAY RUBBER 500 + TENT (FAST UNLOCK) - Accessorio da Pesca";PA0991;"Panchetti, sedie e cassettoni";73.770492;90;0;1
3747;https://www.mgfishing.eu/8116/colmic-side-tray-hollow-600-tent-fast-unlock-accessorio-da-pesca.jpg;"Colmic SIDE TRAY HOLLOW 600 + TENT (FAST UNLOCK) - Accessorio da Pesca";PA0993;"Panchetti, sedie e cassettoni";122.950820;150;0;1
3746;https://www.mgfishing.eu/8114/colmic-side-tray-hollow-550-support-tent-fast-unlock-accessorio-per-panieri-da-pesca.jpg;"Colmic SIDE TRAY HOLLOW 550 SUPPORT + TENT (FAST UNLOCK) - Accessorio per Panieri da Pesca";PA0992;"Panchetti, sedie e cassettoni";98.360656;120;0;1
3745;https://www.mgfishing.eu/8111/colmic-side-tray-850-tent-quick-release-accessorio-da-pesca.jpg;"Colmic SIDE TRAY 850 + TENT (QUICK RELEASE) - Accessorio da Pesca";PA0980;"Panchetti, sedie e cassettoni";200.819672;245;0;1
3744;https://www.mgfishing.eu/8108/colmic-side-tray-750-tent-quick-release-accessorio-da-pesca.jpg;"Colmic SIDE TRAY 750 + TENT (QUICK RELEASE) - Accessorio da Pesca";PA0981;"Panchetti, sedie e cassettoni";200.819672;245;23;0
3743;https://www.mgfishing.eu/8105/colmic-side-tray-650-tent-quick-release-accessorio-per-panieri.jpg;"Colmic SIDE TRAY 650 + TENT (QUICK RELEASE) - Accessorio per Panieri";PA0982;"Panchetti, sedie e cassettoni";176.229508;215;27;0
3742;https://www.mgfishing.eu/8102/colmic-side-tray-550-tent-quick-release-accessorio-da-pesca.jpg;"Colmic SIDE TRAY 550 + TENT (QUICK RELEASE) - Accessorio da Pesca";PA0983;"Panchetti, sedie e cassettoni";118.852459;145;0;1
3741;https://www.mgfishing.eu/8101/colmic-pedana-regolabile-in-larghezza-accessorio-pesca.jpg;"Colmic Pedana Regolabile in Larghezza - Accessorio Pesca";PA0900A78;"Panchetti, sedie e cassettoni";303.278689;370;114;0
3740;https://www.mgfishing.eu/9283/colmic-frontal-bar-up-down-quick-release-accessorio-per-postazione-di-pesca.jpg;"Colmic FRONTAL BAR: UP & DOWN (QUICK RELEASE) - Accessorio per Postazione di Pesca";PA0967;"Accessori per panchetti e sedie";110.655738;135;44;0
3739;https://www.mgfishing.eu/9285/colmic-frontal-bar-oblique-quick-release-barra-frontale-per-pedana.jpg;"Colmic FRONTAL BAR OBLIQUE (QUICK RELEASE) - Barra Frontale per Pedana";PA0968;"Accessori per panchetti e sedie";98.360656;120;59;0
3738;https://www.mgfishing.eu/9287/colmic-frontal-bar-inclinable-quick-release-barra-frontale-per-panchetto.jpg;"Colmic FRONTAL BAR: INCLINABLE (QUICK RELEASE) - Barra Frontale per Panchetto";PA0966;"Accessori per panchetti e sedie";73.770492;90;0;1
3737;https://www.mgfishing.eu/8099/colmic-tubo-protettivo-prism-accessorio-per-pesca.jpg;"Colmic Tubo Protettivo Prism - Accessorio per Pesca";TUB00;Home;0.000000;0;1030;0
3736;https://www.mgfishing.eu/8097/colmic-techno-beads-4-holes-perline-per-terminali-da-surfcasting-e-bolentino.jpg;"Colmic TECHNO BEADS ""4 HOLES"" - Perline per terminali da Surfcasting e Bolentino";PET001B;Home;1.393443;1.7;539;0
3735;https://www.mgfishing.eu/8095/colmic-soft-pots-scodellini-per-roubasienne.jpg;"Colmic Soft Pots - Scodellini per Roubasienne";COU06;Home;5.655738;6.9;384;0
3734;https://www.mgfishing.eu/8092/colmic-salvadito-da-lancio-accessorio-da-pesca.jpg;"Colmic Salvadito da Lancio - Accessorio da Pesca";SALV01;Home;8.196721;10;546;0
3733;https://www.mgfishing.eu//colmic-line-protector-stopper-accessorio-per-pesca.jpg;"Colmic Line Protector Stopper - Accessorio per Pesca";STOP33;Home;3.278689;4;2121;0
3732;https://www.mgfishing.eu//colmic-free-running-stopper-accessorio-da-pesca.jpg;"Colmic Free Running Stopper - Accessorio da Pesca";GMR09001;Home;2.131148;2.6;718;0
3731;https://www.mgfishing.eu/8090/colmic-bait-stinger-baionette-per-esca-artificiale.jpg;"Colmic Bait Stinger - Baionette per Esca Artificiale";GMR1007;Home;2.131148;2.6;682;0
3730;https://www.mgfishing.eu/8088/colmic-anelli-elastici-per-esca-accessori-da-pesca.jpg;"Colmic Anelli Elastici per Esca - Accessori da Pesca";STOP35;Home;3.278689;4;192;0
3729;https://www.mgfishing.eu/8083/colmic-bait-bander-pinza-per-allargare-bait-bands.jpg;"Colmic Bait Bander - Pinza per Allargare Bait Bands";STOP34;Home;6.967213;8.5;198;0
3728;https://www.mgfishing.eu/8081/colmic-asciugamano-65-x-55-asciugamano-da-pesca.jpg;"Colmic ASCIUGAMANO 65 x 55 - Asciugamano da Pesca";ASHB6555;"Accessori Da Pesca";12.295082;15;441;0
3727;https://www.mgfishing.eu/8079/colmic-the-superior-light-starlight-chimico-ultra-light.jpg;"Colmic The Superior Light - Starlight Chimico Ultra Light";ST0030;Home;0.529303;0.65;3;0
3726;https://www.mgfishing.eu/8077/colmic-stop-push-bait-stopper-per-hair-rig.jpg;"Colmic Stop Push - Bait Stopper per Hair Rig";STOP30;Home;1.147541;1.4;2948;0
3725;https://www.mgfishing.eu/8075/colmic-stop-beads-con-girelle-accessori-per-pesca-a-fondo.jpg;"Colmic Stop Beads con Girelle - Accessori per Pesca a Fondo";STOP20;Home;2.049180;2.5;367;0
3724;https://www.mgfishing.eu/8074/colmic-slamatore-pin-standard-accessorio-da-pesca.jpg;"Colmic Slamatore Pin Standard - Accessorio da Pesca";SLA04;Slamatori;2.868852;3.5;451;0
3723;https://www.mgfishing.eu/8073/colmic-slamatore-euro-accessorio-per-pesca.jpg;"Colmic Slamatore Euro - Accessorio per Pesca";SLA01;Home;2.213115;2.7;494;0
3722;https://www.mgfishing.eu/8072/colmic-fascia-porta-attrezzi-oxford-accessorio-per-pesca.jpg;"Colmic Fascia Porta Attrezzi Oxford - Accessorio per Pesca";RB2843OX;Home;1.803279;2.2;258;0
3721;https://www.mgfishing.eu/9282/colmic-line-marker-pennarello-per-nylon.jpg;"Colmic Line Marker - Pennarello per Nylon";PEN01;Home;11.065574;13.5;668;0
3720;https://www.mgfishing.eu//colmic-supporto-per-amo-da-roubaisienne-accessorio-da-pesca.jpg;"Colmic Supporto per Amo da Roubaisienne - Accessorio da Pesca";HOOKPOLE01;Home;2.868852;3.5;1181;0
3719;https://www.mgfishing.eu//colmic-boccole-in-eva-e-teflon-accessorio-roubasienne.jpg;"Colmic Boccole in EVA e Teflon - Accessorio Roubasienne";TEFEVA143;Home;0.000000;0;0;1
3718;https://www.mgfishing.eu/9281/colmic-coco-connection-dispositivo-per-legatura.jpg;"Colmic Coco Connection - Dispositivo per Legatura";COCO;Home;17.213115;21;102;0
3717;https://www.mgfishing.eu/9279/colmic-avvisatore-di-abboccata-bite-alarm.jpg;"Colmic Avvisatore di Abboccata - Bite Alarm";BITE01;"Avvisatori Abboccata e Starlight";11.065574;13.5;430;0
3716;https://www.mgfishing.eu//colmic-filo-elastico-per-esche-filo-elastico-per-surfcasting.jpg;"Colmic Filo Elastico per Esche - Filo Elastico per Surfcasting";ELA01A;Home;4.508197;5.5;295;0
3715;https://www.mgfishing.eu/8071/colmic-asciugamano-da-vita-con-cintura-regolabile-accessorio-da-pesca.jpg;"Colmic Asciugamano da Vita con Cintura Regolabile - Accessorio da Pesca";ASHB001;Home;0.000000;0;0;1
3714;https://www.mgfishing.eu/8068/colmic-aghi-per-innesco-accessorio-esche.jpg;"Colmic Aghi per Innesco - Accessorio Esche";AG1001;Home;5.327869;6.5;2;0
3713;https://www.mgfishing.eu/8066/colmic-weed-cutter-stainless-steel-accessorio-per-guadino.jpg;"Colmic WEED CUTTER STAINLESS STEEL - Accessorio per Guadino";ST3002;Guadini;12.704918;15.5;170;0
3712;https://www.mgfishing.eu/8064/colmic-weed-cutter-professionale-accessorio-da-pesca.jpg;"Colmic Weed Cutter Professionale - Accessorio da Pesca";ST3001;Guadini;9.836066;12;80;0
3711;https://www.mgfishing.eu/8062/colmic-super-soft-fluo-beads-attractors-floating-perline-in-silicone.jpg;"Colmic SUPER SOFT FLUO BEADS ATTRACTORS (FLOATING) - Perline in silicone";PE50C;Home;0.000000;0;0;1
3710;https://www.mgfishing.eu/8060/colmic-soft-fluo-cylindric-attractors-sinking-silicon-attractors.jpg;"Colmic SOFT FLUO CYLINDRIC ATTRACTORS (SINKING) - Silicon Attractors";PE60A;Home;1.557377;1.9;16;0
3709;https://www.mgfishing.eu/8058/colmic-sinking-vaporizzatore-spray-accessorio-da-pesca-inglese.jpg;"Colmic Sinking Vaporizzatore Spray - Accessorio da Pesca Inglese";AFF02;"Minuteria da pesca";11.065574;13.5;161;0
3708;https://www.mgfishing.eu/8055/colmic-silicon-bait-bands-anellini-in-silicone-per-esca.jpg;"Colmic Silicon Bait Bands - Anellini in Silicone per Esca";SILBAIT01;Home;1.311475;1.6;0;1
3707;https://www.mgfishing.eu/8053/colmic-quick-change-beads-dispositivo-di-aggancio-rapido.jpg;"Colmic Quick Change Beads - Dispositivo di Aggancio Rapido";QUICK01;Home;2.049180;2.5;518;0
3706;https://www.mgfishing.eu//colmic-guanti-gommati-official-team-guanti-da-pesca.jpg;"Colmic Guanti Gommati Official Team - Guanti da Pesca";GUAN01A;Home;0.000000;0;0;1
3705;https://www.mgfishing.eu//colmic-perline-in-ceramica-micro-accessorio-per-montature-surfcasting.jpg;"Colmic Perline in Ceramica Micro - Accessorio per Montature Surfcasting";PEC160;Home;1.475410;1.8;167;0
3704;https://www.mgfishing.eu//colmic-materassino-carp-bed-materassino-imbottito-per-pesca.jpg;"Colmic Materassino Carp Bed - Materassino imbottito per pesca";BO256;Home;0.000000;0;12;0
3703;https://www.mgfishing.eu/8050/colmic-astuccio-porta-finali-accessorio-per-terminali-da-pesca.jpg;"Colmic Astuccio Porta Finali - Accessorio per Terminali da Pesca";LIPO50;Home;16.393443;20;1;0
3702;https://www.mgfishing.eu/8048/colmic-vernice-fluorescente-per-antenna-galleggiante-accessorio-pesca.jpg;"Colmic Vernice fluorescente per antenna galleggiante - Accessorio pesca";VEFL13;"Avvisatori Abboccata e Starlight";8.606557;10.5;670;0
3701;https://www.mgfishing.eu/8047/colmic-tubo-in-silicone-accessorio-per-pesca.jpg;"Colmic Tubo in Silicone - Accessorio per Pesca";GS103;Home;2.459016;3;273;0
3700;https://www.mgfishing.eu/9278/colmic-mastello-official-team-secchio-da-pesca.jpg;"Colmic Mastello Official Team - Secchio da Pesca";SEC30A;"Accessori Da Pesca";29.508197;36;200;0
3699;https://www.mgfishing.eu/9277/colmic-coperchi-per-secchi-official-team-accessorio-per-pesca.jpg;"Colmic COPERCHI PER SECCHI OFFICIAL TEAM - Accessorio per Pesca";SEC31B;Home;7.786885;9.5;302;0
3698;https://www.mgfishing.eu/8046/colmic-bacinelle-contenitore-per-pesca.jpg;"Colmic Bacinelle - Contenitore per Pesca";SEC09;"Box porta accessori";2.459016;3;342;0
3697;https://www.mgfishing.eu/9276/colmic-175-series-scatole-per-accessori-da-pesca.jpg;"Colmic 175 Series - Scatole per Accessori da Pesca";SC415;"Box porta accessori";3.688525;4.5;28;0
3696;https://www.mgfishing.eu/8045/colmic-sealed-black-mulinello-da-surfcasting.jpg;"Colmic Sealed Black - Mulinello da Surfcasting";SC422;Home;0.000000;0;0;1
3695;https://www.mgfishing.eu/8044/colmic-scatola-sigillata-waterproof-accessorio-per-pesca.jpg;"Colmic Scatola Sigillata Waterproof - Accessorio per Pesca";SC402;"Box porta accessori";13.114754;16;20;0
3694;https://www.mgfishing.eu/9275/colmic-matrioska-kit-5-contenitori-accessorio-per-pesca.jpg;"Colmic Matrioska Kit 5 Contenitori - Accessorio per Pesca";SC02;"Box porta accessori";16.393443;20;427;0
3693;https://www.mgfishing.eu/9274/colmic-matrioska-due-box-accessorio-per-pesca.jpg;"Colmic Matrioska Due Box - Accessorio per Pesca";SC021;"Box porta accessori";11.885246;14.5;107;0
3692;https://www.mgfishing.eu//colmic-magnetix-scatola-porta-ami-magnetica.jpg;"Colmic Magnetix - Scatola porta ami magnetica";SC20;Home;0.000000;0;0;1
3691;https://www.mgfishing.eu/9273/colmic-horizon-3700-scatola-porta-accessori.jpg;"Colmic Horizon 3700 - Scatola Porta Accessori";SC405;"Box porta accessori";14.754098;18;69;0
3690;https://www.mgfishing.eu/9197/colmic-extra-double-scatola-porta-minuteria.jpg;"Colmic Extra Double - Scatola porta minuteria";SC401;"Panchetti, sedie e cassettoni";53.278689;65;160;0
3689;https://www.mgfishing.eu/9272/colmic-double-con-maniglia-scatola-porta-accessori-da-pesca.jpg;"Colmic Double con Maniglia - Scatola porta accessori da pesca";SC414A;"Box porta accessori";17.622951;21.5;44;0
3688;https://www.mgfishing.eu/9271/colmic-double-opening-small-scatola-porta-accessori.jpg;"Colmic Double Opening Small - Scatola Porta Accessori";SC424;"Box porta accessori";9.836066;12;182;0
3687;https://www.mgfishing.eu/9270/colmic-box-ver-de-vase-contenitore-per-esche.jpg;"Colmic BOX VER DE VASE - Contenitore per Esche";SC02A;"Borse porta attrezzatura";6.557377;8;87;0
3686;https://www.mgfishing.eu/9269/colmic-blue-insert-small-scatola-porta-accessori.jpg;"Colmic Blue Insert Small - Scatola Porta Accessori";SC409;"Box porta accessori";5.327869;6.5;39;0
3685;https://www.mgfishing.eu/9196/colmic-black-high-scatole-portaminuteria.jpg;"Colmic Black High - Scatole Portaminuteria";SC430;"Panchetti, sedie e cassettoni";23.770492;29;92;0
3684;https://www.mgfishing.eu/8043/colmic-bait-box-series-contenitori-per-esche.jpg;"Colmic Bait Box Series - Contenitori per Esche";SC10;"Accessori Da Pesca";0.000000;0;0;1
3683;https://www.mgfishing.eu/9195/colmic-95-series-scatole-porta-minuteria.jpg;"Colmic 95 Series - Scatole Porta Minuteria";SC419;"Panchetti, sedie e cassettoni";2.868852;3.5;129;0
3682;https://www.mgfishing.eu/8041/colmic-strippa-20-connettore-per-power-kit.jpg;"Colmic Strippa 2.0 - Connettore per Power Kit";STRIP05;"Accessori Da Pesca";9.426230;11.5;1135;0
3681;https://www.mgfishing.eu/8040/colmic-pole-pot-scodellini-per-roubasienne.jpg;"Colmic Pole Pot - Scodellini per Roubasienne";COU03;"Accessori Da Pesca";11.885246;14.5;507;0
3680;https://www.mgfishing.eu/8038/colmic-pole-keeper-retino-ferma-rbs.jpg;"Colmic Pole Keeper - Retino Ferma RBS";AP16;"Accessori Da Pesca";11.885246;14.5;110;0
3679;https://www.mgfishing.eu/9194/colmic-joint-cleaner-accessorio-per-canne.jpg;"Colmic Joint Cleaner - Accessorio per Canne";JOINT11;"Accessori Da Pesca";3.688525;4.5;295;0
3678;https://www.mgfishing.eu/9193/colmic-elastic-protector-protezione-per-elastico-roubasienne.jpg;"Colmic Elastic Protector - Protezione per Elastico Roubasienne";CCYPZ13;"Accessori Da Pesca";2.295082;2.8;1229;0
3677;https://www.mgfishing.eu/8033/colmic-appoggia-kit-series-competition-accessorio-da-pesca.jpg;"Colmic APPOGGIA KIT SERIES COMPETITION - Accessorio da Pesca";AP00010A;"Panchetti, sedie e cassettoni";0.000000;115;292;0
3676;https://www.mgfishing.eu/8029/colmic-yoroi-tenya-artificiale-da-pesca-a-tenya.jpg;"Colmic Yoroi Tenya - Artificiale da Pesca a Tenya";ARCLYT553001;"Accessori Da Pesca";0.000000;7;202;0
3675;https://www.mgfishing.eu/8025/colmic-stand-up-slide-artificiale-da-pesca-verticale.jpg;"Colmic Stand-Up Slide - Artificiale da Pesca Verticale";ARCLSUS10001;"Accessori Da Pesca";0.000000;9.2;351;0
3674;https://www.mgfishing.eu/8021/colmic-stand-up-hook-amo-per-pesca-verticale.jpg;"Colmic Stand-Up Hook - Amo per Pesca Verticale";ARCLSUH20001;"Accessori Da Pesca";0.000000;13.6;8;0
3673;https://www.mgfishing.eu/8017/colmic-stand-up-tre-attacchi-artificiale-da-pesca-verticale.jpg;"Colmic Stand-Up Tre Attacchi - Artificiale da Pesca Verticale";ARCLSU312001;Home;0.000000;9.2;206;0
3672;https://www.mgfishing.eu/8016/colmic-guanti-superior-pesca-guanti-tecnici-da-pesca.jpg;"Colmic Guanti Superior Pesca - Guanti Tecnici da Pesca";GUAN02A;"Abbigliamento Da Pesca";0.000000;27.5;305;0
3671;https://www.mgfishing.eu//colmic-dacron-connector-accessorio-per-elastici.jpg;"Colmic Dacron Connector - Accessorio per Elastici";DACR02;Home;0.000000;3.8;7137;0
3670;https://www.mgfishing.eu//colmic-mini-trave-da-surf-casting-accessorio-da-surfcasting.jpg;"Colmic MINI TRAVE DA SURF CASTING - Accessorio da Surfcasting";MT004;Home;0.000000;4.5;111;0
3669;https://www.mgfishing.eu/8015/colmic-rig-board-box-scatola-per-terminali-da-pesca.jpg;"Colmic Rig Board Box - Scatola per terminali da pesca";SC615;"Accessori Da Pesca";0.000000;12;66;0
3668;https://www.mgfishing.eu/8012/colmic-setaccio-professionale-attrezzo-per-pasture-e-terre.jpg;"Colmic Setaccio Professionale - Attrezzo per Pasture e Terre";VA30A;Pasture;0.000000;36;415;0
3667;https://www.mgfishing.eu/8011/colmic-easy-strippa-accessorio-per-kit-roubaisienne.jpg;"Colmic Easy Strippa - Accessorio per Kit Roubaisienne";STRIP08;"Accessori Da Pesca";3.852459;4.7;765;0
3666;https://www.mgfishing.eu/9192/colmic-double-pot-accessorio-per-cupping-kit.jpg;"Colmic Double Pot - Accessorio per Cupping Kit";COU05;"Accessori Da Pesca";9.016393;11;381;0
3665;https://www.mgfishing.eu/8010/colmic-silicon-box-accessorio-per-terminali-di-pesca.jpg;"Colmic Silicon Box - Accessorio per Terminali di Pesca";SICP1;"Accessori Da Pesca";0.000000;9.9;430;0
3664;https://www.mgfishing.eu//colmic-tubi-in-silicone-ad-alto-spessore-accessori-pesca.jpg;"Colmic Tubi in Silicone ad Alto Spessore - Accessori Pesca";SILHT01;Home;0.000000;6.5;2445;0
3663;https://www.mgfishing.eu/8009/colmic-secchi-official-team-secchio-da-pesca.jpg;"Colmic Secchi Official Team - Secchio da Pesca";SEC31A;"Panchetti, sedie e cassettoni";0.000000;22.5;1416;0
3662;https://www.mgfishing.eu//colmic-cover-per-bait-box-cover-per-contenitori-esca.jpg;"Colmic COVER PER BAIT BOX - Cover per contenitori esca";SC11A;Home;0.000000;1.8;2199;0
3661;https://www.mgfishing.eu/8005/colmic-bait-box-porta-esche-accessorio-per-pesca.jpg;"Colmic Bait Box Porta-Esche - Accessorio per Pesca";SC600;"Minuteria da pesca";0.000000;3.9;2834;0
3660;https://www.mgfishing.eu/8004/colmic-torpille-piombi-calibrati-per-pesca.jpg;"Colmic Torpille - Piombi Calibrati per Pesca";TOJ0020;Home;0.000000;0;0;1
3659;https://www.mgfishing.eu/8003/colmic-ticino-media-pastura-da-pesca.jpg;"Colmic Ticino Media - Pastura da Pesca";POZF20;Home;0.000000;8.5;0;1
3658;https://www.mgfishing.eu/8002/colmic-ticino-fine-piombo-da-pesca.jpg;"Colmic Ticino Fine - Piombo da Pesca";POZF10;Home;0.000000;8.5;0;1
3657;https://www.mgfishing.eu/8001/colmic-super-soft-calibrated-lead-pallini-di-piombo.jpg;"Colmic SUPER SOFT CALIBRATED LEAD - Pallini di Piombo";POBB114;Home;0.000000;2.5;13194;0
3656;https://www.mgfishing.eu/8000/colmic-sport-master-dispenser-piombo-morbido.jpg;"Colmic Sport Master - Dispenser Piombo Morbido";POBB301;Home;0.000000;2;3466;0
3655;https://www.mgfishing.eu/7998/colmic-sonde-in-neoprene-piombi-da-pesca.jpg;"Colmic Sonde in Neoprene - Piombi da Pesca";SOND10;Home;0.000000;3.3;2280;0
3654;https://www.mgfishing.eu/7997/colmic-sile-grossa-piombi-da-pesca.jpg;"Colmic Sile Grossa - Piombi da Pesca";POZF50;Home;0.000000;12;0;1
3653;https://www.mgfishing.eu/7996/colmic-sile-fine-piombi-da-pesca-fini.jpg;"Colmic Sile Fine - Piombi da Pesca Fini";POZF30;Home;0.000000;12;0;1
3652;https://www.mgfishing.eu/7995/colmic-sile-extra-fine-piombi-da-pesca.jpg;"Colmic Sile Extra Fine - Piombi da Pesca";POZF25;Home;0.000000;12;0;1
3651;https://www.mgfishing.eu/7994/colmic-sonde-rubber-stop-plummets-accessorio-da-pesca.jpg;"Colmic SONDE RUBBER STOP PLUMMETS - Accessorio da Pesca";SONDA15;Home;0.000000;6.5;0;1
3650;https://www.mgfishing.eu//colmic-micro-cut-mascotte-piombini-per-carpodromo.jpg;"Colmic Micro Cut Mascotte - Piombini per Carpodromo";POMIC20;Home;0.000000;16;0;1
3649;https://www.mgfishing.eu//colmic-micro-cut-dispenser-piombini-per-carpodromo.jpg;"Colmic Micro Cut Dispenser - Piombini per Carpodromo";POMIC03;Home;0.000000;3.8;3763;0
3648;https://www.mgfishing.eu//colmic-piombi-a-goccia-calibrati-piombi-da-pesca.jpg;"Colmic Piombi a Goccia Calibrati - Piombi da Pesca";POLEDR01;Home;0.000000;7;2370;0
3647;https://www.mgfishing.eu//colmic-lead-ball-piombi-a-sfera-per-pesca.jpg;"Colmic Lead Ball - Piombi a Sfera per Pesca";POLEBA01;Home;0.000000;6;2517;0
3646;https://www.mgfishing.eu//colmic-pomaf1-galleggianti-da-pesca.jpg;"Colmic Pomaf1 - Galleggianti da Pesca";POMAF1;Home;0.000000;18;0;1
3644;https://www.mgfishing.eu/9191/colmic-hybrid-royal-elastico-solid-core.jpg;"Colmic Hybrid Royal - Elastico Solid Core";ELEX100;"Accessori Da Pesca";0.000000;9;16824;0
3643;https://www.mgfishing.eu/9190/colmic-duplex-core-hollow-elastic-elastico-cavo-per-pesca.jpg;"Colmic DUPLEX CORE HOLLOW ELASTIC - Elastico Cavo per Pesca";ELT;"Accessori Da Pesca";0.000000;16;6680;0
3642;https://www.mgfishing.eu/7990/colmic-waist-waders-stivali-impermeabili-alti-in-vita.jpg;"Colmic Waist Waders - Stivali Impermeabili alti in vita";WADER30039;"Abbigliamento Da Pesca";0.000000;74.9;1;0
3641;https://www.mgfishing.eu/7987/colmic-hip-waders-stivali-a-coscia-tecnici.jpg;"Colmic Hip Waders - Stivali a Coscia Tecnici";WADER20039;"Abbigliamento Da Pesca";0.000000;59.9;311;0
3640;https://www.mgfishing.eu/7981/colmic-giacca-oxford-giacca-tecnica-da-pesca.jpg;"Colmic Giacca Oxford - Giacca Tecnica da Pesca";ABG019A;"Abbigliamento Da Pesca";0.000000;139;382;0
3639;https://www.mgfishing.eu/7975/colmic-felpa-new-zealand-wr-felpa-da-pesca.jpg;"Colmic FELPA NEW ZEALAND WR - Felpa da Pesca";ABF023;"Abbigliamento Da Pesca";0.000000;69;285;0
3638;https://www.mgfishing.eu/7969/colmic-gilet-softshell-gilet-da-pesca.jpg;"Colmic Gilet Softshell - Gilet da Pesca";ABGL003A;"Abbigliamento Da Pesca";0.000000;59;169;0
3637;https://www.mgfishing.eu/7962/colmic-giacca-softshell-abbigliamento-da-pesca.jpg;"Colmic Giacca Softshell - Abbigliamento da Pesca";ABG013A;"Abbigliamento Da Pesca";0.000000;109;100;0
3636;https://www.mgfishing.eu//colmic-double-pole-keeper-accessorio-per-canna.jpg;"Colmic Double Pole Keeper - Accessorio per Canna";AP17;Home;20.491803;25;443;0
3635;https://www.mgfishing.eu/7961/colmic-ceramic-slot-accessori-in-ceramica-per-passaggio-elastico.jpg;"Colmic Ceramic Slot - Accessori in Ceramica per Passaggio Elastico";STRIP02;Home;0.000000;0;0;1
3634;https://www.mgfishing.eu//colmic-espositore-pallini-di-piombo-accessorio-per-pesca.jpg;"Colmic Espositore Pallini di Piombo - Accessorio per Pesca";ESPCOE;Home;0.000000;0;0;1
3633;https://www.mgfishing.eu/7960/colmic-river-bent-pinze-da-pesca.jpg;"Colmic River Bent - Pinze da Pesca";ST996A;"Forbici e Pinze";9.836066;12;764;0
3632;https://www.mgfishing.eu/7959/colmic-pinza-per-split-ring-attrezzo-da-pesca.jpg;"Colmic Pinza per Split Ring - Pinza da Pesca";ST713PC;"Minuteria da pesca";11.065574;13.5;30;0
3631;https://www.mgfishing.eu/7958/colmic-pinza-roxy-accessorio-per-pesca.jpg;"Colmic Pinza Roxy - Accessorio per Pesca";ST995;Home;0.000000;0;0;1
3630;https://www.mgfishing.eu/7957/colmic-pinza-per-fissaggio-piombi-micro-cut-accessorio-pesca.jpg;"Colmic Pinza per Fissaggio Piombi Micro Cut - Accessorio Pesca";ST996B;Home;0.000000;0;0;1
3629;https://www.mgfishing.eu/7956/colmic-grip-multi-purpose-65-multi-tool.jpg;"Colmic GRIP - Multi Purpose 6.5"" - Multi Tool";PLIER13;"Minuteria da pesca";22.540984;27.5;269;0
3628;https://www.mgfishing.eu//colmic-grip-magnum-split-ring-plier-8-pinza-da-pesca.jpg;"Colmic GRIP - Magnum Split Ring Plier 8"" - Pinza da Pesca";PLIER01;Home;23.770492;29;293;0
3627;https://www.mgfishing.eu//colmic-grip-deluxe-straight-plier-6-pinza-da-pesca.jpg;"Colmic GRIP - DELUXE STRAIGHT PLIER 6"" - Pinza da Pesca";PLIER03;Home;23.770492;29;245;0
3626;https://www.mgfishing.eu//colmic-grip-deluxe-split-ring-plier-6-pinza-multiuso.jpg;"Colmic GRIP - Deluxe Split Ring Plier 6"" - Pinza multiuso";PLIER02;Home;23.770492;29;251;0
3625;https://www.mgfishing.eu/9189/colmic-crimp-210-attrezzo-da-pesca-pinze-filo.jpg;"Colmic Crimp 210 - Attrezzo da Pesca Pinze Filo";ST992A;"Forbici e Pinze";22.131148;27;216;0
3624;https://www.mgfishing.eu//colmic-grip-allround-straight-plier-6.jpg;"Colmic GRIP - Allround Straight Plier 6""";PLIER04;Home;9.426230;11.5;406;0
3623;https://www.mgfishing.eu//colmic-grip-pinza-split-ring-allround-6-7-.jpg;"Colmic GRIP - Pinza Split Ring Allround 6'' - 7''";PLIER07;Home;9.426230;11.5;383;0
3622;https://www.mgfishing.eu//colmic-grip-allround-side-cutter-7-forbice-da-pesca.jpg;"Colmic GRIP - Allround Side Cutter 7"" - Forbice da Pesca";PLIER08;Home;11.885246;14.5;485;0
3621;https://www.mgfishing.eu//colmic-grip-allround-long-plier-11-pinza-da-pesca.jpg;"Colmic GRIP - Allround Long Plier 11"" - Pinza da Pesca";PLIER11;Home;12.704918;15.5;418;0
3620;https://www.mgfishing.eu//colmic-grip-big-game-crimper-10.jpg;"Colmic GRIP - Big Game Crimper 10""";PLIER12;Home;22.950820;28;374;0
3619;https://www.mgfishing.eu//colmic-grip-allround-bent-plier-6-8-pinza-da-pesca.jpg;"Colmic GRIP - Allround Bent Plier 6"" - 8"" - Pinza da Pesca";PLIER05;Home;9.426230;11.5;436;0
3618;https://www.mgfishing.eu/7953/colmic-ombrellone-con-tenda-accessorio-pesca-spiaggia.jpg;"Colmic Ombrellone con Tenda - Accessorio Pesca Spiaggia";OMH14C;"Ombrelloni da pesca";41.803279;51;374;0
3617;https://www.mgfishing.eu/7951/colmic-trend-fiberglass-ombrellone-ombrellone-da-pesca-220mt.jpg;"Colmic Trend Fiberglass Ombrellone - Ombrellone da Pesca 2.20mt";OMH11A;"Ombrelloni da pesca";57.377049;70;308;0
3616;https://www.mgfishing.eu/7947/colmic-sun-proof-ombrellone-da-pesca.jpg;"Colmic Sun Proof - Ombrellone da Pesca";OMH15A;"Ombrelloni da pesca";122.950820;150;0;1
3615;https://www.mgfishing.eu/7946/colmic-squared-pvc-bait-umbrella-ombrellone-proteggi-esche.jpg;"Colmic SQUARED PVC BAIT UMBRELLA - Ombrellone 85 x 85 cm";OMH12A;"Ombrelloni da pesca";31.147541;38;6;0
3614;https://www.mgfishing.eu/9187/colmic-free-time-ombrello-da-pesca-e-tempo-libero.jpg;"Colmic Free Time - Ombrello da Pesca e Tempo Libero";OMH13A;"Ombrelloni da pesca";13.114754;16;110;0
3613;https://www.mgfishing.eu/9182/colmic-fiberglass-evo-class-ombrellone-da-pesca-250mt.jpg;"Colmic Fiberglass Evo Class - Ombrellone da Pesca 2.50mt";OMH01A;"Ombrelloni da pesca";106.557377;130;406;0
3612;https://www.mgfishing.eu/9181/colmic-beach-umbrella-ombrellone-da-spiaggia-220-mt.jpg;"Colmic Beach Umbrella - Ombrellone da Spiaggia 2.20 mt";OMH14A;"Ombrelloni da pesca";56.557377;69;442;0
3611;https://www.mgfishing.eu/7945/colmic-grip-soft-braid-scissors-4-forbici-da-pesca.jpg;"Colmic GRIP SOFT BRAID SCISSORS 4"" - Forbici da Pesca";SCISSOR04;Home;5.655738;6.9;12;0
3610;https://www.mgfishing.eu/9180/colmic-mangusta-forbici-da-pesca.jpg;"Colmic Mangusta - Forbici da Pesca";ST800;"Forbici e Pinze";6.147541;7.5;412;0
3609;https://www.mgfishing.eu//colmic-grip-magnum-scissors-9-forbici-da-pesca-multiuso.jpg;"Colmic GRIP - Magnum Scissors 9"" - Forbici da pesca multiuso";SCISSOR01;Home;13.524590;16.5;529;0
3608;https://www.mgfishing.eu/9179/colmic-notizie-in-evidenza-taglia-nylon.jpg;"Colmic Notizie in evidenza - Taglia nylon";ST802;"Forbici e Pinze";5.327869;6.5;618;0
3607;https://www.mgfishing.eu//colmic-line-cutter-40mm-accessorio-da-pesca.jpg;"Colmic LINE CUTTER 40MM - Accessorio da Pesca";SCISSOR07;Home;3.114754;3.8;35;0
3606;https://www.mgfishing.eu//colmic-grip-touch-braid-scissor-retractor-forbici-da-pesca.jpg;"Colmic GRIP - Touch Braid Scissor + Retractor - Forbici da Pesca";SCISSOR08;Home;14.344262;17.5;298;0
3605;https://www.mgfishing.eu//colmic-forbici-triple-triton-forbici-da-pesca.jpg;"Colmic Forbici Triple Triton - Forbici da Pesca";ST796;Home;0.000000;0;0;1
3604;https://www.mgfishing.eu/9178/colmic-forbici-mini-accessorio-per-pesca.jpg;"Colmic Forbici Mini - Accessorio per Pesca";ST795;"Forbici e Pinze";3.360656;4.1;113;0
3603;https://www.mgfishing.eu/9177/colmic-forbici-pieghevoli-per-treccia-accessorio-da-pesca.jpg;"Colmic Forbici Pieghevoli per Treccia - Accessorio da Pesca";ST997;"Forbici e Pinze";6.147541;7.5;124;0
3602;https://www.mgfishing.eu//colmic-grip-easy-braid-scissors-5-forbici-da-pesca.jpg;"Colmic GRIP - Easy Braid Scissors 5"" - Forbici da Pesca";SCISSOR05;Home;3.278689;4;867;0
3601;https://www.mgfishing.eu//colmic-grip-forbici-deluxe-per-trecciati-35.jpg;"Colmic GRIP - Forbici Deluxe per Trecciati 3.5""";SCISSOR03;Home;7.786885;9.5;398;0
3600;https://www.mgfishing.eu//colmic-grip-allround-scissors-6-forbici-da-pesca.jpg;"Colmic GRIP - Allround Scissors 6"" - Forbici da Pesca";SCISSOR02;Home;12.704918;15.5;511;0
3599;https://www.mgfishing.eu/7944/spectra-hollow-pouch-47-mm-orange-fionda-da-laghetto.jpg;"SPECTRA HOLLOW POUCH 47 mm ORANGE - Fionda da laghetto";FN70;Pasturatori;14.754098;18;257;0
3598;https://www.mgfishing.eu/7943/spectra-hollow-pouch-40-mm-fionda-da-laghetto.jpg;"SPECTRA HOLLOW POUCH 40 mm - Fionda da laghetto";FN60;Pasturatori;14.754098;18;449;0
3597;https://www.mgfishing.eu/7942/colmic-solid-pouch-cestello-da-pesca.jpg;"Colmic Solid Pouch - Cestello da Pesca";FNSC11;Home;6.147541;7.5;0;1
3596;https://www.mgfishing.eu/7941/colmic-porta-cestello-in-rete-di-poliestere-accessorio-da-pesca.jpg;"Colmic Porta Cestello in Rete di Poliestere - Accessorio da Pesca";FNSC09;Home;6.967213;8.5;0;1
3595;https://www.mgfishing.eu/7940/orion-solid-pouch-55-mm-green-fionda-da-pesca.jpg;"ORION SOLID POUCH 55 mm GREEN - Fionda da Pesca";FN40;Pasturatori;16.393443;20;0;1
3594;https://www.mgfishing.eu/7939/orion-solid-pouch-55-mm-blue-fionda-da-pesca.jpg;"ORION SOLID POUCH 55 mm BLUE - Fionda da pesca";FN50;Home;16.393443;20;16;0
3593;https://www.mgfishing.eu/9176/colmic-hollow-pouch-cestello-stampato-ultra-leggero-47-x-38-mm.jpg;"Colmic Hollow Pouch - Cestello Stampato Ultra Leggero 47 x 38 mm";FNSC12;Pasturatori;4.508197;5.5;9;0
3592;https://www.mgfishing.eu/9175/colmic-groundbait-pouch-cestello-per-pastura.jpg;"Colmic Groundbait Pouch - Cestello per Pastura";FNSC10;"Accessori Da Pesca";6.147541;7.5;13;0
3591;https://www.mgfishing.eu/9174/colmic-devil-sticky-maggots-fionda-da-pesca.jpg;"Colmic Devil Sticky Maggots - Fionda da Pesca";FN30;Pasturatori;20.491803;25;18;0
3590;https://www.mgfishing.eu/9173/colmic-devil-groundbait-medium-distance-fionda-da-pastura.jpg;"Colmic DEVIL GROUNDBAIT MEDIUM DISTANCE - Fionda da Pastura";FN20;Pasturatori;20.491803;25;396;0
3589;https://www.mgfishing.eu/9172/colmic-devil-groundbait-long-distance-fionda-per-pastura.jpg;"Colmic DEVIL GROUNDBAIT LONG DISTANCE - Fionda per Pastura";FN10;Pasturatori;20.491803;25;167;0
3588;https://www.mgfishing.eu/9171/colmic-scatola-per-bobine-o-4-cm-accessorio-per-pesca.jpg;"Colmic Scatola per Bobine Ø 4 cm - Accessorio per Pesca";EVA07;"Borse porta attrezzatura";9.180328;11.2;302;0
3587;https://www.mgfishing.eu/9165/colmic-scatole-contenitori-in-eva-accessori-da-pesca.jpg;"Colmic Scatole Contenitori in EVA - Accessori da Pesca";EVABOX01;"Borse porta attrezzatura";0.000000;9.5;239;0
3586;https://www.mgfishing.eu//colmic-espositore-canne-espositore-per-negozio.jpg;"Colmic Espositore Canne - Espositore per negozio";ESP20;Home;0.000000;0;211;0
3585;https://www.mgfishing.eu//colmic-espositore-per-ami-accessorio-per-pesca.jpg;"Colmic Espositore per Ami - Accessorio per Pesca";ESPCA05;Home;0.000000;0;34;0
3584;https://www.mgfishing.eu//colmic-espositore-herakles-espositore-per-attrezzature.jpg;"Colmic Espositore Herakles - Espositore per Attrezzature";ESP11;Home;0.000000;0;0;1
3583;https://www.mgfishing.eu//colmic-espositore-porta-attrezzi-accessorio-per-pesca.jpg;"Colmic Espositore Porta Attrezzi - Accessorio per Pesca";ESP10;Home;0.000000;0;6;0
3582;https://www.mgfishing.eu/7938/colmic-banner-sacca-porta-canna.jpg;"Colmic Banner - Sacca Porta Canna";ZZZ07;Home;0.000000;0;0;1
3581;https://www.mgfishing.eu/7937/colmic-bandiera-a-goccia-2023-accessorio-per-pesca.jpg;"Colmic BANDIERA A GOCCIA 2023 - Accessorio per pesca";ZZZ01C;Home;0.000000;0;0;1
3580;https://www.mgfishing.eu/7935/colmic-fascia-protettiva-elastico-per-bobina-mulinello-accessorio-pesca.jpg;"Colmic Fascia Protettiva Elastico per Bobina Mulinello - Accessorio Pesca";ELASPOOL01;"Accessori Da Pesca";8.196721;10;136;0
3579;https://www.mgfishing.eu/9164/colmic-elastic-threader-strumento-per-montaggio-elastici.jpg;"Colmic Elastic Threader - Strumento per Montaggio Elastici";INEL01;"Accessori Da Pesca";7.377049;9;194;0
3578;https://www.mgfishing.eu//colmic-elastic-puller-accessorio-per-elastico-da-pesca.jpg;"Colmic Elastic Puller - Accessorio per Elastico da Pesca";ELAPUL01;Home;1.967213;2.4;32;0
3577;https://www.mgfishing.eu//colmic-grip-magnum-knife-coltello-da-sfilettatura.jpg;"Colmic GRIP - MAGNUM KNIFE - Coltello da Sfilettatura";KNIFE02;Home;10.655738;13;569;0
3576;https://www.mgfishing.eu//colmic-grip-knife-sharpener.jpg;"Colmic GRIP - Knife Sharpener";KNIFE00;Home;4.918033;6;209;0
3575;https://www.mgfishing.eu//colmic-grip-coltello-pieghevole-35.jpg;"Colmic GRIP - Coltello Pieghevole 3.5""";KNIFE07;Home;0.000000;0;38;0
3574;https://www.mgfishing.eu//colmic-grip-belt-holster-knife-4.jpg;"Colmic GRIP - Belt Holster Knife 4""";KNIFE01;Home;5.327869;6.5;806;0
3573;https://www.mgfishing.eu/7933/colmic-apache-coltello-da-pesca-caccia.jpg;"Colmic Apache - Coltello da Pesca Caccia";ST206;"Forbici e Pinze";18.032787;22;7;0
3572;https://www.mgfishing.eu//colmic-grip-coltello-allround.jpg;"Colmic GRIP - Coltello Allround";KNIFE05;Home;10.655738;13;40;0
3571;https://www.mgfishing.eu//colmic-grip-bilancia-waterproof.jpg;"Colmic GRIP - Bilancia Waterproof";SCALE01;Home;30.327869;37;83;0
3570;https://www.mgfishing.eu//colmic-grip-scale-compact-bilancia-da-pesca.jpg;"Colmic GRIP - SCALE COMPACT - Bilancia da Pesca";SCALE03;Home;8.196721;10;323;0
3569;https://www.mgfishing.eu//colmic-grip-scale-allround-bilancia-da-pesca.jpg;"Colmic GRIP - SCALE ALLROUND - Bilancia da Pesca";SCALE02;Home;14.344262;17.5;204;0
3568;https://www.mgfishing.eu/7931/colmic-papalina-blu-orange-series-filo-da-pesca.jpg;"Colmic PAPALINA BLU ORANGE SERIES - Filo da Pesca";CLT07;"Cappelli da pesca";13.934426;17;1061;0
3567;https://www.mgfishing.eu/7930/-combo-2-mulinelli-shizuka-sk14-7000-offerta-surfcasting.jpg;"🎣 Combo 2 Mulinelli Shizuka SK14 7000 - Offerta Surfcasting";"2 MULINELLI SHIZUKA SK14 7000";"Mulinelli Da Pesca";22.868852;27.9;32;0
3566;https://www.mgfishing.eu/9163/colmic-completo-pioggia-hq-rain-official-team-abbigliamento-da-pesca-tuta-termica.jpg;"Colmic Completo Pioggia HQ Rain Official Team - Abbigliamento da Pesca Tuta Termica";ABG008A;"Tute Termiche";0.000000;179;140;0
3565;https://www.mgfishing.eu/7921/colmic-gilet-piumino-deluxe-abbigliamento-da-pesca.jpg;"Colmic Gilet Piumino Deluxe - Abbigliamento da Pesca";ABGL004B;"Giacche da Pesca";0.000000;79;11;0
3564;https://www.mgfishing.eu/9153/colmic-pantalone-tuta-royal-blu.jpg;"Colmic Pantalone Tuta - Royal Blu";ABP015A;"Abbigliamento Da Pesca";0.000000;45;480;0
3563;https://www.mgfishing.eu/9150/colmic-gilet-piumino-waterproof-gilet-da-pesca.jpg;"Colmic Gilet Piumino Waterproof - Gilet da Pesca";ABGL005;Home;0.000000;69;90;0
3562;https://www.mgfishing.eu/9143/colmic-gilet-fishing-one-size-gilet-da-pesca.jpg;"Colmic GILET FISHING ONE SIZE - Giacca da Pesca";ABG0200;"Giacche da Pesca";0.000000;129;312;0
3561;https://www.mgfishing.eu//colmic-giacca-royal-giacca-tecnica-da-pesca.jpg;"Colmic Giacca Royal - Giacca Tecnica da Pesca";ABG014B;Home;0.000000;0;0;1
3560;https://www.mgfishing.eu/9137/colmic-giacca-monaco-giacca-da-pesca-e-tempo-libero.jpg;"Colmic Giacca Monaco - Giacca da Pesca e Tempo Libero";ABG016A;"Giacche da Pesca";0.000000;59.9;219;0
3559;https://www.mgfishing.eu/9134/colmic-felpa-universal-wr-abbigliamento-da-pesca.jpg;"Colmic Felpa Universal WR - Abbigliamento da Pesca";ABF022;"Giacche da Pesca";0.000000;59;926;0
3558;https://www.mgfishing.eu//colmic-felpa-trapuntata-abbigliamento-da-pesca.jpg;"Colmic Felpa Trapuntata - Abbigliamento da Pesca";ABF0260;Home;0.000000;59;61;0
3557;https://www.mgfishing.eu/9125/colmic-extreme-suit-completo-invernale-da-pesca-tuta-termica.jpg;"Colmic Extreme Suit - Completo Invernale da Pesca Tuta Termica";ABG017A;"Tute Termiche";0.000000;159;200;0
3556;https://www.mgfishing.eu/9119/colmic-giacca-deluxe-giacca-da-pesca-e-tempo-libero.jpg;"Colmic Giacca Deluxe - Giacca da Pesca e Tempo Libero";ABG021A;"Giacche da Pesca";0.000000;75;935;0
3555;https://www.mgfishing.eu//colmic-vogatore-blue-orange-maglia-basket-cotone.jpg;"Colmic Vogatore Blue Orange - Maglia Basket Cotone";ABT020A;Home;0.000000;0;1046;0
3554;https://www.mgfishing.eu/9116/colmic-t-shirt-long-sleeves-white-maglia-maniche-lunghe.jpg;"Colmic T-SHIRT LONG SLEEVES WHITE - Maglia Maniche Lunghe";ABT017A;"T-shirt da pesca";0.000000;19;747;0
3553;https://www.mgfishing.eu/9113/colmic-t-shirt-long-sleeves-blue-abbigliamento-tecnico.jpg;"Colmic T-SHIRT LONG SLEEVES BLUE - Abbigliamento Tecnico";ABT018A;"T-shirt da pesca";0.000000;19;565;0
3552;https://www.mgfishing.eu/9112/colmic-t-shirt-white-and-orange-abbigliamento-da-pesca.jpg;"Colmic T-Shirt White and Orange - Abbigliamento da Pesca";ABT015A;"T-shirt da pesca";0.000000;14.9;244;0
3551;https://www.mgfishing.eu//colmic-t-shirt-colmic-blue-e-arancio-abbigliamento-da-pesca.jpg;"Colmic T-shirt Colmic Blue e Arancio - Abbigliamento da Pesca";ABT016A;Home;0.000000;0;61;0
3550;https://www.mgfishing.eu/9107/colmic-polo-blu-wr-abbigliamento-sportivo.jpg;"Colmic Polo Blu WR - Abbigliamento Sportivo Da Pesca";ABT021A;"T-shirt da pesca";0.000000;26;996;0
3549;https://www.mgfishing.eu/9103/colmic-pantalone-estivo-grigio-abbigliamento-da-pesca.jpg;"Colmic Pantalone Estivo Grigio - Abbigliamento da Pesca";ABP007A;"Abbigliamento Da Pesca";0.000000;49;411;0
3548;https://www.mgfishing.eu/9102/colmic-pantalone-corto-sporting-abbigliamento-da-pesca.jpg;"Colmic Pantalone Corto Sporting - Abbigliamento da Pesca";ABP0160;"Abbigliamento Da Pesca";0.000000;34.9;1138;0
3547;https://www.mgfishing.eu/9098/colmic-pantalone-corto-outdoor-pantaloncini-da-pesca-e-tempo-libero.jpg;"Colmic Pantalone Corto Outdoor - Pantaloncini da Pesca e Tempo Libero";ABP017A;"Abbigliamento Da Pesca";0.000000;36.9;583;0
3546;https://www.mgfishing.eu/9095/colmic-vogatore-white-orange-maglia-basket-style.jpg;"Colmic Vogatore White Orange - Maglia Basket Style";ABT019B;"T-shirt da pesca";0.000000;10;550;0
3545;https://www.mgfishing.eu/7918/colmic-visiera-accessorio-per-pesca.jpg;"Colmic Visiera - Accessorio per Pesca";CLT20;"Cappelli da pesca";0.000000;11.9;1269;0
3544;https://www.mgfishing.eu/7916/colmic-t-shirt-white-classic-abbigliamento-da-pesca.jpg;"Colmic T Shirt White Classic - Abbigliamento da Pesca";ABT0220;"T-shirt da pesca";0.000000;17.9;2131;0
3543;https://www.mgfishing.eu/7913/colmic-t-shirt-blue-fiammato-ciii-maglietta-tecnica.jpg;"Colmic T-SHIRT BLUE FIAMMATO CIII - Maglietta tecnica";ABT0240;"T-shirt da pesca";0.000000;17.9;343;0
3542;https://www.mgfishing.eu/7910/colmic-t-shirt-blue-abbigliamento-da-pesca.jpg;"Colmic T-Shirt Blue - Abbigliamento da Pesca";ABT0230;"T-shirt da pesca";0.000000;17.9;3506;0
3541;https://www.mgfishing.eu/7904/colmic-pantalone-tuta-summer-grey-pantalone-tecnico-da-pesca.jpg;"Colmic PANTALONE TUTA SUMMER GREY - Pantalone tecnico da pesca";ABP019A;"Abbigliamento Da Pesca";0.000000;49.9;717;0
3540;https://www.mgfishing.eu/9091/colmic-technic-t-shirt-pantaloncini-abbigliamento-da-pesca.jpg;"Colmic Technic T-Shirt - Pantaloncini Abbigliamento da Pesca";ABP0180;"Abbigliamento Da Pesca";0.000000;36.9;20;0
3539;https://www.mgfishing.eu/9089/colmic-felpa-summer-abbigliamento-da-pesca.jpg;"Colmic Felpa Summer - Abbigliamento da Pesca";ABF0250;"Giacche da Pesca";0.000000;57;1067;0
3538;https://www.mgfishing.eu/7901/colmic-scaldacollo-in-fleece-accessorio-per-pesca-e-tempo-libero.jpg;"Colmic Scaldacollo in Fleece - Accessorio per Pesca e Tempo Libero";CLC25A;"Cappelli da pesca";8.196721;10;852;0
3537;https://www.mgfishing.eu/7899/colmic-papalina-blue-grey-ciii-cappello-da-pesca.jpg;"Colmic Papalina Blue & Grey CIII - Cappello da Pesca";CLT07B;"Cappelli da pesca";9.754098;11.9;315;0
3536;https://www.mgfishing.eu/7896/colmic-papalina-blue-c-iii-cappello-da-pesca.jpg;"Colmic Papalina Blue C III - Cappello da Pesca";CLT07A;"Cappelli da pesca";9.754098;11.9;285;0
3535;https://www.mgfishing.eu//colmic-bandana-tube-iii-accessorio-per-pesca.jpg;"Colmic Bandana Tube III - Accessorio per pesca";CLC36B;Home;0.000000;0;1636;0
3534;https://www.mgfishing.eu//colmic-cappello-water-repellent-blu-cappello-da-pesca.jpg;"Colmic Cappello Water Repellent Blu - Cappello da Pesca";CLT15;Home;0.000000;0;0;1
3533;https://www.mgfishing.eu//colmic-cappello-water-repellent-nero-accessorio-da-pesca.jpg;"Colmic Cappello Water Repellent Nero - Accessorio da Pesca";CLT16;Home;0.000000;0;0;1
3532;https://www.mgfishing.eu/9086/colmic-cappellino-multilogo-accessorio-abbigliamento-da-pesca.jpg;"Colmic Cappellino Multilogo - Accessorio Abbigliamento da Pesca";CLT09;"Cappelli da pesca";11.393443;13.9;3;0
3531;https://www.mgfishing.eu/9085/colmic-cappellino-manaus-accessorio-da-pesca.jpg;"Colmic Cappellino Manaus - Accessorio da Pesca";CLT12;"Cappelli da pesca";13.524590;16.5;668;0
3530;https://www.mgfishing.eu/9084/colmic-cappellino-denim-accessorio-da-pesca.jpg;"Colmic Cappellino Denim - Accessorio da Pesca";CLT11;"Cappelli da pesca";13.524590;16.5;1668;0
3529;https://www.mgfishing.eu/9083/colmic-cappello-blu-con-rete-cappellino-da-pesca.jpg;"Colmic Cappello Blu con Rete - Cappellino da Pesca";CLT01;"Cappelli da pesca";11.393443;13.9;2025;0
3528;https://www.mgfishing.eu/9082/colmic-cappello-bianco-con-rete-cappellino-da-pesca.jpg;"Colmic CAPPELLO BIANCO CON RETE - Cappellino da Pesca";CLT02;"Cappelli da pesca";11.393443;13.9;876;0
3527;https://www.mgfishing.eu/9080/colmic-cappello-atlanta-cappellino-in-cotone.jpg;"Colmic Cappello Atlanta - Cappellino in Cotone";CLT14;"Cappelli da pesca";13.524590;16.5;88;0
3526;https://www.mgfishing.eu//colmic-creek-trout-canna-da-pesca-telescopica.jpg;"Colmic Creek Trout - Canna da Pesca Telescopica";CACR51A;Home;0.000000;0;12;0
3525;https://www.mgfishing.eu/7888/colmic-trout-hero-canna-da-trota-lago.jpg;"Colmic Trout Hero - Canna da Trota Lago";CATR10A;Home;0.000000;0;0;1
3524;https://www.mgfishing.eu/9079/colmic-tms-trout-master-special-canna-da-trota-lago.jpg;"Colmic TMS - TROUT MASTER SPECIAL - Canna da Trota Lago";CATMS01A;"Canne Da Trota";0.000000;49.9;1357;0
3523;https://www.mgfishing.eu/9078/colmic-tmk-trout-master-kustom-canna-trota-lago.jpg;"Colmic TMK - TROUT MASTER KUSTOM - Canna Trota Lago";CATMK01A;"Canne Da Trota";0.000000;65.9;1156;0
3522;https://www.mgfishing.eu/9077/colmic-custom-trout-canna-da-trota-lago.jpg;"Colmic Custom Trout - Canna da Trota Lago";CACU01A;"Canne Da Trota";0.000000;27.3;867;0
3521;https://www.mgfishing.eu/7869/colmic-wild-tuna-acid-canna-da-traino-tonno.jpg;"Colmic Wild Tuna Acid - Canna da Traino Tonno";CDWIL01A;Home;0.000000;155;222;0
3520;https://www.mgfishing.eu/7864/colmic-slight-power-canna-da-trolling-leggero.jpg;"Colmic Slight Power - Canna da Trolling Leggero";CDSLI01A;Home;0.000000;0;0;1
3519;https://www.mgfishing.eu/7859/colmic-pro-light-acid-troll-canna-da-traina.jpg;"Colmic PRO LIGHT ACID TROLL - Canna da Traina";CDPRA01A;Home;0.000000;158;3;0
3518;https://www.mgfishing.eu//colmic-medina-canna-da-traina.jpg;"Colmic Medina - Canna da Traina";CDME01A;Home;0.000000;38;0;1
3517;https://www.mgfishing.eu//colmic-full-shot-acid-canna-da-traino.jpg;"Colmic Full Shot Acid - Canna da Traina";CDFU00A;Home;0.000000;47;1171;0
3516;https://www.mgfishing.eu/9075/colmic-aventador-top-class-acid-canna-traina.jpg;"Colmic AVENTADOR TOP CLASS ACID - Canna Traina";CDAV01A;"Canne Da Traina";0.000000;250;196;0
3515;https://www.mgfishing.eu/9069/colmic-tindal-canna-surfcasting.jpg;"Colmic Tindal - Canna TeleMatch";CATI43A;"Canne Bolognese";0.000000;80;37;0
3514;https://www.mgfishing.eu/9068/colmic-symbol-canna-da-telematch.jpg;"Colmic Symbol - Canna da Telematch";CASY10A;"Canne Bolognese";0.000000;46;72;0
3513;https://www.mgfishing.eu/7852/colmic-nitrus-canna-telescopica.jpg;"Colmic Nitrus - Canna Telescopica";CANI29A;Home;0.000000;0;0;1
3512;https://www.mgfishing.eu/9066/colmic-mysia-match-canna-da-pesca-match.jpg;"Colmic Mysia Match - Canna da Pesca Match";CAMY40A;"Canne Bolognese";0.000000;56;249;0
3511;https://www.mgfishing.eu//colmic-jekill-tele-match-canna-da-tele-match.jpg;"Colmic Jekill Tele Match - Canna da Tele Match";CAJE100A;Home;0.000000;0;0;1
3510;https://www.mgfishing.eu/9065/colmic-jakal-canna-telematch.jpg;"Colmic Jakal - Canna TeleMatch";CAJA100;"Canne Bolognese";0.000000;46;735;0
3509;https://www.mgfishing.eu/9063/colmic-hammer-max-canna-tele-match.jpg;"Colmic Hammer Max - Canna Tele Match";CAHAM01A;"Canne Bolognese";0.000000;71;756;0
3508;https://www.mgfishing.eu/9061/colmic-falton-match-canna-da-pesca-all-inglese.jpg;"Colmic Falton Match - Canna da Pesca all'Inglese";CAFA51A;"Canne Bolognese";0.000000;56;148;0
3507;https://www.mgfishing.eu/9057/colmic-epoca-canna-da-tele-match.jpg;"Colmic Epoca - Canna da Tele Match";CAEP31A;"Canne Bolognese";0.000000;56;321;0
3506;https://www.mgfishing.eu/9053/colmic-emblema-canna-da-tele-match-pesca-all-inglese.jpg;"Colmic Emblema - Canna da Tele Match Pesca all'Inglese";CAEM53A;"Canne Bolognese";0.000000;64;197;0
3505;https://www.mgfishing.eu/9047/colmic-duncan-canna-da-tele-match.jpg;"Colmic Duncan - Canna da Tele Match";CADU18A;"Canne Bolognese";0.000000;69;64;0
3504;https://www.mgfishing.eu//colmic-diadema-canna-match-telescopica.jpg;"Colmic Diadema - Canna Match Telescopica";CADI36A;Home;0.000000;0;0;1
3503;https://www.mgfishing.eu//colmic-aliant-match-canna-da-spinning.jpg;"Colmic Aliant Match - Canna da Spinning";CAAL90A;Home;0.000000;0;0;1
3502;https://www.mgfishing.eu/9043/colmic-willow-canna-surfcasting.jpg;"Colmic Willow - Canna Surfcasting";CAWI01A;"Canne Surfcasting";0.000000;109;121;0
3501;https://www.mgfishing.eu/7841/colmic-timeless-canna-surfcasting.jpg;"Colmic Timeless - Canna Surfcasting";CATI42A;Home;0.000000;0;0;1
3500;https://www.mgfishing.eu/9042/colmic-tempesta-pro-canna-surfcasting.jpg;"Colmic Tempesta Pro - Canna Surfcasting";CATE20A;"Canne Surfcasting";0.000000;96;176;0
3499;https://www.mgfishing.eu/9041/colmic-taslon-sx-canna-surfcasting.jpg;"Colmic Taslon SX - Canna Surfcasting";CATA02A;"Canne Surfcasting";0.000000;67;17;0
3498;https://www.mgfishing.eu/9040/colmic-supplexia-canna-surfcasting.jpg;"Colmic Supplexia - Canna Surfcasting";CASU02B;"Canne Surfcasting";0.000000;69;54;0
3497;https://www.mgfishing.eu//colmic-galaxy-canna-surfcasting.jpg;"Colmic Galaxy - Canna Surfcasting";CAGA15A;Home;0.000000;0;0;1
3496;https://www.mgfishing.eu//colmic-foxer-canna-surfcasting.jpg;"Colmic Foxer - Canna Surfcasting";CAFO54A;Home;0.000000;0;0;1
3495;https://www.mgfishing.eu/9039/colmic-erwin-canna-surfcasting.jpg;"Colmic Erwin - Canna Surfcasting";CAER01A;"Canne Surfcasting";0.000000;106;68;0
3494;https://www.mgfishing.eu/9037/colmic-cupra-canna-surfcasting-telescopica.jpg;"Colmic Cupra - Canna Surfcasting telescopica";CACU02A;"Canne Surfcasting";0.000000;129;70;0
3493;https://www.mgfishing.eu//colmic-minerva-canna-surfcasting.jpg;"Colmic Minerva - Canna Surfcasting";CAMI85A;Home;0.000000;68;0;1
3492;https://www.mgfishing.eu/9035/colmic-zero-7-wr-t-80-canna-surfcasting.jpg;"Colmic ZERO 7 WR T-80 - Canna Surfcasting";CAZE47A;"Canne Surfcasting";0.000000;599;327;0
3491;https://www.mgfishing.eu/7825/colmic-zero-11-wr-t-80-canna-surfcasting.jpg;"Colmic ZERO 11 WR T-80 - Canna Surfcasting";CAZE110A;Home;0.000000;840;25;0
3490;https://www.mgfishing.eu/9034/colmic-stunt-ks-canna-surfcasting.jpg;"Colmic Stunt KS - Canna Surfcasting";CAST04A;"Canne Surfcasting";0.000000;148;5;0
3489;https://www.mgfishing.eu/7820/colmic-stunt-full-taper-canna-surfcasting.jpg;"Colmic Stunt Full Taper - Canna Surfcasting";CAST031A;Home;0.000000;187;0;1
3488;https://www.mgfishing.eu/7817/colmic-stunt-full-sensitivity-canna-surfcasting.jpg;"Colmic Stunt Full Sensitivity - Canna Surfcasting";CAST042A;Home;0.000000;155;0;1
3487;https://www.mgfishing.eu//colmic-furious-canna-surfcasting.jpg;"Colmic Furious - Canna Surfcasting";CAFU61A;Home;0.000000;0;0;1
3486;https://www.mgfishing.eu/9033/colmic-strike-spinning-canna-vertical-spinning.jpg;"Colmic Strike Spinning - Canna Vertical Spinning";CAST05A;"Canne Vertical";0.000000;96;50;0
3485;https://www.mgfishing.eu/9032/colmic-strike-casting-canna-slow-pitch.jpg;"Colmic Strike Casting - Canna Slow Pitch";CAST06A;"Canne Vertical";0.000000;99;28;0
3484;https://www.mgfishing.eu//colmic-naxos-canna-da-spinning-e-casting-per-natante.jpg;"Colmic Naxos - Canna da Spinning e Casting per Natante";CANA02A;Home;0.000000;0;359;0
3483;https://www.mgfishing.eu/7811/colmic-source-top-level-canna-da-spinning.jpg;"Colmic Source Top Level - Canna da Spinning";CASO02A;"Canne Bolognese";0.000000;100;215;0
3482;https://www.mgfishing.eu/9031/colmic-rhapsody-canna-da-match.jpg;"Colmic Rhapsody - Canna da Match";CBRH01A;"Canne Bolognese";0.000000;216;264;0
3481;https://www.mgfishing.eu/9030/colmic-real-superior-hst-series-canna-da-pesca-inglese.jpg;"Colmic REAL SUPERIOR HST SERIES - Canna da Pesca Inglese";CBRE12A;"Canne Bolognese";0.000000;340;261;0
3480;https://www.mgfishing.eu/9029/colmic-mercury-canna-da-match.jpg;"Colmic Mercury - Canna da Match";CBME01A;"Canne Bolognese";0.000000;78;133;0
3479;https://www.mgfishing.eu//colmic-extima-6-18gr-canna-da-spinning.jpg;"Colmic EXTIMA 6-18gr - Canna da Spinning";CBEX01;Home;0.000000;285;0;1
3478;https://www.mgfishing.eu//colmic-extima-10-25gr-canna-da-spinning.jpg;"Colmic EXTIMA 10-25gr - Canna da Spinning";CBEX02A;Home;0.000000;300;0;1
3477;https://www.mgfishing.eu/9028/colmic-electromatch-serie-31-canna-match.jpg;"Colmic Electromatch Serie 31 - Canna Match";CBEL03A;"Canne Bolognese";0.000000;95;43;0
3476;https://www.mgfishing.eu//colmic-dexter-match-canna-da-inglese.jpg;"Colmic Dexter Match - Canna da Inglese";CBDE01A;Home;0.000000;110;39;0
3475;https://www.mgfishing.eu//colmic-fargo-canna-da-spinning.jpg;"Colmic Fargo - Canna da Spinning";CAFA10C;Home;0.000000;0;0;1
3474;https://www.mgfishing.eu/9022/colmic-mantra-canna-surfcasting.jpg;"Colmic Mantra - Canna Surfcasting";CAMA02A;"Canne Surfcasting";71.311475;87;173;0
3473;https://www.mgfishing.eu//colmic-amnesia-canna-surfcasting.jpg;"Colmic Amnesia - Canna Surfcasting";CAAM71A;Home;0.000000;0;0;1
3472;https://www.mgfishing.eu//colmic-dukessa-canna-surfcasting.jpg;"Colmic Dukessa - Canna Surfcasting";CADU20A;Home;0.000000;0;0;1
3471;https://www.mgfishing.eu/7800/colmic-zero-seven-superior-canna-surfcasting.jpg;"Colmic Zero Seven Superior - Canna Surfcasting";CAZE45A;Home;0.000000;0;0;1
3470;https://www.mgfishing.eu//colmic-kira-m1-canna-da-spinning.jpg;"Colmic Kira M1 - Canna da Spinning";CBKI01B;Home;0.000000;0;0;1
3469;https://www.mgfishing.eu/9020/colmic-idroflat-canna-da-pesca-inglese.jpg;"Colmic Idroflat - Canna da Pesca Inglese";CBID01A;"Canne Bolognese";229.508197;280;10;0
3468;https://www.mgfishing.eu//colmic-charger-canna-da-spinning.jpg;"Colmic Charger - Canna da Spinning";CBCH10B;Home;0.000000;0;0;1
3467;https://www.mgfishing.eu/7892/shimano-talica-stand-up-spiral-canna-drifting-tonno.jpg;"Shimano Talica Stand Up Spiral - Canna Drifting Tonno";;"Canne Da Pesca";0.000000;459.9;2;0
3466;https://www.mgfishing.eu/9018/colmic-artax-vision-canna-da-pesca-inglese.jpg;"Colmic Artax Vision - Canna da Pesca Inglese";CBART02A;"Canne Bolognese";0.000000;203;314;0
3465;https://www.mgfishing.eu/9012/colmic-artax-experience-canne-inlgesi.jpg;"Colmic ARTAX EXPERIENCE - Canne Inlgesi";CBART01A;"Canne Bolognese";0.000000;260;251;0
3464;https://www.mgfishing.eu/9010/colmic-talent-canne-fisse-telescopica.jpg;"Colmic Talent - Canne Fisse telescopica";CATA10A;"Canne Fisse";0.000000;69;173;0
3463;https://www.mgfishing.eu/7789/colmic-shield-rx-canne-fisse.jpg;"Colmic Shield RX - Canne Fisse";CASH03A;"Canne Fisse";0.000000;95;41;0
3462;https://www.mgfishing.eu/9009/colmic-ispanica-canna-fissa.jpg;"Colmic Ispanica - Canna Fissa";CAISP01A;"Canne Fisse";0.000000;69;294;0
3461;https://www.mgfishing.eu/9006/colmic-extreme-superior-canna-fissa-telescopica.jpg;"Colmic Extreme Superior - Canna Fissa Telescopica";CAEX92A;"Canne Fisse";0.000000;200;187;0
3460;https://www.mgfishing.eu/9003/colmic-remake-canna-da-pesca-bolognese.jpg;"Colmic Remake - Canna da Pesca Bolognese";CARE30A;"Canne Bolognese";0.000000;19;82;0
3459;https://www.mgfishing.eu//colmic-foce-nx-100-canna-bolognese.jpg;"Colmic Foce NX 100 - Canna Bolognese";CAFO51B;Home;0.000000;0;85;0
3458;https://www.mgfishing.eu//colmic-fiume-180-minimal-guide-canna-bolognese.jpg;"Colmic FIUME 180 MINIMAL GUIDE - Canna Bolognese";CAFI831B;Home;0.000000;0;0;1
3457;https://www.mgfishing.eu//colmic-fiume-superior-canna-bolognese.jpg;"Colmic Fiume Superior - Canna Bolognese";CAFI93A;Home;0.000000;0;0;1
3456;https://www.mgfishing.eu/9001/colmic-sonika-canna-bolognese.jpg;"Colmic Sonika - Canna Bolognese";CASO03A;"Canne Bolognese";0.000000;52;1120;0
3455;https://www.mgfishing.eu//colmic-mitika-canna-bolognese.jpg;"Colmic Mitika - Canna Bolognese";CAMI87C;Home;0.000000;100;0;1
3454;https://www.mgfishing.eu/9000/colmic-max-fight-pro-canna-da-bolognese.jpg;"Colmic Max Fight Pro - Canna da Bolognese";CAMAX01A;"Canne Bolognese";0.000000;160;132;0
3453;https://www.mgfishing.eu//colmic-futura-serie-z-canna-da-spinning.jpg;"Colmic Futura Serie Z - Canna da Spinning";CAFU21A;Home;0.000000;125;188;0
3452;https://www.mgfishing.eu/8987/colmic-forza-sei-canna-bolognese.jpg;"Colmic Forza Sei - Canna Bolognese";CAFO57A;"Canne Bolognese";0.000000;110;14;0
3451;https://www.mgfishing.eu/8963/colmic-forza-10-canna-bolognese.jpg;"Colmic Forza 10 - Canna Bolognese";CAFO53A;"Canne Bolognese";0.000000;190;72;0
3450;https://www.mgfishing.eu/8977/colmic-foce-t8000-wr-canna-bolognese.jpg;"Colmic Foce T8000 WR - Canna Bolognese";CAFO56A;"Canne Bolognese";0.000000;665;88;0
3449;https://www.mgfishing.eu/8952/colmic-mindflayer-canna-bolognese.jpg;"Colmic Mindflayer - Canna Bolognese";CAMI86A;"Canne Bolognese";180.327869;220;59;0
3448;https://www.mgfishing.eu//colmic-konan-canna-telescopica-per-pesca-a-grandi-prede.jpg;"Colmic Konan - Canna Telescopica per Pesca a Grandi Prede";CAKO12A;Home;0.000000;0;0;1
3447;https://www.mgfishing.eu/8949/colmic-espirit-power-canna-bolognese-strong-action.jpg;"Colmic Espirit Power - Canna Bolognese Strong Action";CAES100A;"Canne Bolognese";0.000000;140;98;0
3446;https://www.mgfishing.eu/8933/colmic-craft-canna-bolognese.jpg;"Colmic Craft - Canna Bolognese";CACR01A;"Canne Bolognese";0.000000;51;887;0
3445;https://www.mgfishing.eu/8928/colmic-twist-canna-da-big-game.jpg;"Colmic Twist - Canna da Big Game";CDTW00;"Canne Big Game Drifting";0.000000;269;120;0
3444;https://www.mgfishing.eu/8927/colmic-oneway-canna-big-game.jpg;"Colmic Oneway - Canna Big Game";CDONE02;"Canne Big Game Drifting";0.000000;320;42;0
3443;https://www.mgfishing.eu/8926/colmic-meteora-beach-canna-surfcasting.jpg;"Colmic Meteora Beach - Canna Surfcasting";CAME73A;"Canne Surfcasting";0.000000;59;131;0
3442;https://www.mgfishing.eu//colmic-medusa-canna-surfcasting.jpg;"Colmic Medusa - Canna Surfcasting";CAME90B;Home;0.000000;59;0;1
3441;https://www.mgfishing.eu/8919/colmic-mask-canna-beach-ledgering-telescopica.jpg;"Colmic Mask - Canna Beach Ledgering Telescopica";CAMAS01A;"Canne Surfcasting";0.000000;69;166;0
3440;https://www.mgfishing.eu/8888/colmic-meridia-canna-da-beach-ledgering.jpg;"Colmic Meridia - Canna da Beach Ledgering";CAME91A;"Canne Surfcasting";0.000000;109;51;0
3439;https://www.mgfishing.eu/8857/colmic-ateca-canna-da-beach-ledgering.jpg;"Colmic Ateca - Canna da Beach Ledgering";CAAT12A;"Canne Surfcasting";0.000000;129;8;0
3438;https://www.mgfishing.eu/8853/colmic-arcadia-canna-da-beach-ledgering.jpg;"Colmic Arcadia - Canna da Beach Ledgering";CAAR70A;"Canne Surfcasting";0.000000;360;65;0
3437;https://www.mgfishing.eu/8848/colmic-target-boat-canna-da-barca-telescopica.jpg;"Colmic Target Boat - Canna da Barca Telescopica";CATA82A;"Canne Da Bolentino";0.000000;24;545;0
3436;https://www.mgfishing.eu/8805/colmic-sanset-canna-telescopica.jpg;"Colmic Sanset - Canna Telescopica Da Barca";CASA80;"Canne Da Bolentino";0.000000;25;282;0
3435;https://www.mgfishing.eu/8779/colmic-pamir-boat-canna-telescopica-da-bolentino.jpg;"Colmic Pamir Boat - Canna Telescopica da Bolentino";CAPA81A;"Canne Da Bolentino";0.000000;26;21;0
3434;https://www.mgfishing.eu/8774/colmic-malibu-canna-da-bolentino.jpg;"Colmic Malibu - Canna da Bolentino";CAMA91A;"Canne Da Bolentino";0.000000;31;218;0
3433;https://www.mgfishing.eu/8769/colmic-joker-tele-boat-canna-bolentino-medio-pesante.jpg;"Colmic Joker Tele Boat - Canna Bolentino Medio Pesante";CAJO05A;"Canne Da Bolentino";0.000000;27;260;0
3432;https://www.mgfishing.eu/7759/colmic-under-water-canna-teleregolabile-per-bolentino.jpg;"Colmic Under Water - Canna teleregolabile per Bolentino";CAUN01A;Home;0.000000;109;195;0
3431;https://www.mgfishing.eu/7757/colmic-yamarappi-spinning-e-casting-canna-da-spinning.jpg;"Colmic Yamarappi Spinning e Casting - Canna da Spinning";CAYA02A;Home;0.000000;104;15;0
3430;https://www.mgfishing.eu/8749/colmic-yamarappi-casting-canna-da-spinning-e-casting.jpg;"Colmic Yamarappi Casting - Canna da Casting";CAYA03A;"Canne Da Traina";0.000000;118;12;0
3429;https://www.mgfishing.eu//colmic-kita-karei-canna-da-barca.jpg;"Colmic Kita Karei - Canna da Barca";CAKI80A;Home;0.000000;95;0;1
3428;https://www.mgfishing.eu/8702/colmic-hokusai-canna-da-barca.jpg;"Colmic Hokusai - Canna da Barca";CAHOK01A;"Canne Da Bolentino";0.000000;80;225;0
3427;https://www.mgfishing.eu/8737/colmic-full-shot-slow-game-canna-da-barca.jpg;"Colmic FULL SHOT SLOW GAME - Canna da Barca Vertical";CAFU65B1;"Canne Vertical";0.000000;144;313;0
3426;https://www.mgfishing.eu/8653/colmic-full-shot-misaki-special-canna-da-barca.jpg;"Colmic FULL SHOT MISAKI SPECIAL - Canna da Barca";CAFU66A;"Canne Da Traina";0.000000;85;36;0
3425;https://www.mgfishing.eu/8310/colmic-rider-canna-da-bolentino.jpg;"Colmic Rider - Canna da Bolentino";CARI09A;"Canne Da Bolentino";0.000000;38;229;0
3424;https://www.mgfishing.eu/7749/colmic-panter-xt-bolentino-canna-per-bolentino.jpg;"Colmic Panter XT Bolentino - Canna per Bolentino";CAPA84A;"Canne Da Bolentino";0.000000;22;106;0
3423;https://www.mgfishing.eu/8639/colmic-argentia-canna-big-game.jpg;"Colmic Argentia - Canna Big Game";CDAR04;"Canne Big Game Drifting";270.491803;330;7;0
3422;https://www.mgfishing.eu/8572/colmic-virgon-canna-da-beach-ledgering.jpg;"Colmic Virgon - Canna da Beach Ledgering";CAVI52A;"Canne Surfcasting";122.131148;149;11;0
3421;https://www.mgfishing.eu/8548/colmic-viper-canna-da-beach-ledgering-telescopica.jpg;"Colmic Viper - Canna da Beach Ledgering telescopica";CAVI60A;"Canne Surfcasting";72.950820;89;90;0
3420;https://www.mgfishing.eu/7737/colmic-narsil-canna-da-barca-telescopica.jpg;"Colmic Narsil - Canna da Barca Telescopica";CANA47A;Home;21.311475;26;0;1
3419;https://www.mgfishing.eu/8321/colmic-darsena-canna-da-pesca-per-orata.jpg;"Colmic Darsena - Canna da Pesca per Orata";CADAR03A;"Canne Surfcasting";114.754098;140;0;1
3418;https://www.mgfishing.eu//colmic-darsena-canna-da-spinning.jpg;"Colmic Darsena - Canna da Spinning";CADAR02A;Home;114.754098;140;0;1
3417;https://www.mgfishing.eu/8319/colmic-tesla-xt-canna-da-bolentino-teleregolabile.jpg;"Colmic Tesla XT - Canna da Bolentino Teleregolabile";CATE66A;"Canne Da Bolentino";81.147541;99;105;0
3416;https://www.mgfishing.eu/8317/colmic-superior-challenge-tele-canna-da-barca.jpg;"Colmic Superior Challenge Tele - Canna da Barca";CASU93A;"Canne Da Bolentino";302.459016;369;29;0
3415;https://www.mgfishing.eu/8316/colmic-superior-challenge-slim-canna-da-barca.jpg;"Colmic Superior Challenge Slim - Canna da Barca";CASU92A;"Canne Da Bolentino";327.049180;399;11;0
3414;https://www.mgfishing.eu/8313/colmic-stunt-power-canna-telescopica-da-bolentino-medio-pesante.jpg;"Colmic Stunt Power - Canna Telescopica da Bolentino Medio Pesante";CAST81A;"Canne Da Bolentino";80.327869;98;167;0
3413;https://www.mgfishing.eu/7717/colmic-sea-lion-superior-canna-da-bolentino.jpg;"Colmic Sea Lion Superior - Canna da Bolentino";CASEA20;Home;80.327869;98;0;1
3412;https://www.mgfishing.eu/7712/colmic-privilege-canna-teleregolabile-bolentino-medium-light.jpg;"Colmic Privilege - Canna Teleregolabile Bolentino Medium Light";CAPRI01A;"Canne Da Bolentino";154.918033;189;16;0
3411;https://www.mgfishing.eu/8312/colmic-yamarappi-special-boat-canna-da-casting.jpg;"Colmic Yamarappi Special Boat - Canna da Casting";CAYAMA01A;"Canne Da Bolentino";90.163934;110;30;0
3410;https://www.mgfishing.eu/8311/colmic-seal-slow-game-canna-da-barca.jpg;"Colmic Seal Slow Game - Canna da Barca";CASE11A;"Canne Da Bolentino";77.868852;95;63;0
3409;https://www.mgfishing.eu/7707/vixia-vixia-tls-xtreme-canna-bolognese.jpg;"Vixia VIXIA TLS Xtreme - Canna Bolognese";134-41-250;Home;0.000000;0;0;1
3408;https://www.mgfishing.eu/7706/trabucco-heaven-tls-master-canna-surfcasting.jpg;"Trabucco Heaven TLS Master - Canna Surfcasting";134-41-160;Home;0.000000;99.9;0;1
3407;https://www.mgfishing.eu/7705/trabucco-hydrus-nxt-energy-pole-canna-telescopica.jpg;"Trabucco Hydrus NXT Energy Pole - Canna Telescopica";134-40-240;Home;0.000000;0;0;1
3406;https://www.mgfishing.eu/7704/trabucco-hydrus-nxt-master-pole-canna-da-inglese.jpg;"Trabucco Hydrus NXT Master Pole - Canna da Inglese";134-40-140;Home;0.000000;44.9;0;1
3405;https://www.mgfishing.eu/8309/trabucco-esp-energhia-xrt-evoluzione-canna-fissa.jpg;"Trabucco ESP Energhia XRT Evoluzione - Canna Fissa";134-36-160;"Canne Fisse";0.000000;177.9;119;0
3404;https://www.mgfishing.eu/8307/astore-st-pole-canna-fisse.jpg;"Trabucco Astore ST-Pole - Canna Fisse";134-30-160;"Canne Fisse";0.000000;83.9;169;0
3403;https://www.mgfishing.eu/8306/trabucco-selenia-tlx-slim-pole-canna-fisse.jpg;"Trabucco Selenia TLX Slim Pole - Canna Fisse";134-29-060;Home;0.000000;77.9;87;0
3402;https://www.mgfishing.eu/8305/trabucco-ultra-ntx-carp-margin-power-canna-roubasienne.jpg;"Trabucco Ultra NTX Carp Margin Power - Canna Roubasienne";131-92-500;"Canne Da Carpfishing";0.000000;366.9;131;0
3401;https://www.mgfishing.eu/8303/trabucco-supreme-ntx-match-carp-canna-da-roubasienne.jpg;"Trabucco Supreme NTX Match Carp - Canna da roubasienne";131-92-400;"Canne Da Carpfishing";0.000000;333.9;35;0
3400;https://www.mgfishing.eu/8302/trabucco-supreme-stx-match-carp-canna-da-match-carp.jpg;"Trabucco Supreme STX Match Carp - Canna Fissa da Match Carp";131-92-300;"Canne Da Carpfishing";0.000000;210.9;89;0
3399;https://www.mgfishing.eu/8300/trabucco-dream-team-edge-carp-top-2-manico-da-pesca-carpa.jpg;"Trabucco Dream Team Edge Carp Top 2 - Manico Da Pesca Carpa";131-86-001;Guadini;0.000000;44.9;47;0
3397;https://www.mgfishing.eu/8299/rapture-fancy-native-s632-ultra-light-canna-da-spinning.jpg;"Rapture Fancy Native S632 Ultra Light - Canna da Spinning";126-82-100;"Canne Da Spinning";0.000000;0;36;0
3396;https://www.mgfishing.eu/8296/iride-native-game-irs602-ul-canna-da-spinning.jpg;"Iride Native Game IRS602 UL - Canna da Spinning";126-81-600;"Canne Da Spinning";0.000000;0;110;0
3395;https://www.mgfishing.eu/8295/native-game-fathos-stream-s642-ultra-light-canna-da-spinning.jpg;"Rapture Native Game Fathos Stream S642 Ultra Light - Canna da Spinning";126-80-510;"Canne Da Spinning";0.000000;0;161;0
3394;https://www.mgfishing.eu/8292/rapture-sx-native-sxn622-l-canna-da-spinning-per-acqua-dolce.jpg;"Rapture SX Native SXN622-L - Canna da Spinning per Acqua Dolce";126-80-100;"Canne Da Spinning";0.000000;0;47;0
3393;https://www.mgfishing.eu/8291/rapture-avior-spin-and-softbait-finesse-canna-da-spinning.jpg;"Rapture Avior Spin and Softbait Finesse - Canna da Spinning";126-71-200;"Canne Da Spinning";0.000000;0;203;0
3392;https://www.mgfishing.eu/8290/rapture-avior-micro-lure-canna-da-spinning.jpg;"Rapture Avior Micro Lure - Canna da Spinning";126-71-010;"Canne Da Spinning";0.000000;0;169;0
3391;https://www.mgfishing.eu/8289/rapture-stx-micro-lure-jig-3-12gr-canna-da-spinning.jpg;"Rapture STX Micro Lure & Jig 3-12gr - Canna da Spinning";126-70-010;"Canne Da Spinning";0.000000;0;357;0
3390;https://www.mgfishing.eu/8288/rapture-razor-fast-finesse-canna-da-spinning.jpg;"Rapture Razor Fast Finesse - Canna da Spinning";126-69-010;"Canne Da Spinning";0.000000;0;400;0
3389;https://www.mgfishing.eu/8287/rapture-vindicta-ii-canna-da-spinning.jpg;"Rapture Vindicta II - Canna da Spinning";126-59-400;"Canne Da Spinning";0.000000;0;233;0
3388;https://www.mgfishing.eu/8286/blunaut-bns-605-ml-canna-da-spinning.jpg;"Rapture Blunaut BNS 605 ML - Canna da Spinning";126-58-100;"Canne Da Spinning";0.000000;0;33;0
3387;https://www.mgfishing.eu/8285/rapture-stealth-t-travel-spin-canna-da-spinning.jpg;"Rapture Stealth T-Travel Spin - Canna da Spinning";126-56-310;Home;0.000000;0;252;0
3386;https://www.mgfishing.eu/8284/rapture-edge-master-solid-canna-da-spinning.jpg;"Rapture Edge Master Solid - Canna da Spinning";126-53-100;"Canne Da Spinning";0.000000;0;46;0
3385;https://www.mgfishing.eu/8277/rapture-furon-s722l-canna-da-spinning.jpg;"Rapture Furon S722L - Canna da Spinning";126-52-610;"Canne Da Spinning";0.000000;0;7;0
3384;https://www.mgfishing.eu/8276/trabucco-astore-tx-pole-canna-telescopica-fissa.jpg;"Trabucco Astore TX Pole - Canna Telescopica Fissa";134-21-900;"Canne Fisse";218.770492;266.9;16;0
3383;https://www.mgfishing.eu//colmic-calibra-canna-da-bolentino.jpg;"Colmic Calibra - Canna da Bolentino";CACA02B;Home;0.000000;139;0;1
3382;https://www.mgfishing.eu/7663/colmic-valiant-canna-da-bolentino.jpg;"Colmic Valiant - Canna da Bolentino";CAVA23A;"Canne Da Bolentino";0.000000;190;207;0
3381;https://www.mgfishing.eu/7658/colmic-seal-lt-2-pro-canna-da-spinning-e-casting.jpg;"Colmic Seal LT-2 Pro - Canna da Spinning e Casting";"CDSEA13 - SPINNING";Home;0.000000;0;0;1
3380;https://www.mgfishing.eu/7656/colmic-salt-fire-pro-canna-da-spinning-e-bolentino.jpg;"Colmic Salt Fire Pro - Canna da Spinning e Bolentino";CASA83A;Home;0.000000;72;0;1
3379;https://www.mgfishing.eu/8269/colmic-joker-squid-canna-da-calamaro.jpg;"Colmic Joker Squid - Canna da Calamaro";CAJO03A;"Canne Da Traina";0.000000;27;451;0
3378;https://www.mgfishing.eu/8264/colmic-joker-seppia-canna-da-pesca-a-scarroccio.jpg;"Colmic Joker Seppia - Canna da Pesca a Scarroccio";CAJO04A;"Canne Da Traina";0.000000;26;259;0
3377;https://www.mgfishing.eu/8256/colmic-joker-bolentino-canna-da-bolentino.jpg;"Colmic Joker Bolentino - Canna da Bolentino";CAJO02A;"Canne Da Bolentino";0.000000;27;308;0
3376;https://www.mgfishing.eu/8255/colmic-joker-boat-canna-da-bolentino.jpg;"Colmic Joker Boat - Canna da Bolentino";CAJO01A;"Canne Da Bolentino";0.000000;32;217;0
3375;https://www.mgfishing.eu/8232/colmic-intrepida-canna-da-barca-per-bolentino.jpg;"Colmic Intrepida - Canna da Barca per Bolentino";CAIN11A;"Canne Da Bolentino";0.000000;92;198;0
3374;https://www.mgfishing.eu/8228/colmic-fondale-canna-da-bolentino.jpg;"Colmic Fondale - Canna da Bolentino";CAFO55A;"Canne Da Bolentino";0.000000;180;65;0
3373;https://www.mgfishing.eu//colmic-deep-queen-canna-da-bolentino-profondo.jpg;"Colmic Deep Queen - Canna da Bolentino Profondo";CADEE02A;Home;0.000000;114;0;1
3372;https://www.mgfishing.eu/8225/colmic-ausonia-canna-drifting-e-bolentino.jpg;"Colmic Ausonia - Canna Drifting e Bolentino";CAAU02A;"Canne Da Bolentino";0.000000;147;92;0
3371;https://www.mgfishing.eu/8221/colmic-araton-xxt-canna-da-barca-bolentino.jpg;"Colmic Araton XXT - Canna da Barca Bolentino";CAAR06A;"Canne Da Bolentino";0.000000;130;255;0
3370;https://www.mgfishing.eu//colmic-araton-orata-canna-da-bolentino.jpg;"Colmic Araton Orata - Canna da Bolentino";CAAR09A;Home;0.000000;105;0;1
3369;https://www.mgfishing.eu/8219/colmic-araton-dx-canna-da-bolentino.jpg;"Colmic Araton DX - Canna da Bolentino";CAAR09A;"Canne Da Bolentino";0.000000;92;2;0
3368;https://www.mgfishing.eu/7654/colmic-velox-speciale-alborella-canna-da-pesca.jpg;"Colmic Velox Speciale Alborella - Canna da Pesca";CAVE91A;"Canne Bolognese";0.000000;34;660;0
3367;https://www.mgfishing.eu/8215/colmic-emperor-superior-canna-da-alborella.jpg;"Colmic Emperor Superior - Canna da Alborella";CAEM52A;"Canne Da Trota";0.000000;54;108;0
3366;https://www.mgfishing.eu/8208/colmic-leopard-f1-canna-da-bolentino-medio-leggero.jpg;"Colmic Leopard F1 - Canna da Bolentino Medio-leggero";CALEO01A;"Canne Da Bolentino";61.475410;75;56;0
3365;https://www.mgfishing.eu/8205/colmic-fiberglass-boat-tip-vetta-di-ricambio-per-canna-da-bolentino.jpg;"Colmic Fiberglass Boat Tip - Vetta di Ricambio per Canna da Bolentino";VET100;"Canne Da Bolentino";19.672131;24;62;0
3364;https://www.mgfishing.eu//colmic-adriatica-canna-da-bolentino.jpg;"Colmic Adriatica - Canna da Bolentino";CAAD01C;Home;0.000000;0;0;1
3363;https://www.mgfishing.eu/8199/colmic-deeper-fight-canna-da-bolentino.jpg;"Colmic Deeper Fight - Canna da Bolentino";CADEE01A;"Canne Da Bolentino";81.967213;100;37;0
3362;https://www.mgfishing.eu/8194/colmic-carter-canna-da-barca-bolentino.jpg;"Colmic Carter - Canna da Barca Bolentino";CACAR01A;"Canne Da Bolentino";77.868852;95;94;0
3361;https://www.mgfishing.eu/8192/rapture-black-cross-s782m-canna-da-spinning.jpg;"Rapture Black Cross S782M - Canna da Spinning";126-52-510;"Canne Da Spinning";0.000000;0;185;0
3360;https://www.mgfishing.eu/8191/rapture-firelord-canna-da-spinning.jpg;"Rapture Firelord - Canna da Spinning";126-52-100;"Canne Da Spinning";0.000000;0;76;0
3359;https://www.mgfishing.eu/8190/rapture-acrux-76-ml-canna-da-spinning.jpg;"Rapture Acrux 7,6 ML - Canna da Spinning";126-51-100;"Canne Da Spinning";0.000000;0;209;0
3358;https://www.mgfishing.eu/8189/rapture-aerial-btx-area-bottom-canna-da-pesca-a-fondo.jpg;"Rapture Aerial BTX Area Bottom - Canna da Pesca a Fondo";126-50-900;"Canne Da Trota";0.000000;0;24;0
3357;https://www.mgfishing.eu/7619/rapture-aerial-aes602-ul-canna-da-spinning.jpg;"Rapture Aerial AES602 UL - Canna da Spinning";126-50-100;"Canne Da Spinning";0.000000;0;68;0
3356;https://www.mgfishing.eu/8187/rapture-ryzer-xs-area-canna-da-trota.jpg;"Rapture Ryzer XS Area - Canna da Trota";126-49-810;"Canne Da Trota";0.000000;0;113;0
3355;https://www.mgfishing.eu/8185/rapture-guardian-area-trout-canna-per-trota-lago.jpg;"Rapture Guardian Area Trout - Canna per Trota Lago";126-49-610;"Canne Da Trota";0.000000;0;154;0
3354;https://www.mgfishing.eu/8183/rapture-prism-area-ls-canna-da-trota-area.jpg;"Rapture Prism Area LS - Canna da Trota Area";126-49-010;"Canne Da Trota";0.000000;0;45;0
3353;https://www.mgfishing.eu/7604/rapture-diavel-area-edition-canna-trout-area.jpg;"Rapture Diavel Area Edition - Canna Trout Area";126-48-410;"Canne Da Trota";0.000000;0;29;0
3352;https://www.mgfishing.eu/7596/rapture-ecstasy-xts-562-ultra-light-canna-da-spinning.jpg;"Rapture Ecstasy XTS 562 Ultra Light - Canna da Spinning";126-48-100;"Canne Da Spinning";0.000000;0;42;0
3351;https://www.mgfishing.eu/7591/rapture-black-feather-bfs-562-ul-canna-da-spinning.jpg;"Rapture Black Feather BFS 562 UL - Canna da Spinning";126-47-100;Home;0.000000;0;0;1
3350;https://www.mgfishing.eu/8181/rapture-iride-irs602-ul-canna-da-spinning.jpg;"Rapture Iride IRS602 UL - Canna da Spinning";126-45-100;"Canne Da Spinning";0.000000;0;125;0
3349;https://www.mgfishing.eu/8178/rapture-envy-canna-da-street-fishing-e-ultralight.jpg;"Rapture Envy - Canna da Street Fishing e Ultralight";126-43-100;"Canne Da Spinning";0.000000;0;72;0
3348;https://www.mgfishing.eu/7580/hellfire-fast-sensor-canna-da-spinning.jpg;"Hellfire Fast Sensor - Canna da Spinning";126-38-800;Home;0.000000;0;0;1
3347;https://www.mgfishing.eu/7574/stormrider-bluegame-canna-da-spinning.jpg;"Stormrider Bluegame - Canna da Spinning";126-37-920;Home;0.000000;0;0;1
3346;https://www.mgfishing.eu/7565/rapture-pixma-technical-caster-canna-da-spinning.jpg;"Rapture Pixma Technical Caster - Canna da Spinning";126-37-830;Home;0.000000;0;0;1
3345;https://www.mgfishing.eu/7564/flit-master-flm702-m-canna-da-spinning.jpg;"Flit Master FLM702-M - Canna da Spinning";126-35-300;Home;0.000000;0;0;1
3344;https://www.mgfishing.eu//rapture-rip-tide-eg812-m-canna-per-eging.jpg;"Rapture Rip Tide EG812 M - Canna per Eging";126-30-300;Home;0.000000;0;0;1
3343;https://www.mgfishing.eu/7555/rapture-spectra-trout-area-sts602-ultra-light-canna-da-spinning.jpg;"Rapture Spectra Trout Area STS602 Ultra Light - Canna da Spinning";126-24-970;Home;0.000000;0;0;1
3342;https://www.mgfishing.eu/7538/trabucco-xlake-pro-area-xls682-canna-da-spinning.jpg;"Trabucco XLake Pro Area XLS682 - Canna da Spinning";126-24-960;Home;0.000000;0;0;1
3341;https://www.mgfishing.eu//rapture-deep-fall-slow-pitch-casting-canna-da-spinning.jpg;"Rapture Deep Fall Slow Pitch Casting - Canna da Spinning";126-19-800;Home;0.000000;0;0;1
3340;https://www.mgfishing.eu/7533/deep-fall-deep-fall-slow-pitch-df-s602-canna-da-spinning.jpg;"Deep Fall Deep Fall Slow Pitch DF-S602 - Canna da Spinning";126-19-100;Home;0.000000;0;0;1
3339;https://www.mgfishing.eu/7532/sea-guide-seadust-63-mt-80-250-g-canna-da-vertical-jigging.jpg;"Sea Guide Seadust 6,3 mt 80-250 g - Canna da Vertical Jigging";126-18-110;Home;0.000000;0;0;1
3338;https://www.mgfishing.eu//rapture-ignition-surface-jerker-canna-da-spinning.jpg;"Rapture Ignition Surface Jerker - Canna da Spinning";126-17-400;Home;0.000000;0;0;1
3337;https://www.mgfishing.eu/7529/rapture-bay-seeker-travel-bss-703-medium-canna-da-spinning.jpg;"Rapture Bay Seeker Travel BSS-703 Medium - Canna da Spinning";126-15-100;Home;0.000000;0;0;1
3336;https://www.mgfishing.eu/7528/evader-evader-704ml-213-mt-canna-da-spinning.jpg;"Evader EVADER-704ML 2,13 mt - Canna da Spinning";126-13-010;Home;0.000000;0;0;1
3335;https://www.mgfishing.eu/7525/wildway-trv-805-canna-da-spinning.jpg;"Wildway TRV 805 - Canna da Spinning";126-12-210;Home;0.000000;0;0;1
3334;https://www.mgfishing.eu/7515/rapture-jigforce-shore-jig-canna-da-spinning.jpg;"Rapture JigForce Shore Jig - Canna da Spinning";125-91-600;Home;0.000000;0;0;1
3333;https://www.mgfishing.eu//rapture-brigade-salty-shore-canna-da-spinning.jpg;"Rapture Brigade Salty Shore - Canna da Spinning";125-89-200;Home;0.000000;0;0;1
3332;https://www.mgfishing.eu/7514/pulse-spin-master-canna-da-spinning.jpg;"Pulse Spin Master - Canna da Spinning";125-40-030;Home;0.000000;0;0;1
3331;https://www.mgfishing.eu/8174/trabucco-vixia-slim-allround-tele-canna-bolognese.jpg;"Trabucco Vixia Slim Allround Tele - Canna Bolognese";124-84-510;"Canne Bolognese";0.000000;51.9;135;0
3330;https://www.mgfishing.eu/7507/trabucco-switch-lake-trout-float-power-canna-trota-lago.jpg;"Trabucco Switch Lake Trout Float Power - Canna Trota Lago";124-44-250;Home;0.000000;133.9;0;1
3329;https://www.mgfishing.eu//trabucco-platinum-match-lake-trout-canna-trota-lago.jpg;"Trabucco Platinum Match Lake Trout - Canna Trota Lago";124-40-040;Home;0.000000;127.9;0;1
3328;https://www.mgfishing.eu/7500/trabucco-hydrus-rtx-lake-trout-canna-trota-lago.jpg;"Trabucco Hydrus RTX Lake Trout - Canna Trota Lago";124-37-010;Home;0.000000;0;0;1
3327;https://www.mgfishing.eu/7499/hydrus-hydrus-xts-lake-bomb-canna-trota-lago.jpg;"Hydrus Hydrus XTS Lake Bomb - Canna Trota Lago";124-36-210;Home;0.000000;51.9;0;1
3326;https://www.mgfishing.eu/7498/flare-flare-telematch-allround-canna-telematch.jpg;"Flare Flare Telematch Allround - Canna Telematch";124-36-110;Home;0.000000;65.9;0;1
3325;https://www.mgfishing.eu/7497/esp-loomis-franklin-sft-predator-fw-im12-canna-da-pesca-a-mosca.jpg;"ESP Loomis & Franklin SFT PREDATOR FW IM12 - Canna da Pesca a Mosca";121-74-279;Home;0.000000;0;0;1
3324;https://www.mgfishing.eu//.jpg;;121-71-060;Home;0.000000;0;;0
3323;https://www.mgfishing.eu/7496/trabucco-rpt-stealth-canna-da-spinning.jpg;"Trabucco RPT Stealth - Canna da Spinning";121-58-010;Home;0.000000;0;0;1
3322;https://www.mgfishing.eu/7479/trabucco-valkall-xs-spin-canna-da-spinning.jpg;"Trabucco Valkall XS Spin - Canna da Spinning";121-56-130;Home;0.000000;0;0;1
3321;https://www.mgfishing.eu/7478/trabucco-ultra-blx-allround-mulinello-da-spinning.jpg;"Trabucco Ultra BLX Allround - Mulinello da Spinning";121-25-250;Home;0.000000;166.9;0;1
3320;https://www.mgfishing.eu/7477/trabucco-ultra-blx-master-canna-da-bolognese.jpg;"Trabucco Ultra BLX Master - Canna da Bolognese";121-25-170;Home;0.000000;310.9;0;1
3319;https://www.mgfishing.eu/7476/trabucco-ikonic-ltx-bolognese-canna-bolognese.jpg;"Trabucco Ikonic LTX Bolognese - Canna Bolognese";120-57-160;Home;0.000000;116.9;0;1
3318;https://www.mgfishing.eu/7471/trabucco-vixia-master-bolognese-canna-bolognese.jpg;"Trabucco VIXIA Master Bolognese - Canna Bolognese";120-56-060;Home;0.000000;88.9;0;1
3317;https://www.mgfishing.eu/7469/trabucco-selenia-blx-force-bolognese-canna-bolognese.jpg;"Trabucco Selenia BLX Force Bolognese - Canna Bolognese";120-53-150;Home;0.000000;105.9;0;1
3316;https://www.mgfishing.eu/7464/bluewater-game-uptide-big-current-902-mhs-canna-surfcasting.jpg;"BlueWater Game Uptide Big Current 902 MHS - Canna Surfcasting";125-90-100;Home;0.000000;0;0;1
3315;https://www.mgfishing.eu//trabucco-antrax-bls-stream-canna-trota-torrente.jpg;"Trabucco Antrax BLS Stream - Canna Trota Torrente";124-80-450;Home;45.000000;54.9;0;1
3314;https://www.mgfishing.eu/7461/trabucco-supreme-bls-prolite-canna-bolognese.jpg;"Trabucco Supreme BLS Prolite - Canna Bolognese";121-22-060;Home;141.721311;172.9;0;1
3313;https://www.mgfishing.eu//colmic-activa-power-bolognese-canna-da-bolognese.jpg;"Colmic Activa Power Bolognese - Canna da Bolognese";120-51-060;Home;63.852459;77.9;0;1
3312;https://www.mgfishing.eu/7419/trabucco-hydrus-nxt-bolo-energy-canna-bolognese.jpg;"Trabucco Hydrus NXT Bolo Energy - Canna Bolognese";120-48-140;Home;0.000000;51.9;0;1
3311;https://www.mgfishing.eu/7413/hydrus-nxt-bolognese-canna-bolognese.jpg;"Hydrus NXT Bolognese - Canna Bolognese";120-47-140;Home;0.000000;51.9;0;1
3310;https://www.mgfishing.eu/7647/titan-titan-xr5-accessori-per-paniere.jpg;"Trabucco Titan XR5 - Accessorio per Paniere";116-71-080;"Panchetti, sedie e cassettoni";0.000000;49.9;70;0
3309;https://www.mgfishing.eu/7406/trabucco-genius-box-module-accessorio-per-organizzazione-pesca.jpg;"Trabucco Genius Box Module - Accessorio per organizzazione Panchetto";116-71-010;"Panchetti, sedie e cassettoni";0.000000;34.9;130;0
3308;https://www.mgfishing.eu/7404/gnt-x-connect-feeder-match-rod-rest-supporto-portacanna.jpg;"Trabucco GNT X-Connect Feeder & Match Rod Rest - Supporto Portacanna";116-26-210;"Panchetti, sedie e cassettoni";0.000000;30.9;173;0
3307;https://www.mgfishing.eu/7402/gnt-x-connect-round-bowl-secchio-per-pasturazione.jpg;"Trabucco GNT X-Connect Round Bowl - Secchio per Pasturazione";116-26-190;"Panchetti, sedie e cassettoni";0.000000;24.9;222;0
3306;https://www.mgfishing.eu/7398/gnt-x-connect-pedana-laterale-con-copertura.jpg;"Trabucco GNT X-Connect - Pedana Laterale con Copertura";116-26-130;"Panchetti, sedie e cassettoni";0.000000;88.9;214;0
3305;https://www.mgfishing.eu/7396/gnt-x-connect-piatto-laterale-per-panieri-da-pesca.jpg;"Trabucco GNT X Connect - Piatto Laterale per Panieri da Pesca";116-26-110;"Panchetti, sedie e cassettoni";0.000000;53.9;330;0
3304;https://www.mgfishing.eu/7394/gnt-x-connect-front-bar-con-eva-barre-frontali.jpg;"Trabucco GNT X Connect Front Bar con EVA - Barre Frontali";116-26-100;"Panchetti, sedie e cassettoni";0.000000;65.9;198;0
3303;https://www.mgfishing.eu/7390/gnt-supporto-ombrellone-x-connect-storm-umbrella-arm-accessorio-da-pesca.jpg;"Trabucco GNT Supporto Ombrellone X-Connect Storm Umbrella Arm - Accessorio da Pesca";116-26-080;"Panchetti, sedie e cassettoni";0.000000;30.9;81;0
3302;https://www.mgfishing.eu/7386/gnt-gnt-x-connect-ripple-cross-arm-long-accessorio-per-panieri.jpg;"Trabucco GNT X Connect Ripple Cross Arm Long - Accessorio per Panieri";116-26-020;"Panchetti, sedie e cassettoni";0.000000;21.9;224;0
3301;https://www.mgfishing.eu/7384/gnt-gnt-pro-x-tough-spray-bar-asta-spruzzatore.jpg;"Trabucco GNT Pro X-Tough Spray Bar";116-25-340;"Panchetti, sedie e cassettoni";0.000000;83.9;37;0
3300;https://www.mgfishing.eu/7646/gnt-supporti-bracci-uni-connection-per-panieri-e-ombrelloni.jpg;"Trabucco GNT Supporti - Bracci Uni-Connection per Panieri e Ombrelloni";116-25-250;"Panchetti, sedie e cassettoni";0.000000;38.9;53;0
3299;https://www.mgfishing.eu/7645/gnt-gnt-x36-front-wind-bar-barre-frontali-da-pesca.jpg;"Trabucco GNT-X36 Front Wind Bar - Barre Frontali da Pesca";116-25-190;"Panchetti, sedie e cassettoni";0.000000;38.9;111;0
3298;https://www.mgfishing.eu/7644/gnt-gnt-x36-piatto-laterale-per-panieri.jpg;"Trabucco GNT-X36 - Piatto Laterale per Panieri";116-25-100;"Panchetti, sedie e cassettoni";0.000000;51.9;275;0
3297;https://www.mgfishing.eu/7383/trabucco-titan-xr5-footplate-accessorio-per-panieri.jpg;"Trabucco Titan XR5 Footplate - Accessorio per Panieri";116-13-100;"Panchetti, sedie e cassettoni";81.885246;99.9;14;0
3296;https://www.mgfishing.eu/7382/gnt-gnt-station-gambe-telescopiche-36-mm.jpg;"Trabucco GNT Station - Gambe Telescopiche 36 mm";116-12-010;"Panchetti, sedie e cassettoni";0.000000;29.9;46;0
3295;https://www.mgfishing.eu/7381/gnt-station-braccio-ombrellone-quick-release-accessorio-pesca.jpg;"Trabucco GNT Station Braccio Ombrellone Quick Release - Accessorio Pesca";116-11-120;"Panchetti, sedie e cassettoni";0.000000;32.9;0;1
3294;https://www.mgfishing.eu/7379/gnt-station-tilt-spray-bar-accessorio-da-pesca.jpg;"GNT Station Tilt Spray Bar - Accessorio da Pesca";116-11-060;Home;0.000000;71.9;0;1
3293;https://www.mgfishing.eu/7375/rapture-linkbox-tackle-system-valigetta-porta-attrezzatura.jpg;"Rapture LinkBox Tackle System - Valigetta porta attrezzatura";113-20-520;Home;0.000000;139.9;154;0
3292;https://www.mgfishing.eu/7373/esp-gnt-net-head-dual-rubba-testa-di-guadino.jpg;"ESP GNT Net Head Dual Rubba - Testa di Guadino";083-70-230;Home;0.000000;20.9;0;1
3291;https://www.mgfishing.eu/7368/gnt-net-head-speed-rubba-testa-guadino-in-gomma.jpg;"GNT Net Head Speed Rubba - Testa Guadino in Gomma";083-70-130;Home;0.000000;20.9;0;1
3290;https://www.mgfishing.eu//gnt-black-edition-head-match-fluo-teste-per-rete-da-pesca.jpg;"GNT Black Edition Head Match Fluo - Teste per Rete da Pesca";083-67-620;Home;0.000000;0;0;1
3289;https://www.mgfishing.eu//gnt-mega-net-pro-nassa-da-pesca.jpg;"GNT Mega Net Pro - Nassa da Pesca";082-60-300;Home;0.000000;0;0;1
3288;https://www.mgfishing.eu/7364/xds-nassa-pro-keepnet-rete-per-pesca.jpg;"XDS Nassa Pro Keepnet - Rete per Pesca";082-07-300;Home;0.000000;53.9;0;1
3287;https://www.mgfishing.eu/7643/trabucco-spectrum-fast-lite-net-manico-da-gara.jpg;"Trabucco Spectrum Fast Lite Net - Manico da Gara";081-08-460;"Guadini, Teste e Nasse";0.000000;94.9;65;0
3286;https://www.mgfishing.eu/7363/hydrus-nxt-landing-net-guadino-da-pesca.jpg;"Hydrus NXT Landing Net - Guadino da Pesca";081-01-610;Home;0.000000;59.9;0;1
3285;https://www.mgfishing.eu/7362/trabucco-genius-box-feeder-pro-station-poltroncina-da-pesca.jpg;"Trabucco Genius Box Feeder Pro Station - Poltroncina da Pesca";116-70-510;Home;0.000000;0;0;1
3284;https://www.mgfishing.eu/7361/gnt-x-connect-bracci-per-feeder-accessorio-per-panieri.jpg;"Trabucco GNT X Connect Bracci per Feeder - Accessorio per Panieri";116-26-250;"Panchetti, sedie e cassettoni";27.786885;33.9;150;0
3283;https://www.mgfishing.eu/7360/gnt-x-connect-bracci-per-panieri-feeder-accessori-per-panieri.jpg;"Trabucco GNT X Connect Bracci per Panieri Feeder - Accessori per Panieri";116-26-240;"Panchetti, sedie e cassettoni";25.327869;30.9;88;0
3282;https://www.mgfishing.eu/7359/gnt-x-connect-bracci-per-panieri-feeder-accessori-per-feeder.jpg;"Trabucco GNT X Connect Bracci per Panieri Feeder - Accessori per Feeder";116-26-230;"Panchetti, sedie e cassettoni";19.590164;23.9;54;0
3281;https://www.mgfishing.eu/7357/gnt-x-connect-pro-braccio-per-panieri-da-feeder.jpg;"Trabucco GNT X CONNECT Pro Braccio per Panieri da Feeder";116-26-220;"Panchetti, sedie e cassettoni";35.163934;42.9;167;0
3280;https://www.mgfishing.eu/7356/gnt-x-connect-shield-tray-accessorio-per-panieri.jpg;"Trabucco GNT X-Connect Shield Tray - Accessorio per Panieri";116-26-160;"Panchetti, sedie e cassettoni";86.803279;105.9;99;0
3279;https://www.mgfishing.eu/7641/gnt-x-connect-slim-side-tray-xl-vassoio-laterale-sottile.jpg;"Trabucco GNT X-Connect Slim Side Tray XL - Vassoio Laterale Sottile";116-26-150;"Panchetti, sedie e cassettoni";58.934426;71.9;127;0
3278;https://www.mgfishing.eu/7640/gnt-gnt-x36-slim-side-tray-xl-piatto-porta-accessori.jpg;"Trabucco GNT-X36 Slim Side Tray XL - Piatto Porta Accessori";116-25-230;"Panchetti, sedie e cassettoni";68.770492;83.9;42;0
3277;https://www.mgfishing.eu/7639/gnt-supporto-ombrellone-storm-umbrella-arm-accessorio-per-panieri.jpg;"Trabucco GNT Supporto Ombrellone Storm Umbrella Arm - Accessorio per Panieri";116-25-080;"Panchetti, sedie e cassettoni";18.770492;22.9;201;0
3276;https://www.mgfishing.eu/7638/gardner-modulo-gnt-x-black-40h-unita-rotore-doppio-per-panieri.jpg;"Trabucco Modulo GNT-X Black 40H - Unità Rotore Doppio per Panieri";116-22-050;"Panchetti, sedie e cassettoni";49.098361;59.9;70;0
3275;https://www.mgfishing.eu/7637/gnt-module-gnt-x-black-coperchio-impermeabile-per-panieri.jpg;"Trabucco GNT Module GNT-X Black - Coperchio Impermeabile per Panieri";116-22-040;"Panchetti, sedie e cassettoni";36.803279;44.9;56;0
3274;https://www.mgfishing.eu/7636/gnt-x-module-black-accessorio-per-panieri-side-drawer.jpg;"Trabucco GNT X Module Black - Accessorio per Panieri Side Drawer";116-22-020;"Panchetti, sedie e cassettoni";68.770492;83.9;124;0
3273;https://www.mgfishing.eu/7354/trabucco-titan-xr5-back-rest-seduta-per-pesca.jpg;"Trabucco Titan XR5 Back Rest - Panchetto da pesca";116-13-120;"Panchetti, sedie e cassettoni";147.459016;179.9;41;0
3272;https://www.mgfishing.eu/7352/titan-xr5-36-litri-ultra-light-panier-da-pesca.jpg;"Trabucco Titan XR5 Ultra Light - Paniere da Pesca";116-13-110;"Panchetti, sedie e cassettoni";122.868852;149.9;5;0
3271;https://www.mgfishing.eu/7631/gnt-gnt-station-quick-release-supporti-laterali-per-canne-accessori-da-pesca.jpg;"Trabucco GNT Station Quick Release Supporti Laterali per Canne - Accessori da Pesca";116-11-025;"Panchetti, sedie e cassettoni";19.590164;23.9;13;0
3270;https://www.mgfishing.eu/7349/gnt-station-match-h-36-paniere-match-e-feeder.jpg;"GNT Station Match H-36 - Paniere Match e Feeder";116-10-560;Home;0.000000;0;0;1
3269;https://www.mgfishing.eu/7346/gnt-station-match-paniere-da-pesca.jpg;"GNT Station Match - Paniere da Pesca";116-10-550;Home;0.000000;0;0;1
3268;https://www.mgfishing.eu/7630/genius-modulo-cuscino-con-cassetto-laterale-tx-accessorio-per-panieri.jpg;"Trabucco Genius Modulo Cuscino con Cassetto Laterale TX - Accessorio per Panieri";116-05-058;"Panchetti, sedie e cassettoni";72.868852;88.9;30;0
3267;https://www.mgfishing.eu/7632/genius-set-divisorio-modulo-vano-accessorio-per-panieri.jpg;"Trabucco Genius Set Divisorio Modulo Vano - Accessorio per Panieri";116-05-045;"Panchetti, sedie e cassettoni";21.229508;25.9;68;0
3266;https://www.mgfishing.eu/7633/genius-modulo-1-con-cassetto-laterale-e-vano-accessori-per-panieri.jpg;"Trabucco Genius Modulo 1 con Cassetto Laterale e Vano - Accessori per Panieri";116-05-010;"Panchetti, sedie e cassettoni";72.868852;88.9;16;0
3265;https://www.mgfishing.eu/7340/rapture-areabox-tackle-system-scatola-porta-attrezzi-da-pesca.jpg;"Rapture AreaBox Tackle System - Scatola porta attrezzi da pesca";113-20-700;Home;0.000000;0;0;1
3264;https://www.mgfishing.eu/7339/k-karp-xtr-rete-di-ricambio-per-guadino-carpfishing-accessorio-carp.jpg;"K-KARP XTR Rete di Ricambio per Guadino Carpfishing - Accessorio Carp";084-40-850;Home;0.000000;0;0;1
3263;https://www.mgfishing.eu/7336/k-karp-gladio-guadino-con-sacca-di-pesatura.jpg;"K-KARP Gladio - Guadino con Sacca di Pesatura";084-40-700;Home;0.000000;0;0;1
3262;https://www.mgfishing.eu//trabucco-frangente-x-net-5005-manico-telescopico-da-mare.jpg;"Trabucco Frangente X-Net 5005 - Manico Telescopico da Mare";080-78-500;Home;0.000000;0;0;1
3261;https://www.mgfishing.eu/7335/gnt-xtr-pro-dry-teck-jersey-maglia-tecnica-per-pesca.jpg;"Trabucco GNT XTR-PRO Dry-Teck Jersey - Maglia Tecnica per Pesca";049-52-100;"Abbigliamento Da Pesca";0.000000;20.9;246;0
3260;https://www.mgfishing.eu/7334/trabucco-xtr-pro-felpa-con-zip-frontale-abbigliamento-pesca.jpg;"Trabucco XTR-PRO Felpa con Zip Frontale - Abbigliamento Pesca";049-51-100;Home;0.000000;53.9;0;1
3259;https://www.mgfishing.eu/7333/trabucco-felpa-xtr-pro-con-cappuccio-abbigliamento-per-pesca.jpg;"Trabucco Felpa XTR-PRO con Cappuccio - Abbigliamento per Pesca";049-50-100;"Abbigliamento Da Pesca";0.000000;53.9;242;0
3258;https://www.mgfishing.eu/7635/gnt-teck-t-shirt-da-pesca-in-cotone.jpg;"Trabucco GNT TECK - T-Shirt da Pesca in Cotone";049-46-100;"Abbigliamento Da Pesca";0.000000;15.9;1401;0
3257;https://www.mgfishing.eu/7332/gnt-pro-dry-tek-jersey-maglia-tecnica-da-pesca.jpg;"Trabucco GNT PRO Dry-Tek Jersey - Maglia Tecnica da Pesca";049-45-100;"Abbigliamento Da Pesca";0.000000;20.9;525;0
3256;https://www.mgfishing.eu/7634/gnt-pro-teck-polo-shirt-abbigliamento-da-pesca.jpg;"Trabucco GNT-PRO Teck Polo Shirt - Abbigliamento da Pesca";049-44-100;"Abbigliamento Da Pesca";0.000000;20.9;16;0
3255;https://www.mgfishing.eu/7331/trabucco-gnt-tecnik-sweater-felpa-tecnica-da-pesca.jpg;"Trabucco GNT TECNIK Sweater - Felpa Tecnica da Pesca";049-43-100;"Abbigliamento Da Pesca";0.000000;49.9;61;0
3254;https://www.mgfishing.eu/7330/gnt-tecnik-thermo-fleece-felpa-termica-da-pesca.jpg;"Trabucco GNT Tecnik Thermo Fleece - Felpa Termica da Pesca";049-41-100;"Abbigliamento Da Pesca";0.000000;57.9;177;0
3253;https://www.mgfishing.eu/7329/trabucco-gnt-tecnik-softshell-jacket-giacca-da-pesca-tecnica.jpg;"Trabucco GNT Tecnik Softshell Jacket - Giacca da Pesca Tecnica";049-39-100;"Abbigliamento Da Pesca";0.000000;69.9;363;0
3252;https://www.mgfishing.eu/7328/trabucco-gnt-tecnik-bodywarmer-abbigliamento-da-pesca.jpg;"Trabucco GNT TECNIK Bodywarmer - Abbigliamento da Pesca";049-37-100;"Abbigliamento Da Pesca";0.000000;49.9;120;0
3251;https://www.mgfishing.eu/7460/trabucco-gnt-felpa-invernale-calda-in-pile-abbigliamento-da-pesca.jpg;"Trabucco GNT Felpa Invernale Calda in Pile - Abbigliamento da Pesca";049-33-100;"Abbigliamento Da Pesca";0.000000;57.9;126;0
3250;https://www.mgfishing.eu/7459/trabucco-gnt-pro-softshell-vest-gilet-da-pesca.jpg;"Trabucco GNT PRO Softshell - Gilet da Pesca";049-32-100;"Abbigliamento Da Pesca";0.000000;37.9;261;0
3249;https://www.mgfishing.eu/7458/gnt-giacca-softshell-tecnica-per-pesca-abbigliamento.jpg;"Trabucco GNT Giacca Softshell Tecnica per Pesca - Abbigliamento";049-30-100;"Abbigliamento Da Pesca";0.000000;69.9;43;0
3248;https://www.mgfishing.eu/7457/gnt-felpa-girocollo-abbigliamento-da-pesca.jpg;"GNT Felpa Girocollo - Abbigliamento da Pesca";049-26-300;"Abbigliamento Da Pesca";0.000000;28.9;179;0
3247;https://www.mgfishing.eu/7456/gnt-micro-pile-abbigliamento-tecnico-da-pesca.jpg;"Trabucco GNT Micro Pile - Abbigliamento Tecnico da Pesca";049-25-300;"Abbigliamento Da Pesca";0.000000;20.9;462;0
3246;https://www.mgfishing.eu/7327/rapture-guidemaster-pro-gearbox-borsa-porta-artificiali.jpg;"Rapture Guidemaster Pro Gearbox - Borsa Porta Artificiali";048-61-130;"Borse, zaini e foderi";0.000000;0;62;0
3245;https://www.mgfishing.eu/7326/trabucco-competition-pro-bag-borsa-portacanne-e-mulinelli.jpg;"Trabucco Competition Pro Bag - Borsa Portacanne e Mulinelli";048-45-280;"Borse, zaini e foderi";0.000000;42.9;57;0
3244;https://www.mgfishing.eu/7325/trabucco-competition-pro-bag-rod-surf-holdall-borsa-per-canne-surfcasting.jpg;"Trabucco Competition Pro Bag Rod Surf Holdall - Borsa per Canne Surfcasting";048-45-240;"Borse, zaini e foderi";0.000000;29.9;110;0
3243;https://www.mgfishing.eu/7323/xtr-surf-eva-white-borsa-accessori-medio.jpg;"Trabucco XTR Surf EVA White - Borsa Accessori Medio";048-42-490;"Borse, zaini e foderi";0.000000;20.9;169;0
3242;https://www.mgfishing.eu/7321/xtr-xtr-surf-eva-white-accessories-bag-sacca-accessori.jpg;"Trabucco XTR SURF Eva White Accessories Bag - Sacca Accessori";048-42-480;"Borse, zaini e foderi";0.000000;21.9;201;0
3241;https://www.mgfishing.eu/7319/xtr-surf-eva-white-hard-case-large-contenitore-semi-rigido-da-pesca.jpg;"Trabucco XTR Surf EVA White Hard Case Large - Contenitore semi-rigido da pesca";048-42-440;"Borse, zaini e foderi";0.000000;48.9;54;0
3240;https://www.mgfishing.eu/7317/xtr-xtr-surf-sacca-tackle-eva-bianca-large-borsa-da-pesca.jpg;"XTR XTR Surf Sacca Tackle Eva Bianca Large - Borsa da Pesca";048-42-420;Home;0.000000;34.9;0;1
3239;https://www.mgfishing.eu//trabucco-xtr-surf-team-rod-sleeve-fodero-per-canna-surfcasting.jpg;"Trabucco XTR SURF TEAM Rod Sleeve - Fodero per Canna Surfcasting";048-42-200;Home;0.000000;28.9;0;1
3238;https://www.mgfishing.eu/7455/trabucco-xtr-surf-team-rod-e-mulinello-case-xl-fodero-surfcasting.jpg;"Trabucco XTR Surf Team Rod e Mulinello Case XL - Fodero Surfcasting";048-42-030;"Borse, zaini e foderi";0.000000;94.9;101;0
3237;https://www.mgfishing.eu/7454/colmic-scogliera-compact-net-guadino-telescopico.jpg;"Trabucco Scogliera Compact Net - Guadino Telescopico";080-79-450;"Guadini, Teste e Nasse";64.672131;78.9;124;0
3236;https://www.mgfishing.eu/7316/lmf-reel-case-6-compartimenti-borsa-porta-mulinelli.jpg;"Lmf Reel Case 6 Compartimenti - Borsa Porta Mulinelli";048-80-050;Home;0.000000;0;1;0
3235;https://www.mgfishing.eu/7314/lmf-chest-pocket-borsello-per-accessori-da-pesca.jpg;"LMF Chest Pocket - Borsello per Accessori da Pesca";048-80-040;"Borse, zaini e foderi";22.049180;26.9;180;0
3234;https://www.mgfishing.eu/7311/lmf-chest-pack-borsa-da-pesca.jpg;"LMF Chest Pack - Borsa da Pesca";048-80-030;"Borse, zaini e foderi";51.557377;62.9;133;0
3233;https://www.mgfishing.eu/7310/lmf-pro-hip-pack-s-marsupio-da-pesca.jpg;"LmF Pro Hip Pack S - Marsupio da pesca";048-80-020;"Borse, zaini e foderi";35.163934;42.9;92;0
3232;https://www.mgfishing.eu/7308/lmf-double-vest-pack-gilet-da-pesca.jpg;"LMF Double Vest Pack - Borsa Gilet da Pesca";048-80-010;"Borse, zaini e foderi";57.295082;69.9;45;0
3231;https://www.mgfishing.eu/7307/rapture-sft-pro-master-pack-zaino-da-pesca.jpg;"Rapture SFT Pro Master Pack - Zaino da Pesca";048-62-120;"Borse, zaini e foderi";55.655738;67.9;151;0
3230;https://www.mgfishing.eu/7305/rapture-sft-pro-chest-pack-borsa-da-pesca.jpg;"Rapture SFT Pro Chest Pack - Borsa da Pesca";048-62-110;"Borse, zaini e foderi";45.000000;54.9;80;0
3229;https://www.mgfishing.eu/7304/rapture-sft-pro-sling-backpack-zaino-monospalla.jpg;"Rapture SFT Pro Sling Backpack - Zaino Monospalla";048-62-100;"Borse, zaini e foderi";31.885246;38.9;75;0
3228;https://www.mgfishing.eu/7303/rapture-sft-pro-dry-roll-bag-borsa-da-pesca.jpg;"Rapture SFT Pro Dry Roll Bag - Borsa da Pesca";048-62-090;Home;0.000000;0;1;0
3227;https://www.mgfishing.eu/7302/rapture-sft-pro-waist-pack-zaino-monospalla-da-pesca.jpg;"Rapture SFT Pro Waist Pack - Zaino Monospalla da Pesca";048-62-070;"Borse, zaini e foderi";26.967213;32.9;105;0
3226;https://www.mgfishing.eu/7301/rapture-sft-pro-tactical-hip-pack-marsupio-tecnico.jpg;"Rapture SFT Pro Tactical Hip Pack - Marsupio Tecnico";048-62-060;"Borse, zaini e foderi";27.786885;33.9;63;0
3225;https://www.mgfishing.eu/7300/rapture-sft-pro-hip-pack-s-marsupio-da-pesca.jpg;"Rapture SFT Pro Hip Pack S - Marsupio da Pesca";048-62-050;"Borse, zaini e foderi";26.967213;32.9;126;0
3224;https://www.mgfishing.eu/7299/rapture-sft-pro-hip-pack-l-marsupio-per-pesca-leggera.jpg;"Rapture SFT Pro Hip Pack L - Marsupio per Pesca Leggera";048-62-040;"Borse, zaini e foderi";31.065574;37.9;100;0
3223;https://www.mgfishing.eu/7298/rapture-sft-pro-front-sling-pack-borsa-da-pesca.jpg;"Rapture SFT Pro Front Sling Pack - Borsa da Pesca";048-62-030;"Borse, zaini e foderi";28.606557;34.9;161;0
3222;https://www.mgfishing.eu/7297/rapture-sft-pro-tech-pack-gilet-da-pesca.jpg;"Rapture SFT Pro Tech Pack - Gilet da Pesca";048-62-020;"Borse, zaini e foderi";59.754098;72.9;79;0
3221;https://www.mgfishing.eu/7296/rapture-guidemaster-pro-double-teck-borsa-per-artificiali.jpg;"Rapture Guidemaster Pro Double Teck Borsa per Artificiali";048-61-200;"Borse, zaini e foderi";57.295082;69.9;0;1
3220;https://www.mgfishing.eu/7294/rapture-guidmaster-pro-zip-gear-bag-sacca-da-pesca.jpg;"Rapture Guidmaster Pro Zip Gear Bag - Sacca da Pesca";048-61-160;"Borse, zaini e foderi";31.885246;38.9;113;0
3219;https://www.mgfishing.eu/7293/esp-rapture-guidemaster-pro-mono-back-pack-zaino-per-pesca-al-piede.jpg;"ESP Rapture Guidemaster Pro Mono Back Pack - Zaino per Pesca al Piede";048-61-070;"Borse, zaini e foderi";30.245902;36.9;106;0
3218;https://www.mgfishing.eu/7291/rapture-guidemaster-pro-zaino-back-chest-pack-zaino-da-pesca.jpg;"Rapture Guidemaster Pro Zaino Back & Chest Pack - Zaino da Pesca";048-61-040;"Borse, zaini e foderi";30.245902;36.9;82;0
3217;https://www.mgfishing.eu/7289/rapture-drytek-bag-borsa-per-artificiali-accessorio-per-spinning.jpg;"Rapture Drytek Bag Borsa per Artificiali - Accessorio per Spinning";048-54-100;"Borse, zaini e foderi";30.245902;36.9;140;0
3216;https://www.mgfishing.eu/7287/rapture-drytek-leader-bag-borsa-portaterminali-da-spinning.jpg;"Rapture Drytek Leader Bag - Borsa portaterminali da Spinning";048-54-090;"Borse, zaini e foderi";26.967213;32.9;78;0
3215;https://www.mgfishing.eu/7285/rapture-drytek-bag-organizer-borsa-per-esche-e-accessori.jpg;"Rapture Drytek Bag Organizer - Borsa per Esche e Accessori";048-54-080;"Borse, zaini e foderi";24.508197;29.9;0;1
3214;https://www.mgfishing.eu/7282/rapture-drytek-bag-lure-egi-borsetta-da-spinning.jpg;"Rapture Drytek Bag Lure & Egi - Borsetta da Spinning";048-54-070;"Borse, zaini e foderi";22.049180;26.9;0;1
3213;https://www.mgfishing.eu/7280/rapture-drytek-pro-waist-bag-borsa-da-spinning.jpg;"Rapture Drytek Pro Waist Bag - Borsa da Spinning";048-54-060;"Borse, zaini e foderi";36.803279;44.9;102;0
3212;https://www.mgfishing.eu/7278/rapture-drytek-bag-rig-wallet-porta-terminali.jpg;"Rapture Drytek Bag Rig Wallet - Porta Terminali";048-54-050;"Borse, zaini e foderi";26.967213;32.9;150;0
3211;https://www.mgfishing.eu/7275/rapture-drytek-bag-lure-hard-case-borsa-porta-artificiali.jpg;"Rapture Drytek Bag Lure Hard Case - Borsa porta artificiali";048-54-040;"Borse, zaini e foderi";44.180328;53.9;26;0
3210;https://www.mgfishing.eu/7273/rapture-drytek-bag-lure-case-borsa-portaesche-per-spinning.jpg;"Rapture Drytek Bag Lure Case - Borsa portaesche per spinning";048-54-030;"Borse, zaini e foderi";69.590164;84.9;117;0
3209;https://www.mgfishing.eu/7269/rapture-drytek-pro-carryall-borsa-da-spinning.jpg;"Rapture Drytek Pro Carryall - Borsa da Spinning";048-54-020;"Borse, zaini e foderi";85.983607;104.9;20;0
3208;https://www.mgfishing.eu/7266/rapture-drytek-pro-organizer-borsa-da-spinning.jpg;"Rapture Drytek Pro Organizer - Borsa da Spinning";048-54-010;"Borse, zaini e foderi";63.852459;77.9;19;0
3207;https://www.mgfishing.eu/7265/rapture-wtp-carryall-xl-borsa-da-pesca.jpg;"Rapture WTP Carryall XL - Borsa da Pesca";048-53-410;Home;43.360656;52.9;38;0
3206;https://www.mgfishing.eu/7264/trabucco-ultra-probag-hardcase-porta-canna-e-mulinello-xxl-accessorio-buffetteria.jpg;"Trabucco Ultra Probag Hardcase Porta Canna e Mulinello XXL - Accessorio Buffetteria";048-46-030;"Borse, zaini e foderi";51.557377;62.9;89;0
3205;https://www.mgfishing.eu/7263/colmic-ultra-probak-hardcase-porta-canna-e-mulinello-xl-custodia-per-attrezzatura.jpg;"Trabucco Ultra Probak Hardcase Porta Canna e Mulinello XL - Custodia per Attrezzatura";048-46-020;"Borse, zaini e foderi";47.459016;57.9;0;1
3204;https://www.mgfishing.eu/7262/trabucco-ultra-probag-hardcase-s-rod-and-reel-holdall-fodero-e-borsa.jpg;"Trabucco Ultra Probag Hardcase S Rod and Reel Holdall - Fodero e Borsa";048-46-010;"Borse, zaini e foderi";26.967213;32.9;0;1
3203;https://www.mgfishing.eu/7261/trabucco-competition-pro-hardcase-rod-holdall-165-custodia-per-canne.jpg;"Trabucco Competition Pro Hardcase Rod Holdall 165 - Custodia per Canne";048-45-410;"Borse, zaini e foderi";44.180328;53.9;66;0
3202;https://www.mgfishing.eu/7260/trabucco-competition-pro-bag-carryall-borsa-da-pesca.jpg;"Trabucco Competition Pro Bag Carryall - Borsa da Pesca";048-45-330;"Borse, zaini e foderi";27.786885;33.9;0;1
3201;https://www.mgfishing.eu/7259/trabucco-competition-pro-bag-rod-and-reel-surf-holdall-21-borsa-da-surfcasting.jpg;"Trabucco Competition Pro Bag Rod and Reel Surf Holdall 2+1 - Borsa da Surfcasting";048-45-220;"Borse, zaini e foderi";44.180328;53.9;78;0
3200;https://www.mgfishing.eu/7257/xtr-surf-organizer-taccheggio-in-eva-bianco-contenitore-semi-rigido.jpg;"Trabucco XTR Surf Organizer Taccheggio in EVA Bianco - Contenitore Semi-rigido";048-42-460;"Borse, zaini e foderi";29.426230;35.9;138;0
3199;https://www.mgfishing.eu/7254/xtr-surf-organizer-pro-41-contenitore-tackle-in-eva.jpg;"XTR Surf Organizer Pro 4+1 - Contenitore Tackle in EVA";048-42-450;"Borse, zaini e foderi";80.245902;97.9;86;0
3198;https://www.mgfishing.eu/7453/trabucco-xtr-surf-team-cinturini-porta-canne.jpg;"Trabucco XTR Surf Team - Cinturini Porta Canne";048-42-220;"Borse, zaini e foderi";4.836066;5.9;0;1
3197;https://www.mgfishing.eu/7452/trabucco-xtr-surf-team-rig-station-fodero-surfcasting.jpg;"Trabucco XTR Surf Team Rig Station - Porta Avvolgilenza";048-42-150;"Borse, zaini e foderi";35.163934;42.9;0;1
3196;https://www.mgfishing.eu/7664/trabucco-xtr-surf-team-rig-bin-contenitore-surfcasting.jpg;"Trabucco XTR Surf Team Rig Bin - Contenitore Surfcasting";048-42-140;"Borse, zaini e foderi";33.524590;40.9;10;0
3195;https://www.mgfishing.eu/7450/trabucco-xtr-surf-team-astuccio-porta-mulinello-e-bobine-surfcasting.jpg;"Trabucco XTR Surf Team - Astuccio porta Mulinello e Bobine Surfcasting";048-42-110;"Borse, zaini e foderi";20.409836;24.9;0;1
3194;https://www.mgfishing.eu/7449/trabucco-xtr-surf-team-borsa-carryall-competition-borsa-surfcasting.jpg;"Trabucco XTR Surf Team Borsa Carryall Competition - Borsa Surfcasting";048-42-070;"Borse, zaini e foderi";118.770492;144.9;0;1
3193;https://www.mgfishing.eu/7448/trabucco-xtr-surf-team-borsa-carryall-match-borsa-da-surfcasting.jpg;"Trabucco XTR Surf Team Borsa Carryall Match - Borsa da Surfcasting";048-42-060;"Borse, zaini e foderi";77.786885;94.9;0;1
3192;https://www.mgfishing.eu/7447/trabucco-xtr-surf-team-zaino-surfcasting.jpg;"Trabucco XTR Surf Team Zaino Surfcasting";048-42-050;"Borse, zaini e foderi";91.721311;111.9;0;1
3191;https://www.mgfishing.eu/7446/trabucco-xtr-surf-team-pro-organizer-fodero-e-accessori-surfcasting.jpg;"Trabucco XTR Surf Team Pro Organizer - Zaino Surfcasting";048-42-040;"Borse, zaini e foderi";109.754098;133.9;0;1
3190;https://www.mgfishing.eu/7252/ultra-shield-pole-hardcase-fodero-portacanne-rigido.jpg;"Trabucco Ultra Shield Pole Hardcase - Fodero portacanne rigido";048-37-910;"Borse, zaini e foderi";0.000000;144.9;0;1
3189;https://www.mgfishing.eu/7250/ultra-dry-eva-accessories-bag-borsa-porta-accessori.jpg;"Trabucco Ultra Dry EVA Accessories Bag - Borsa Porta Accessori";048-37-660;"Borse, zaini e foderi";0.000000;30.9;465;0
3188;https://www.mgfishing.eu/7247/ultra-dry-eva-tackle-bag-tb24-borsa-impermeabile-da-pesca.jpg;"Trabucco Ultra Dry EVA Tackle Bag TB24 - Borsa impermeabile da pesca";048-37-630;"Borse, zaini e foderi";0.000000;32.9;0;1
3187;https://www.mgfishing.eu/7246/oderi-ultra-dry-eva-hardcase-contenitore-impermeabile.jpg;"Trabucco Ultra Dry EVA Hardcase - Contenitore Impermeabile";048-37-610;"Borse, zaini e foderi";0.000000;44.9;0;1
3186;https://www.mgfishing.eu/7245/trabucco-ultra-dry-eva-rod-sleeve-custodia-per-canna.jpg;"Trabucco Ultra Dry EVA Rod Sleeve - Custodia Per Canna";048-37-540;"Borse, zaini e foderi";0.000000;41.9;209;0
3185;https://www.mgfishing.eu/7243/trabucco-ultra-dry-eva-guaina-per-mulinello-e-canna-accessorio-pesca.jpg;"Trabucco Ultra Dry EVA Guaina per Mulinello e Canna - Accessorio Pesca";048-37-510;"Borse, zaini e foderi";0.000000;38.9;126;0
3184;https://www.mgfishing.eu/7445/competition-borsa-termica-eva-cooler-bag-l-accessorio-per-pesca.jpg;"Trabucco Competition Borsa Termica EVA Cooler Bag L - Accessorio per Pesca";048-37-420;Home;0.000000;48.9;13;0
3183;https://www.mgfishing.eu/7444/gnt-match-eva-keeprenet-bag-xl-borsa-porta-nassa.jpg;"Trabucco GNT Match EVA Keeprenet Bag XL - Borsa porta Nassa";048-37-300;"Guadini, Teste e Nasse";0.000000;51.9;0;1
3182;https://www.mgfishing.eu/7443/gnt-match-team-kit-case-valigetta-per-roubaisienne.jpg;"Trabucco GNT Match Team Kit Case - Valigetta per Roubaisienne";048-37-280;"Borse, zaini e foderi";0.000000;71.9;193;0
3181;https://www.mgfishing.eu/7442/gnt-match-team-match-rod-pro-case-custodia-per-canna-da-match.jpg;"Trabucco GNT Match Team Match Rod Pro Case - Custodia per Canna da Match";048-37-024;"Borse, zaini e foderi";0.000000;77.9;24;0
3180;https://www.mgfishing.eu/7242/rapture-pro-team-flat-brim-cap-black-cappellino-da-pesca.jpg;"Rapture Pro Team Flat Brim Cap Black - Cappellino da Pesca";044-15-020;"Abbigliamento Da Pesca";15.491803;18.9;1467;0
3179;https://www.mgfishing.eu/7241/ritual-rpt-pro-team-maglia-a-maniche-corte.jpg;"Rapture Ritual RPT Pro Team - Maglia a Maniche Corte";044-02-100;"Abbigliamento Da Pesca";35.163934;42.9;229;0
3178;https://www.mgfishing.eu/7240/rpt-pro-team-maglia-a-manica-lunga.jpg;"Rapture RPT Pro Team - Maglia a Manica Lunga";044-01-100;"Abbigliamento Da Pesca";35.983607;43.9;0;1
3177;https://www.mgfishing.eu/7239/rapture-felpa-predator-zone-hoody-graphite-abbigliamento-da-pesca.jpg;"Rapture Felpa Predator Zone Hoody Graphite - Abbigliamento da Pesca";044-00-510;"Abbigliamento Da Pesca";40.081967;48.9;0;1
3176;https://www.mgfishing.eu/7237/predator-zone-t-shirt-predator-zone-abbigliamento-tecnico.jpg;"Rapture Predator Zone T-Shirt Predator Zone - Abbigliamento Tecnico";044-00-001;"Abbigliamento Da Pesca";16.311475;19.9;0;1
3175;https://www.mgfishing.eu/7441/trabucco-polo-dry-tek-tecnica-abbigliamento-da-pesca.jpg;"Trabucco Polo Dry-Tek Tecnica - Abbigliamento da Pesca";042-10-100;"Abbigliamento Da Pesca";0.000000;21.9;213;0
3174;https://www.mgfishing.eu/7440/sw-maglia-team-pro-a-maniche-corte-abbigliamento-tecnico-pesca.jpg;"Trabucco SW Maglia Team Pro a Maniche Corte - Abbigliamento Tecnico Pesca";040-94-200;"Abbigliamento Da Pesca";0.000000;41.9;515;0
3173;https://www.mgfishing.eu/7439/match-team-maglia-a-maniche-corte-abbigliamento-sportivo.jpg;"Match Team Maglia a Maniche Corte - Abbigliamento Sportivo";040-93-200;"Abbigliamento Da Pesca";0.000000;41.9;198;0
3172;https://www.mgfishing.eu/7438/trabucco-surf-team-shirt-maglia-tecnica-maniche-corte.jpg;"Trabucco Surf Team Shirt - Maglia Tecnica Maniche Corte";040-91-200;"Abbigliamento Da Pesca";0.000000;41.9;38;0
3171;https://www.mgfishing.eu/7437/trabucco-surf-team-shirt-manica-lunga-maglia-tecnica.jpg;"Trabucco Surf Team Shirt Manica Lunga - Maglia Tecnica";040-90-200;"Abbigliamento Da Pesca";0.000000;41.9;25;0
3170;https://www.mgfishing.eu/7236/trabucco-team-waist-apron-grembiule-da-pesca.jpg;"Trabucco Team Waist Apron - Grembiule da Pesca";040-12-110;"Abbigliamento Da Pesca";0.000000;14.9;797;0
3169;https://www.mgfishing.eu/7436/k-karp-excellence-mulinello-carp-big-free-runner.jpg;"K-Karp Excellence - Mulinello Carp Big Free Runner";037-83-990;"Mulinelli Da Pesca";0.000000;114.9;0;1
3168;https://www.mgfishing.eu/7233/k-karp-fusion-mulinello-per-carpfishing.jpg;"K-Karp Fusion - Mulinello per Carpfishing";037-81-065;"Mulinelli Da Pesca";0.000000;92.9;0;1
3167;https://www.mgfishing.eu/7435/k-karp-endless-mulinello-da-carp-fishing.jpg;"K-Karp Endless - Mulinello da Carp Fishing";037-80-550;"Mulinelli Da Pesca";0.000000;92.9;0;1
3166;https://www.mgfishing.eu/7223/trabucco-ultra-dry-eva-bait-system-41-contenitori-impermeabili.jpg;"Trabucco Ultra Dry EVA Bait System 4+1 - Contenitori Impermeabili";048-37-700;"Minuteria da pesca";31.065574;37.9;0;1
3165;https://www.mgfishing.eu/7221/trabucco-ultra-dry-eva-planner-bag-pb19-borsa-porta-accessori-impermeabile.jpg;"Trabucco Ultra Dry EVA Planner Bag PB19 - Borsa Porta Accessori Impermeabile";048-37-650;"Minuteria da pesca";81.885246;99.9;71;0
3164;https://www.mgfishing.eu//trabucco-gnt-match-eva-borsa-porta-accessori-pesca.jpg;"Trabucco GNT Match EVA - Borsa Porta Accessori Pesca";048-37-390;Home;29.426230;35.9;0;1
3163;https://www.mgfishing.eu/7434/trabucco-gnt-match-eva-bait-system-contenitore-per-esche.jpg;"Trabucco GNT Match EVA Bait System - Contenitore per Esche";048-37-370;"Minuteria da pesca";39.262295;47.9;38;0
3162;https://www.mgfishing.eu/7433/gnt-match-eva-groundbait-mini-bowl-set-set-bacinelle-per-pasture.jpg;"GNT Match EVA Groundbait Mini Bowl Set - Set Bacinelle per Pasture";048-37-325;"Minuteria da pesca";29.426230;35.9;1;0
3161;https://www.mgfishing.eu/7432/gnt-match-eva-groundbait-bowl-set-set-contenitori-per-pasture.jpg;"Trabucco GNT Match Eva Groundbait Bowl Set - Set Contenitori per Pasture";048-37-320;"Minuteria da pesca";26.967213;32.9;90;0
3160;https://www.mgfishing.eu//gnt-match-team-roller-e-roost-bag-xl-borsa-porta-accessori.jpg;"GNT Match Team Roller e Roost Bag XL - Borsa Porta Accessori";048-37-225;Home;58.934426;71.9;0;1
3159;https://www.mgfishing.eu/7431/gnt-match-team-feeder-pro-tip-case-tubo-porta-punte-feeder.jpg;"Trabucco GNT Match Team Feeder Pro Tip Case - Tubo Porta Punte Feeder";048-37-210;"Borse, zaini e foderi";21.229508;25.9;66;0
3158;https://www.mgfishing.eu/7430/gnt-match-team-tubo-protettivo-per-punta-feeder.jpg;"GNT Match Team - Tubo Protettivo per Punta Feeder";048-37-200;"Borse, zaini e foderi";21.229508;25.9;68;0
3156;https://www.mgfishing.eu/7220/k-karp-gladio-ld-12000-mulinello-per-carpfishing.jpg;"K-Karp Gladio LD 12000 - Mulinello per Carpfishing";037-92-990;"Mulinelli Da Pesca";65.491803;79.9;0;1
3155;https://www.mgfishing.eu/7212/trabucco-edonis-xs-surf-8000-mulinello-surfcasting.jpg;"Trabucco Edonis XS Surf 8000 - Mulinello Surfcasting";035-30-100;"Mulinelli Da Pesca";49.098361;59.9;397;0
3154;https://www.mgfishing.eu/7211/trabucco-searider-pwg-mulinello-da-surfcasting.jpg;"Trabucco Searider PWG - Mulinello da Surfcasting";035-26-550;"Mulinelli Da Pesca";0.000000;32.9;235;0
3151;https://www.mgfishing.eu/7210/trabucco-lancer-ltx-surf-mulinello-surfcasting.jpg;"Trabucco Lancer LTX Surf - Mulinello Surfcasting";035-13-100;"Mulinelli Da Pesca";0.000000;122.9;250;0
3150;https://www.mgfishing.eu/7205/velar-fa-mulinello-da-spinning.jpg;"Trabucco Velar FA - Mulinello da Spinning";034-85-625;"Mulinelli Da Pesca";0.000000;23.9;1496;0
3148;https://www.mgfishing.eu/7200/trabucco-srt-fd-mulinello-da-feeder.jpg;"Trabucco SRT FD - Mulinello Versatile";034-83-910;"Mulinelli Da Pesca";0.000000;47.9;183;0
3147;https://www.mgfishing.eu/7187/trabucco-spectrum-xr-mulinello-da-feeder.jpg;"Trabucco Spectrum 5500 XR - Mulinello da Feeder";034-81-355;"Mulinelli Da Pesca";0.000000;74.9;359;0
3145;https://www.mgfishing.eu/7429/trabucco-krius-frizione-anteriore-mulinello-da-surfcasting.jpg;"Trabucco Krius Frizione Anteriore - Mulinello da Surfcasting";034-60-250;"Mulinelli Da Pesca";0.000000;65.9;732;0
3141;https://www.mgfishing.eu/7172/trabucco-xplore-ltx-fa-1000-mulinello-da-spinning.jpg;"Trabucco Xplore LTX FA 1000 - Mulinello da Spinning";034-55-100;"Mulinelli Da Pesca";72.868852;88.9;0;1
3140;https://www.mgfishing.eu/7170/shimano-speedmaster-surf-300-mt-monofilo-in-nylon-.jpg;"Shimano Speedmaster Surf 300 MT - Monofilo in Nylon";;"Monofili e Trecciati";0.000000;7.9;11;0
3138;https://www.mgfishing.eu/7428/trabucco-zero-carbon-fa-mulinello-con-frizione-anteriore.jpg;"Trabucco Zero Carbon FA - Mulinello con Frizione Anteriore";034-51-350;"Mulinelli Da Pesca";0.000000;102.9;0;1
3137;https://www.mgfishing.eu/7155/vexil-mulinello-da-spinning.jpg;"Trabucco Vexil 4500 - Mulinello da Spinning";034-49-450;"Mulinelli Da Pesca";0.000000;57.9;175;0
3136;https://www.mgfishing.eu/7427/mitchell-mulinello-mito-xlt-mulinello-da-spinning.jpg;"Trabucco Mito XLT - Mulinello da Spinning";034-41-200;"Mulinelli Da Pesca";0.000000;46.9;236;0
3135;https://www.mgfishing.eu/7426/trabucco-kronos-sfx-mulinello-a-frizione-anteriore.jpg;"Trabucco Kronos SFX - Mulinello a Frizione Anteriore";034-38-100;"Mulinelli Da Pesca";0.000000;40.9;0;1
3133;https://www.mgfishing.eu/7425/brave-mulinello-a-frizione-anteriore-mulinello-da-surfcasting.jpg;"Trabucco Brave Mulinello a Frizione Anteriore - Mulinello Versatile";034-19-350;"Mulinelli Da Pesca";0.000000;64.9;0;1
3130;https://www.mgfishing.eu/7149/lmf-cwp-carbon-waterproof-drag-system-mulinello-da-fly.jpg;"LMF CWP Carbon Waterproof Drag System - Mulinello da Fly";033-01-050;"Mulinelli Da Pesca";0.000000;86.9;0;1
3129;https://www.mgfishing.eu/7144/lmf-ultralight-fly-reel-gold-mulinello-da-mosca.jpg;"LMF Ultralight Fly Reel Gold - Mulinello da Mosca";033-00-230;"Mulinelli Da Pesca";0.000000;84.9;0;1
3128;https://www.mgfishing.eu/7139/lmf-ult-titan-mulinello-da-mosca.jpg;"LMF ULT Titan - Mulinello da Mosca";033-00-130;"Mulinelli Da Pesca";0.000000;84.9;0;1
3127;https://www.mgfishing.eu/7137/lmf-clk-mulinello-da-fly-fishing.jpg;"LMF CLK - Mulinello da Fly Fishing";032-98-020;"Mulinelli Da Pesca";0.000000;74.9;3;0
3126;https://www.mgfishing.eu/7134/esp-lmf-adr-mulinello-da-mosca.jpg;"ESP LMF ADR - Mulinello da Mosca";032-92-130;"Mulinelli Da Pesca";0.000000;34.9;92;0
3124;https://www.mgfishing.eu/7119/k-karp-pulsar-ads-mini-segnalatori-elettronici-da-pesca.jpg;"K-Karp Pulsar ADS Mini - Segnalatori Elettronici da Pesca";019-27-200;"Minuteria da pesca";139.262295;169.9;0;1
3123;https://www.mgfishing.eu/7110/k-karp-drake-tx-indicatori-di-abboccata-set-segnalatori-bissanze.jpg;"K-Karp Drake TX Indicatori di Abboccata - Set Segnalatori Bissanze";019-25-920;"Minuteria da pesca";102.377049;124.9;0;1
3122;https://www.mgfishing.eu/7102/k-karp-gladio-tx-micro-set-indicatore-di-abboccata-avvisatore-acustico.jpg;"K-Karp Gladio TX Micro Set Indicatore di Abboccata - Avvisatore Acustico";019-25-950;"Minuteria da pesca";98.278689;119.9;0;1
3121;https://www.mgfishing.eu/7084/mgfishing-predator-hook-ami-da-traina.jpg;"MGFishing Predator Hook - Ami da Traina";;"Ami Girelle e Moschettoni";4.836066;5.9;30;0
3120;https://www.mgfishing.eu/7025/vanfook-spb-41b-ami-spoon-trout-area.jpg;"Vanfook SPB-41B - Ami per Spoon";;"Ami Girelle e Moschettoni";4.016393;4.9;6;0
3118;https://www.mgfishing.eu/7000/molix-trout-area-shock-leader-fc-fluorocarbon.jpg;"Molix Trout Area Shock Leader FC - Fluorocarbon";;"Monofili e Trecciati";5.327869;6.5;6;0
3117;https://www.mgfishing.eu/6994/major-craft-dangan-braid-light-pe-03-009mm-150-mt-.jpg;"Major Craft Dangan Braid Light PE 0.3 (0.09mm) 150 MT -";DBL4-150/0.3PK/6LB;"Monofili e Trecciati";13.852459;16.9;1;0
3116;https://www.mgfishing.eu/6993/molix-lover-area-spoon-32-gr-ondulante-trout-area-game.jpg;"Molix Lover Area Spoon 3.2 Gr - Ondulante Trout Area Game";;"Esche Artificiali da Pesca";4.836066;5.9;7;0
3115;https://www.mgfishing.eu/6984/molix-ss-shad-4-.jpg;"Molix SS Shad 4'' - Artificiale Soft Swimbait";;"Esche Artificiali da Pesca";7.786885;9.5;5;0
3114;https://www.mgfishing.eu/6982/molix-ra-shad-38-artificiale-soft-swimbait.jpg;"Molix RA Shad 3,8'' - Artificiale Soft Swimbait";;"Esche Artificiali da Pesca";7.295082;8.9;8;0
3113;https://www.mgfishing.eu/7101/trabucco-selenia-blx-master-bolognese-canna-da-bolognese.jpg;"Trabucco Selenia BLX Master Bolognese - Canna da Bolognese";120-53-260;"Canne Bolognese";0.000000;99.9;42;0
3112;https://www.mgfishing.eu/7100/trabucco-selenia-blx-force-bolognese-canna-da-bolognese.jpg;"Trabucco Selenia BLX Force Bolognese - Canna da Bolognese";120-53-170;"Canne Bolognese";0.000000;133.9;9;0
3111;https://www.mgfishing.eu/7099/trabucco-sliver-sh-bolognese-canna-da-bolognese.jpg;"Trabucco Sliver SH Bolognese - Canna da Bolognese";120-52-050;"Canne Bolognese";0.000000;111.9;124;0
3110;https://www.mgfishing.eu/7097/trabucco-heaven-bls-master-canna-da-bolognese.jpg;"Trabucco Heaven BLS Master - Canna da Bolognese";120-50-050;"Canne Bolognese";0.000000;71.9;696;0
3109;https://www.mgfishing.eu/7095/trabucco-gnt-x36-fix-leg-gambe-per-supporti-da-pesca-accessorio-panieri.jpg;"Trabucco GNT-X36 Fix Leg - Gambe per supporti da pesca Accessorio Panieri";116-30-005;"Accessori per panchetti e sedie";0.000000;13.9;303;0
3108;https://www.mgfishing.eu/6908/trabucco-gnt-qr-snapease-2x-side-rest-accessorio-per-canna-da-pesca.jpg;"Trabucco GNT QR SnapEase 2x Side Rest - Accessorio per Canna da Pesca";116-11-240;"Accessori per panchetti e sedie";0.000000;32.9;328;0
3107;https://www.mgfishing.eu/6906/trabucco-gnt-qr-snapease-cross-arm-supporto-pesca.jpg;"Trabucco GNT QR SnapEase Cross Arm - Supporto Pesca";116-11-210;"Accessori per panchetti e sedie";0.000000;20.9;528;0
3106;https://www.mgfishing.eu/6904/trabucco-piatto-genius-side-plate-vassoio-laterale-autoportante.jpg;"Trabucco Piatto Genius Side Plate - Vassoio Laterale Autoportante";116-11-030;"Accessori per panchetti e sedie";0.000000;144.9;261;0
3104;https://www.mgfishing.eu/7094/overcast-vassoio-pod-per-punta-spiaggia-accessorio-da-pesca.jpg;"Overcast Vassoio Pod per Punta Spiaggia - Accessorio da Pesca";088-65-660;"Accessori Da Pesca";0.000000;12.9;32;0
3103;https://www.mgfishing.eu/6896/gnt-rod-rest-set-front-aw-e-back-supporto-porta-canna.jpg;"GNT Rod Rest Set Front AW e Back - Supporto Porta Canna";086-23-010;"Accessori per panchetti e sedie";0.000000;32.9;52;0
3102;https://www.mgfishing.eu/7090/gnt-mega-black-roller-rullo-per-roubaisienne.jpg;"GNT Mega Black Roller - Rullo per Roubaisienne";086-21-400;"Accessori per panchetti e sedie";0.000000;94.9;72;0
3101;https://www.mgfishing.eu/6893/rapture-yak-rubba-net-retino-per-kayak-fishing.jpg;"Rapture Yak Rubba Net - Retino per Kayak Fishing";084-51-900;Guadini;0.000000;0;158;0
3100;https://www.mgfishing.eu/6890/reload-wading-net-compact-retino-da-wading-compatto.jpg;"Reload Wading Net Compact - Retino da Wading compatto";084-51-800;Guadini;0.000000;0;189;0
3099;https://www.mgfishing.eu/6885/rpt-wading-master-net-guadino-da-wading.jpg;"RPT Wading Master Net - Guadino da Wading";084-51-700;Guadini;0.000000;0;398;0
3098;https://www.mgfishing.eu/6881/rapture-aggressor-pro-net-retino-da-pesca.jpg;"Rapture Aggressor Pro Net Retino da Pesca";084-51-510;Guadini;0.000000;0;290;0
3097;https://www.mgfishing.eu/6874/rapala-tough-rubber-net-guadino-da-pesca.jpg;"Rapture Tough Rubber Net - Guadino da Pesca";084-51-300;"Guadini, Teste e Nasse";0.000000;44.9;208;0
3095;https://www.mgfishing.eu/6871/trabucco-ikonic-rcx-bolognese-canna-da-bolognese.jpg;"Trabucco Ikonic RCX Bolognese - Canna da Bolognese";120-57-060;Home;91.721311;111.9;2;0
3094;https://www.mgfishing.eu//trabucco-selenia-blx-power-canna-bolognese.jpg;"Trabucco Selenia BLX Power - Canna Bolognese";120-53-070;Home;100.737705;122.9;24;0
3093;https://www.mgfishing.eu/6865/genius-genius-specialist-feeder-pro-chair-mk2-sedia-da-pesca-feeder.jpg;"Genius Specialist Feeder Pro Chair MK2 - Sedia da Pesca Feeder";117-25-400;"Panchetti, sedie e cassettoni";104.836066;127.9;215;0
3092;https://www.mgfishing.eu/7089/trabucco-genius-specialist-feeder-chair-sedia-da-feeder.jpg;"Trabucco GENIUS SPECIALIST FEEDER CHAIR - Sedia da Feeder";117-25-200;Sedie;72.868852;88.9;91;0
3090;https://www.mgfishing.eu/7088/genius-specialist-feeder-arm-braccio-reggi-canna-per-sedia-da-feeder.jpg;"Trabucco Genius Specialist Feeder Arm - Braccio Reggi Canna per Sedia da Feeder";116-15-130;"Accessori per panchetti e sedie";35.163934;42.9;65;0
3089;https://www.mgfishing.eu/6862/gnt-station-qr-braccio-porta-nasse-triplo-accessorio-da-pesca.jpg;"GNT Station QR Braccio Porta Nasse Triplo - Accessorio da Pesca";116-11-110;"Accessori per panchetti e sedie";44.180328;53.9;0;1
3088;https://www.mgfishing.eu/6860/gnt-station-qr-kompass-braccio-feeder-accessorio-da-pesca.jpg;"GNT Station QR Kompass Braccio Feeder - Accessorio da Pesca";116-11-100;"Accessori per panchetti e sedie";44.180328;53.9;107;0
3087;https://www.mgfishing.eu/6858/gnt-station-qr-pro-spray-bar-accessorio-da-pesca.jpg;"GNT Station QR Pro Spray Bar - Accessorio da Pesca";116-11-065;"Accessori per panchetti e sedie";68.770492;83.9;30;0
3086;https://www.mgfishing.eu/7087/gnt-station-trolley-kit-accessorio-trolley-per-pesca.jpg;"GNT Station Trolley Kit - Accessorio Trolley per pesca";116-11-010;"Accessori per panchetti e sedie";96.639344;117.9;26;0
3085;https://www.mgfishing.eu/6849/gnt-gnt-transformer-foot-plate-piattaforma-per-panieri-da-pesca.jpg;"Trabucco GNT TRANSFORMER FOOT PLATE - Piattaforma per Panieri da Pesca";116-10-410;"Accessori per panchetti e sedie";245.819672;299.9;9;0
3084;https://www.mgfishing.eu/6843/gnt-mega-foot-plate-x36-piattaforma-per-panchetto.jpg;"GNT Mega Foot Plate X36 - Piattaforma per Panchetto";116-10-405;"Accessori per panchetti e sedie";196.639344;239.9;30;0
3083;https://www.mgfishing.eu/6839/rpt-areabox-tackle-system-foldable-cup-accessorio-da-pesca.jpg;"RPT Areabox Tackle System Foldable Cup - Accessorio da Pesca";113-20-770;"Borse porta attrezzatura";0.000000;0;128;0
3082;https://www.mgfishing.eu/6836/rpt-areabox-porta-accessori-con-clip-accessorio-da-pesca.jpg;"RPT AreaBox Porta Accessori con Clip - Accessorio da Pesca";113-20-760;"Borse porta attrezzatura";0.000000;0;50;0
3080;https://www.mgfishing.eu/6821/rapture-tekbox-tackle-system-contenitore-per-esche.jpg;"Rapture TekBox Tackle System - Contenitore per Esche";113-20-634;"Borse porta attrezzatura";0.000000;0;460;0
3079;https://www.mgfishing.eu/6811/rapture-tekbox-tackle-system-scatola-porta-esche.jpg;"Rapture TekBox Tackle System - Scatola Porta Esche";113-20-633;"Borse porta attrezzatura";0.000000;0;736;0
3078;https://www.mgfishing.eu/6801/rapture-tekbox-tackle-system-2s-fd-contenitore-per-esche-e-accessori.jpg;"Rapture TekBox Tackle System 2S/FD - Contenitore per Esche e Accessori";113-20-632;"Borse porta attrezzatura";0.000000;0;561;0
3077;https://www.mgfishing.eu/6789/rapture-tekbox-small-full-foam-scatola-porta-accessori.jpg;"Rapture TekBox Small Full Foam - Scatola Porta Accessori";113-20-631;"Borse porta attrezzatura";0.000000;0;387;0
3076;https://www.mgfishing.eu/6785/rapture-tekbox-tackle-system-medium-df-contenitore-per-accessori-da-pesca.jpg;"Rapture TekBox Tackle System Medium DF - Contenitore per Accessori da Pesca";113-20-624;"Borse porta attrezzatura";0.000000;0;363;0
3075;https://www.mgfishing.eu/6781/rapture-tekbox-medium-d12-scatola-porta-esche.jpg;"Rapture TekBox Medium D12 - Scatola Porta Esche";113-20-623;"Borse porta attrezzatura";0.000000;0;143;0
3074;https://www.mgfishing.eu/6777/rapture-tekbox-tackle-system-medium-d4-scatola-porta-esche.jpg;"Rapture TekBox Tackle System Medium D4 - Scatola porta esche";113-20-622;"Borse porta attrezzatura";0.000000;0;307;0
3073;https://www.mgfishing.eu/6773/rapture-tekbox-tackle-system-medium-d3-contenitore-porta-esche-e-accessori.jpg;"Rapture TekBox Tackle System Medium D3 - Contenitore porta esche e accessori";113-20-621;"Borse porta attrezzatura";0.000000;0;123;0
3072;https://www.mgfishing.eu/6769/rapture-tekbox-large-d15-tackle-system.jpg;"Rapture TekBox Large D15 - Tackle System";113-20-615;"Borse porta attrezzatura";0.000000;0;452;0
3071;https://www.mgfishing.eu/6765/rapture-tekbox-tackle-system-large-d7-scatola-porta-accessori.jpg;"Rapture TekBox Tackle System Large D7 - Scatola Porta Accessori";113-20-614;"Borse porta attrezzatura";0.000000;0;542;0
3070;https://www.mgfishing.eu/6761/rapture-tekbox-large-contenitore-tackle-system-con-5-divisori-rimovibili.jpg;"Rapture TekBox Large - Contenitore Tackle System con 5 Divisori Rimovibili";113-20-613;"Borse porta attrezzatura";0.000000;0;420;0
3069;https://www.mgfishing.eu/6757/rapture-tekbox-large-divider-foam-tackle-system.jpg;"Rapture TekBox Large Divider Foam - Tackle System";113-20-612;"Borse porta attrezzatura";0.000000;0;172;0
3068;https://www.mgfishing.eu/7086/rapture-tekbox-large-full-foam-sistema-tackle.jpg;"Rapture TekBox Large Full Foam - Sistema Tackle";113-20-611;"Cassette Porta Attrezzatura";0.000000;0;88;0
3067;https://www.mgfishing.eu/6748/rapture-linkbox-porta-canna-45-rod-rack-accessorio-porta-canna.jpg;"Rapture LinkBox Porta Canna 45 Rod Rack - Accessorio Porta Canna";113-20-550;"Accessori per panchetti e sedie";22.868852;27.9;154;0
3066;https://www.mgfishing.eu/7078/rapture-boat-rod-stand-xl-portacanne-da-barca.jpg;"Rapture Boat Rod Stand XL - Portacanne da Barca";084-60-110;Nautica;24.508197;29.9;64;0
3065;https://www.mgfishing.eu/6747/rapture-area-rod-stand-supporto-per-3-canna-da-area.jpg;"Rapture Area Rod Stand - Supporto per 3 Canna da Area";084-60-000;"Tripode Pesca";26.147541;31.9;0;1
3064;https://www.mgfishing.eu/6730/rapture-rpt-rubba-landing-net-guadino-da-barca.jpg;"Rapture RPT RUBBA LANDING NET - Guadino Completo";084-50-100;"Guadini, Teste e Nasse";0.000000;27.9;171;0
3063;https://www.mgfishing.eu/6726/pro-rubba-pro-rubba-landing-net-guadino-con-rete-gommata.jpg;"Trabucco Pro Rubba Landing Net - Guadino con Rete Gommata";084-46-510;"Guadini, Teste e Nasse";0.000000;44.9;258;0
3062;https://www.mgfishing.eu/6725/trabucco-tr-pro-rubber-landing-net-retino-da-atterraggio.jpg;"Trabucco T.R. Pro Rubber Landing Net - Guadino Completo";084-46-215;"Guadini, Teste e Nasse";0.000000;19.9;5;0
3061;https://www.mgfishing.eu/7077/trabucco-tr-pro-landing-net-guadino-da-pesca.jpg;"Trabucco T.R. Pro Landing Net - Guadino da Pesca";084-46-015;"Guadini, Teste e Nasse";0.000000;13.9;71;0
3060;https://www.mgfishing.eu/6720/gnt-net-head-speed-rubba-testa-guadino.jpg;"GNT Net Head Speed Rubba - Testa Guadino";083-70-110;"Teste Guadino";0.000000;19.9;2;0
3059;https://www.mgfishing.eu/6716/gnt-net-head-ghost-mesh-testa-di-guadino.jpg;"GNT Net Head Ghost Mesh - Testa di guadino";083-70-010;"Teste Guadino";0.000000;19.9;402;0
3058;https://www.mgfishing.eu/7076/xds-power-rubber-teste-di-guadino.jpg;"XDS Power Rubber - Teste di Guadino";083-69-710;"Teste Guadino";0.000000;23.9;197;0
3057;https://www.mgfishing.eu/6714/xds-xds-micro-rubber-teste-di-guadino.jpg;"XDS Micro Rubber - Teste di Guadino";083-69-610;"Teste Guadino";0.000000;19.9;612;0
3056;https://www.mgfishing.eu/6712/xds-easy-scoop-testa-di-guadino.jpg;"XDS Easy Scoop - Testa di Guadino";083-69-510;"Teste Guadino";0.000000;19.9;401;0
3055;https://www.mgfishing.eu//trabucco-tr-pro-net-tx-pvc-mesh-retino-per-pesca.jpg;"Trabucco TR Pro Net TX PVC Mesh - Retino per Pesca";083-66-830;Home;0.000000;9.9;680;0
3054;https://www.mgfishing.eu//trabucco-tr-pro-net-tx-sw-mono-retino-da-pesca.jpg;"Trabucco TR Pro Net TX SW Mono - Retino da Pesca";083-66-812;Home;0.000000;13.9;872;0
3053;https://www.mgfishing.eu/7075/gnt-power-carp-keepnet-nassa-per-carpe.jpg;"GNT Power Carp Keepnet - Nassa per Carpe";082-64-035;"Nasse e Reti";0.000000;65.9;222;0
3052;https://www.mgfishing.eu/6707/gnt-gnt-x-keepnet-match-competition-nassa-da-pesca.jpg;"GNT-X Keepnet Match Competition - Nassa da Pesca";082-61-300;"Nasse e Reti";0.000000;83.9;224;0
3051;https://www.mgfishing.eu/6702/xds-keepnet-pe-5mm-retino-da-pesca.jpg;"XDS Keepnet PE 5mm - Nassa da Pesca";082-26-415;"Nasse e Reti";0.000000;16.9;191;0
3049;https://www.mgfishing.eu/6701/hydrus-xts-netter-canna-da-spinning.jpg;"Hydrus XTS Netter - Canna da Spinning";081-07-260;Home;0.000000;38.9;3;0
3048;https://www.mgfishing.eu/6700/hydrus-nxt-landing-net-retino-da-pesca.jpg;"Hydrus NXT Landing Net - Retino da Pesca";081-01-620;Home;0.000000;51.9;40;0
3047;https://www.mgfishing.eu//precision-precision-rpl-net-canna-da-pesca-telescopica.jpg;"Precision Precision RPL Net - Canna da Pesca Telescopica";080-86-100;Home;0.000000;28.9;156;0
3046;https://www.mgfishing.eu/6695/frangente-tx-power-net-canna-tele-surfcasting.jpg;"Frangente TX Power Net - Canna Tele Surfcasting";080-80-240;Home;0.000000;88.9;443;0
3045;https://www.mgfishing.eu/6690/esp-scogliera-stx-net-trabucco-manico-di-guadino-telescopico.jpg;"ESP Scogliera STX Net Trabucco - Manico di Guadino Telescopico";080-80-140;Home;0.000000;77.9;703;0
3044;https://www.mgfishing.eu/6689/tubertini-frangente-x-force-net-frangente-telescopico.jpg;"Tubertini Frangente X-Force Net - Frangente Telescopico";080-78-400;Home;0.000000;94.9;48;0
3043;https://www.mgfishing.eu/6687/trabucco-urban-net-manico-telescopico-per-spinning.jpg;"Trabucco Urban Net - Manico Telescopico per Spinning";080-74-030;Home;0.000000;0;251;0
3042;https://www.mgfishing.eu/7083/trabucco-venom-mini-net-manico-guadino.jpg;"Trabucco Venom Mini Net - Manico Guadino";080-73-125;Guadini;0.000000;32.9;7;0
3041;https://www.mgfishing.eu/7082/vektor-tls-net-manico-per-guadino-da-pesca-telescopico.jpg;"Vektor TLS Net - Manico per Guadino da Pesca Telescopico";080-72-520;Guadini;0.000000;13.9;401;0
3040;https://www.mgfishing.eu/6680/trabucco-inspiron-fd-distance-feeder-mulinello-da-feeder.jpg;"Trabucco INSPIRON FD & DISTANCE FEEDER 6500 - Mulinello da Feeder";034-81-165;"Mulinelli Frizione Anteriore";0.000000;75.9;415;0
3039;https://www.mgfishing.eu//k-karp-adamant-xtc-8000-mulinello-carp-runner.jpg;"K-Karp Adamant XTC 8000 - Mulinello Carp Runner";037-98-800;Home;0.000000;0;1;0
3038;https://www.mgfishing.eu/6679/k-karp-endless-mulinello-da-carpfishing.jpg;"K-Karp Endless 10000 - Mulinello da Carpfishing";037-80-800;"Mulinelli Surf Casting e CarpFishing";98.278689;119.9;43;0
3036;https://www.mgfishing.eu/6675/trabucco-marvel-mulinello.jpg;"Trabucco Marvel - Mulinello";035-25-550;"Mulinelli Frizione Anteriore";0.000000;44.9;49;0
3033;https://www.mgfishing.eu/7066/trabucco-mantis-rtx-mulinello-a-frizione-anteriore.jpg;"Trabucco Mantis RTX - Mulinello a Frizione Anteriore";034-86-200;"Mulinelli Frizione Anteriore";0.000000;30.9;938;0
3032;https://www.mgfishing.eu/7062/trabucco-glare-mulinello-da-spinning.jpg;"Trabucco Glare - Mulinello da Pesca";034-85-725;"Mulinelli Frizione Anteriore";0.000000;35.9;1633;0
3031;https://www.mgfishing.eu/7060/trabucco-ryden-fa-mulinelli-a-frizione-anteriore.jpg;"Trabucco Ryden FA - Mulinelli a Frizione Anteriore";034-85-510;"Mulinelli Frizione Anteriore";0.000000;35.9;868;0
3030;https://www.mgfishing.eu//mantis-stx-mulinello-spinning.jpg;"Mantis STX - Mulinello Spinning";034-84-520;Home;0.000000;32.9;1;0
3029;https://www.mgfishing.eu/6670/trabucco-srt-mulinelli-frizione-anteriore.jpg;"Trabucco SRT - Mulinelli Frizione Anteriore";034-83-920;"Mulinelli Frizione Anteriore";0.000000;48.9;0;1
3028;https://www.mgfishing.eu/6669/trabucco-lever-fa-mulinello-frizione-anteriore.jpg;"Trabucco Lever FA - Mulinello Frizione Anteriore";034-83-810;"Mulinelli Frizione Anteriore";0.000000;33.9;1193;0
3027;https://www.mgfishing.eu/7056/trabucco-xanthos-stc-mulinello-frizione-anteriore.jpg;"Trabucco Xanthos STC - Mulinello Frizione Anteriore";034-83-100;"Mulinelli Frizione Anteriore";0.000000;28.9;262;0
3026;https://www.mgfishing.eu/6655/trabucco-virtus-xf-distance-mulinello-da-feeder.jpg;"Trabucco Virtus XF & Distance - Mulinello da Feeder";034-81-245;"Mulinelli Surf Casting e CarpFishing";0.000000;83.9;217;0
3025;https://www.mgfishing.eu/6649/trabucco-inspiron-fd-distance-feeder-mulinello-da-feeder.jpg;"Trabucco Inspiron FD & Distance Feeder - Mulinello da Feeder";034-81-145;"Mulinelli Surf Casting e CarpFishing";0.000000;65.9;776;0
3024;https://www.mgfishing.eu/6645/gardner-kompass-fender-mulinello-da-feeder.jpg;"Gardner Kompass Fender - Mulinello da Feeder";034-81-045;"Mulinelli Surf Casting e CarpFishing";0.000000;48.9;186;0
3023;https://www.mgfishing.eu/6639/trabucco-maxxis-br-mulinello-da-feeder.jpg;"Trabucco Maxxis BR - Mulinello da Feeder";034-80-740;"Mulinelli Da Pesca";0.000000;35.9;455;0
3022;https://www.mgfishing.eu/7054/trabucco-qosmio-crs-mulinello-da-carpfishing.jpg;"Trabucco QOSMIO CRS - Mulinello da Feeder";034-80-400;"Mulinelli Surf Casting e CarpFishing";0.000000;41.9;108;0
3021;https://www.mgfishing.eu/7053/trabucco-precision-xs-mulinello-frizione-anteriore.jpg;"Trabucco Precision XS - Mulinello Frizione Anteriore";034-74-730;"Mulinelli Frizione Anteriore";0.000000;30.9;336;0
3020;https://www.mgfishing.eu/6638/trabucco-rpt-uni-net-handle-manico-per-guadino.jpg;"Trabucco RPT UNI-NET HANDLE - Manico per Guadino";084-50-500;Guadini;0.000000;0;98;0
3019;https://www.mgfishing.eu/6634/trabucco-rpt-wading-rubber-net-retino-da-wading.jpg;"Trabucco RPT WADING RUBBER NET - Retino da Wading";084-50-400;Guadini;0.000000;0;153;0
3018;https://www.mgfishing.eu/6632/rpt-rpt-trout-rubber-net-retino-da-pesca.jpg;"Rapture TROUT RUBBER NET - Retino da Pesca";084-50-250;Guadini;0.000000;0;76;0
3017;https://www.mgfishing.eu/6631/rpt-wading-rete-in-silicone-con-telaio-in-alluminio-accessorio-da-pesca.jpg;"RPT Wading Retino in Silicone con Telaio in Alluminio - Accessorio da Pesca";084-50-210;Guadini;0.000000;0;125;0
3016;https://www.mgfishing.eu/6630/rapture-rubba-manico-compatibile-per-guadino-manico-telescopico.jpg;"Rapture Rubba Manico Compatibile per Guadino - Manico Telescopico";084-50-165;Guadini;0.000000;0;154;0
3015;https://www.mgfishing.eu/6629/rapture-rubba-compact-net-120-2-retino-da-pesca.jpg;"Rapture Rubba Compact Net - Retino da Pesca";084-50-160;Guadini;0.000000;0;84;0
3014;https://www.mgfishing.eu/7052/trabucco-smart-digital-scale-50-kg-bilancia-elettronica-di-precisione.jpg;"Trabucco Smart Digital Scale 50 kg - Bilancia Elettronica di Precisione";083-60-450;Bilance;8.934426;10.9;924;0
3013;https://www.mgfishing.eu/6623/gnt-x-keepnet-compact-match-carp-retino-per-carpa.jpg;"GNT-X Keepnet Compact Match Carp - Retino per Carpa";082-63-300;"Nasse e Reti";58.934426;71.9;0;1
3012;https://www.mgfishing.eu/6622/dream-team-edge-carp-network-retino-da-carpodromo.jpg;"Dream Team Edge Carp Network - Retino da Carpodromo";081-06-510;Home;49.098361;59.9;0;1
3011;https://www.mgfishing.eu/7051/trabucco-precision-rpl-slimpower-net-manico-da-competizione.jpg;"Trabucco Precision RPL Slimpower Net - Manico da Competizione";081-05-410;Guadini;36.803279;44.9;151;0
3010;https://www.mgfishing.eu/7050/trabucco-zest-pro-net-3003-manico-pesca.jpg;"Trabucco Zest Pro Net 3003 - Manico Pesca";081-00-300;Guadini;44.180328;53.9;176;0
3009;https://www.mgfishing.eu/7081/gnt-ultra-net-performance-manico-pesca.jpg;"GNT Ultra Net Performance - Manico Pesca";080-83-300;Guadini;109.754098;133.9;41;0
3008;https://www.mgfishing.eu/7048/gnt-ultra-net-competition-pesca.jpg;"GNT Ultra Net Competition - Pesca";080-83-210;Guadini;136.803279;166.9;105;0
3006;https://www.mgfishing.eu/6613/k-karp-gladio-3d-camo-12000-mulinello-big-pit-carpfishing.jpg;"K-Karp Gladio 3D Camo 12000 - Mulinello Big Pit Carpfishing";037-92-995;"Mulinelli Da Pesca";61.393443;74.9;112;0
3005;https://www.mgfishing.eu/6612/k-karp-absolute-vx-10000-mulinello-big-pit.jpg;"K-Karp Absolute VX 10000 - Mulinello Big Pit";037-82-800;"Mulinelli Da Pesca";118.770492;144.9;56;0
3004;https://www.mgfishing.eu/7045/esp-k-karp-reaction-xt-8000-mulinello-da-carpfishing.jpg;"ESP K-Karp Reaction XT 8000 - Mulinello da Carpfishing";037-77-800;"Mulinelli Da Pesca";106.475410;129.9;130;0
3003;https://www.mgfishing.eu/6602/k-karp-reaction-vx-8000-mulinello-da-carpfishing.jpg;"K-Karp Reaction VX 8000 - Mulinello da Carpfishing";037-76-800;"Mulinelli Da Pesca";118.770492;144.9;5;0
3002;https://www.mgfishing.eu/6599/trabucco-castforce-xt-beach-5500-mulinello-surfcasting.jpg;"Trabucco Castforce XT Beach 5500 - Mulinello Surfcasting";035-28-550;"Mulinelli Surf Casting e CarpFishing";61.393443;74.9;56;0
3001;https://www.mgfishing.eu//trabucco-lancer-xtr-surf-6500-mulinello-surfcasting.jpg;"Trabucco Lancer XTR Surf 6500 - Mulinello Surfcasting";035-13-650;Home;81.885246;99.9;0;1
3000;https://www.mgfishing.eu/7044/trabucco-x-ride-xtr-beach-5500-mulinello-beach-ledgering-surfcasting.jpg;"Trabucco X-Ride XTR Beach 5500 - Mulinello Beach Ledgering Surfcasting";035-07-550;"Mulinelli Surf Casting e CarpFishing";91.721311;111.9;197;0
2999;https://www.mgfishing.eu/6511/trabucco-razar-mulinello-frizione-anteriore.jpg;"Trabucco Razar - Mulinello Frizione Anteriore";034-61-025;"Mulinelli Frizione Anteriore";0.000000;69.9;804;0
2998;https://www.mgfishing.eu/7037/trabucco-xplore-fx-mulinello-a-frizione-anteriore.jpg;"Trabucco Xplore FX - Mulinello a Frizione Anteriore";034-59-250;"Mulinelli Frizione Anteriore";0.000000;83.9;504;0
2997;https://www.mgfishing.eu/7036/xplore-mtc-mulinello-pesca-trota-lago.jpg;"Xplore MTC - Mulinello pesca Trota Lago";034-58-250;"Mulinelli Frizione Anteriore";0.000000;88.9;779;0
2996;https://www.mgfishing.eu/7029/krius-sw-fa-mulinello-frizione-anteriore.jpg;"KRIUS SW FA - Mulinello Frizione Anteriore";034-54-250;"Mulinelli Frizione Anteriore";0.000000;71.9;75;0
2995;https://www.mgfishing.eu//firecore-fa-mulinello-da-spinning.jpg;"Firecore FA - Mulinello da Spinning";034-53-250;Home;0.000000;133.9;578;0
2994;https://www.mgfishing.eu/7026/trabucco-xplore-cx-mulinello-a-frizione-anteriore.jpg;"Trabucco Xplore CX - Mulinello a Frizione Anteriore";034-52-250;"Mulinelli Frizione Anteriore";0.000000;91.9;601;0
2993;https://www.mgfishing.eu/7024/trabucco-venger-fd-mulinello-da-feeder.jpg;"Trabucco Venger FD - Mulinello da Feeder";034-47-300;Home;0.000000;42.9;616;0
2992;https://www.mgfishing.eu/7016/trabucco-arrow-xtc-mulinello-a-frizione-anteriore.jpg;"Trabucco Arrow XTC - Mulinello a Frizione Anteriore";034-46-200;Home;0.000000;44.9;364;0
2991;https://www.mgfishing.eu/7012/trabucco-vidar-mulinello-da-pesca.jpg;"Trabucco Vidar - Mulinello da Pesca";034-45-100;"Mulinelli Frizione Anteriore";0.000000;48.9;463;0
2989;https://www.mgfishing.eu/7011/marvel-xtc-mulinello-da-pesca-a-frizione-anteriore.jpg;"Marvel XTC - Mulinello da Pesca a Frizione Anteriore";034-40-200;"Mulinelli Frizione Anteriore";0.000000;44.9;120;0
2988;https://www.mgfishing.eu//kronos-sfx-mulinello-da-spinning.jpg;"Kronos SFX - Mulinello da Spinning";034-38-200;Home;0.000000;42.9;0;1
2987;https://www.mgfishing.eu/7009/trabucco-helium-fa-mulinello-trout-area-e-eging.jpg;"Trabucco Helium FA - Mulinello Trout Area e Eging";034-29-100;"Mulinelli Frizione Anteriore";0.000000;127.9;60;0
2986;https://www.mgfishing.eu/6506/trabucco-brave-fb-mulinello-da-pesca-frizione-anteriore.jpg;"Trabucco Brave FB Mulinello da Pesca - Frizione Anteriore";034-19-020;"Mulinelli Frizione Anteriore";0.000000;57.9;577;0
2985;https://www.mgfishing.eu/7007/trabucco-sharp-frizione-anteriore-mulinello-da-surfcasting.jpg;"Trabucco Sharp Frizione anteriore - Mulinello Versatile";034-18-250;"Mulinelli Da Pesca";0.000000;111.9;181;0
2984;https://www.mgfishing.eu/7008/trabucco-virtus-mulinello-frizione-anteriore.jpg;"Trabucco Virtus - Mulinello Frizione Anteriore";034-16-200;"Mulinelli Frizione Anteriore";0.000000;111.9;139;0
2983;https://www.mgfishing.eu/6500/trabucco-invictus-xt-mulinello-da-spinning-frizione-anteriore.jpg;"Trabucco Invictus XT - Mulinello da Spinning Frizione Anteriore";034-15-250;"Mulinelli Frizione Anteriore";0.000000;105.9;426;0
2982;https://www.mgfishing.eu/6999/trabucco-invictus-sw-power-mulinello-da-spinning-8-cuscinetti.jpg;"Trabucco Invictus SW Power - Mulinello da Spinning 8 Cuscinetti";033-99-065;"Mulinelli Bolognese e Spinning";0.000000;188.9;100;0
2981;https://www.mgfishing.eu/6976/trabucco-lancer-hs-mulinello-frizione-anteriore.jpg;"Trabucco Lancer HS - Mulinello Frizione Anteriore";033-88-450;"Mulinelli Frizione Anteriore";0.000000;99.9;131;0
2980;https://www.mgfishing.eu/6499/avalon-6500-blue-mulinello-surfcasting.jpg;"Avalon 6500 Blue - Mulinello Surfcasting";033-42-600;"Mulinelli Surf Casting e CarpFishing";0.000000;23.9;917;0
2979;https://www.mgfishing.eu//dayton-mulinello-da-spinning.jpg;"Dayton Mulinello da Spinning";033-27-500;Home;0.000000;28.9;201;0
2978;https://www.mgfishing.eu/6969/k-karp-pulsar-ads-avvisatore-da-carpfishing.jpg;"K-Karp Pulsar ADS Avvisatore da Carpfishing";019-27-100;"Avvisatori Abboccata e Starlight";0.000000;0;37;0
2977;https://www.mgfishing.eu/6983/keres-ltx-1000-mulinello-frizione-anteriore.jpg;"Keres LTX 1000 - Mulinello Frizione Anteriore";034-57-100;"Mulinelli Frizione Anteriore";63.032787;76.9;0;1
2976;https://www.mgfishing.eu/6966/marvel-fdr-4000-mulinello-da-feeder.jpg;"Marvel FDR 4000 - Mulinello da Feeder";034-34-400;"Mulinelli Bolognese e Spinning";38.442623;46.9;44;0
2975;https://www.mgfishing.eu/6961/trabucco-x-sense-fa-5000-mulinello-a-frizione-anteriore.jpg;"Trabucco X-Sense FA 5000 - Mulinello a frizione anteriore";034-17-500;"Mulinelli Frizione Anteriore";91.721311;111.9;0;1
2974;https://www.mgfishing.eu//maniac-fd-5000-mulinello-da-spinning.jpg;"Maniac FD 5000 - Mulinello da Spinning";034-11-500;Home;91.721311;111.9;1;0
2973;https://www.mgfishing.eu//trabucco-invictus-mulinello-frontale-5000.jpg;"Trabucco Invictus - Mulinello Frontale 5000";033-98-500;Home;0.000000;0;1;0
2972;https://www.mgfishing.eu/6957/trabucco-airblade-pro-free-spool-4000-mulinello-da-spinning.jpg;"Trabucco Airblade Pro Free Spool 4000 - Mulinello Spinning Feeder";033-72-400;Home;68.770492;83.9;320;0
2971;https://www.mgfishing.eu//trabucco-airblade-sw-power-fd-5000-mulinello-surfcasting.jpg;"Trabucco Airblade SW Power FD 5000 - Mulinello Surfcasting";033-71-500;Home;72.868852;88.9;2;0
2969;https://www.mgfishing.eu/6956/trabucco-admiral-long-cast-10000-mulinello-surfcasting.jpg;"Trabucco Admiral Long Cast 10.000 - Mulinello Surfcasting";033-35-300;"Mulinelli Surf Casting e CarpFishing";43.360656;52.9;223;0
2968;https://www.mgfishing.eu/6496/arrow-arrow-micro-fd-100-mulinello-da-spinning.jpg;"Arrow Micro FD 100 - Mulinello da Spinning";033-13-300;"Mulinelli Bolognese e Spinning";25.327869;30.9;447;0
2967;https://www.mgfishing.eu/6493/k-karp-k-karp-pulsar-ads-lamp-sistema-di-rilevazione-abboccata.jpg;"K-KARP PULSAR ADS LAMP - Sistema di Rilevazione Abboccata";019-27-300;Lampade;0.000000;0;99;0
2966;https://www.mgfishing.eu/6427/molix-brugas-r-minnow-jerk-spinning.jpg;"Molix Brugas R - Minnow Jerk Spinning";;"Esche Artificiali da Pesca";14.672131;17.9;5;0
2965;https://www.mgfishing.eu/6423/molix-finder-jerk-evo-125-f-.jpg;"Molix Finder Jerk EVO 125 F";;"Esche Artificiali da Pesca";15.491803;18.9;3;0
2964;https://www.mgfishing.eu/6417/molix-audace-evo-130-ss-minnow-spinning.jpg;"Molix Audace EVO 130 SS - Minnow Spinning";;"Esche Artificiali da Pesca";15.491803;18.9;5;0
2963;https://www.mgfishing.eu/6415/molix-outset-light-game-solid-05-7gr-220-mt-canna-light-spinning.jpg;"Molix Outset Light Game Solid 0,5-7Gr 2,20 MT- Canna Light Spinning";MOR-LG-732S;"Canne Da Pesca";106.475410;129.9;1;0
2962;https://www.mgfishing.eu/6410/molix-outset-predator-canna-spinning.jpg;"Molix Outset Predator - Canna Spinning";;"Canne Da Pesca";0.000000;134.9;3;0
2961;https://www.mgfishing.eu/6409/molix-outset-all-round-spinning-216-mt-10-35-gr-.jpg;"Molix Outset All Round Spinning 2,16 MT 10-35 Gr";MOR-S-71H;"Canne Da Pesca";110.573770;134.9;1;0
2960;https://www.mgfishing.eu/6408/major-craft-firstcast-spinning-183-mt-08-7-gr-.jpg;"Major Craft Firstcast Spinning 1,83 MT 0,8-7 Gr";FCS-602UL;"Canne Da Pesca";65.491803;79.9;2;0
2959;https://www.mgfishing.eu/6952/trabucco-folgore-sense-beach-canna-surfcasting.jpg;"Trabucco Folgore Sense Beach - Canna Surfcasting";170-83-600;"Canne Surfcasting";68.770492;83.9;85;0
2957;https://www.mgfishing.eu/6406/trabucco-sonic-xs-starter-beach-ii-canna-surfcasting.jpg;"Trabucco Sonic XS Starter Beach II - Canna Surfcasting";170-49-150;Home;36.803279;44.9;0;1
2956;https://www.mgfishing.eu/6405/trabucco-sonic-xs-mormora-canna-surfcasting.jpg;"Trabucco Sonic XS Mormora - Canna Surfcasting";170-49-010;Home;36.803279;44.9;0;1
2955;https://www.mgfishing.eu/6945/trabucco-kronos-progress-beach-canna-surfcasting.jpg;"Trabucco Kronos Progress Beach - Canna Surfcasting";169-28-200;Home;49.098361;59.9;2;0
2954;https://www.mgfishing.eu/6942/trabucco-iridium-over-deep-3004-400-canna-da-barca.jpg;"Trabucco Iridium Over Deep 3 mt - Canna da Barca";162-68-300;"Canne Da Bolentino";72.868852;88.9;31;0
2953;https://www.mgfishing.eu/6937/astore-deep-game-3-4-mt-x-heavy-canna-da-bolentino.jpg;"Astore Deep Game 3-4 mt X HEAVY - Canna da Bolentino";162-21-400;"Canne Da Bolentino";118.770492;144.9;58;0
2951;https://www.mgfishing.eu/6930/trabucco-vanadia-pro-drift-canna-da-bolentino.jpg;"Trabucco Vanadia Pro Drift - Canna da Bolentino";161-67-010;"Canne Da Bolentino";72.868852;88.9;111;0
2950;https://www.mgfishing.eu/6929/corsair-shore-egi-inshore-game-spinning-e-eging.jpg;"Corsair Shore EGI Inshore Game - Spinning e Eging";161-49-210;"Canne Da Spinning";42.540984;51.9;145;0
2947;https://www.mgfishing.eu/6928/trabucco-sygnus-xs-pro-waggler-canna-da-pesca-a-bolognese.jpg;"Trabucco Sygnus XS Pro Waggler - Canna da Pesca a Bolognese";157-71-450;"Canne Bolognese";113.852459;138.9;54;0
2946;https://www.mgfishing.eu/6927/trabucco-infinium-x3-carp-36-mt-canna-da-carpfishing.jpg;"Trabucco Infinium X3 Carp 3,6 mt - Canna da Carpfishing";156-32-036;"Canne Da Carpfishing";44.180328;53.9;33;0
2945;https://www.mgfishing.eu/6926/trabucco-infinium-carp-3602-12-300-canna-da-carpfishing.jpg;"Trabucco Infinium X2 Carp 3,6 mt - Canna da Carpfishing";156-31-036;"Canne Da Carpfishing";42.540984;51.9;58;0
2943;https://www.mgfishing.eu/6925/trabucco-energhia-2k-match-extreme-canna-da-pesca-inglese.jpg;"Trabucco Energhia 2K Match Extreme - Canna da Pesca Inglese";153-22-450;"Canne Bolognese";291.721311;355.9;42;0
2942;https://www.mgfishing.eu/6924/trabucco-flare-carp-tele-feeder-canna-da-feeder.jpg;"Trabucco Flare Carp Tele Feeder - Canna da Feeder";152-70-360;"Canne Feeder";58.934426;71.9;101;0
2941;https://www.mgfishing.eu/6923/trabucco-precision-rpl-combi-tip-canna-da-match-e-feeder.jpg;"Trabucco Precision RPL Combi Tip - Canna da Feeder e Pesca Inglese";152-28-360;"Canne Feeder";63.852459;77.9;71;0
2940;https://www.mgfishing.eu/6922/trabucco-precision-rpl-extreme-distance-canna-surfcasting.jpg;"Trabucco Precision RPL Extreme Distance - Canna Surfcasting";152-22-390;Home;68.770492;83.9;23;0
2939;https://www.mgfishing.eu/6921/trabucco-precision-fdx-master-quiver-canna-da-feeder.jpg;"Trabucco Precision FDX Master Quiver - Canna da Feeder";152-11-130;"Canne Feeder";49.098361;59.9;170;0
2938;https://www.mgfishing.eu/6920/trabucco-precision-fdx-master-bomb-canna-da-feeder.jpg;"Trabucco Precision FDX Master Bomb - Canna da Feeder";152-11-120;"Canne Feeder";44.180328;53.9;99;0
2937;https://www.mgfishing.eu/6919/trabucco-precision-fdx-master-picker-canna-da-feeder.jpg;"Trabucco Precision FDX Master Picker - Canna da Feeder";152-11-110;"Canne Feeder";42.540984;51.9;219;0
2935;https://www.mgfishing.eu/6918/trabucco-cassiopea-nxs-surf-canna-surfcasting.jpg;"Trabucco Cassiopea NXS Surf - Canna Surfcasting";172-19-250;"Canne Surfcasting";309.754098;377.9;15;0
2933;https://www.mgfishing.eu/6917/trabucco-khamshin-ngx-surf-canna-surfcasting.jpg;"Trabucco Khamshin NGX Surf - Canna Surfcasting";172-15-200;"Canne Surfcasting";232.704918;283.9;19;0
2932;https://www.mgfishing.eu/6916/trabucco-impera-gt-beach-canna-surfcasting.jpg;"Trabucco Impera GT Beach - Canna Surfcasting";172-05-510;"Canne Surfcasting";291.721311;355.9;19;0
2931;https://www.mgfishing.eu/6915/trabucco-firebird-surf-l-lc-canna-surfcasting.jpg;"Trabucco Firebird Surf-L LC - Canna Surfcasting";172-03-020;"Canne Surfcasting";100.737705;122.9;25;0
2930;https://www.mgfishing.eu/6914/trabucco-folgore-master-beach-canna-surfcasting.jpg;"Trabucco Folgore Master Beach - Canna Surfcasting";170-83-500;"Canne Surfcasting";0.000000;88.9;190;0
2929;https://www.mgfishing.eu/6746/trabucco-andromeda-xt-beach-canna-surfcasting.jpg;"Trabucco Andromeda XT Beach - Canna Surfcasting";170-82-110;Home;0.000000;71.9;273;0
2926;https://www.mgfishing.eu/6743/avalon-surf-casting-vi-canna-surfcasting.jpg;"Avalon Surf Casting VI - Canna Surfcasting";170-53-600;"Canne Surfcasting";0.000000;44.9;0;1
2925;https://www.mgfishing.eu/6742/oceanic-oceanic-storm-surf-canna-surfcasting.jpg;"Oceanic Storm Surf - Canna Surfcasting";170-52-300;"Canne Surfcasting";0.000000;38.9;413;0
2922;https://www.mgfishing.eu/6741/trabucco-virgo-ld-surf-lc-canna-surfcasting.jpg;"Trabucco Virgo LD Surf LC - Canna Surfcasting";171-99-700;"Canne Surfcasting";113.852459;138.9;16;0
2920;https://www.mgfishing.eu/6739/trabucco-olympea-rst-surf-kw-canna-surfcasting.jpg;"Trabucco Olympea RST Surf KW - Canna Surfcasting";171-86-650;"Canne Surfcasting";250.737705;305.9;11;0
2919;https://www.mgfishing.eu/6738/trabucco-perseide-accurate-beach-canna-surfcasting.jpg;"Trabucco Perseide Accurate Beach - Canna Surfcasting";171-80-042;"Canne Surfcasting";86.803279;105.9;51;0
2916;https://www.mgfishing.eu/6734/medira-tekno-cast-canna-surfcasting.jpg;"Medira Tekno Cast - Canna Surfcasting";169-26-510;"Canne Surfcasting";0.000000;49.9;297;0
2915;https://www.mgfishing.eu/6598/vektor-bolentino-speciale-sgombro-canna-da-bolentino.jpg;"Vektor Bolentino Speciale Sgombro - Canna da Bolentino";168-26-240;"Canne Da Bolentino";0.000000;25.9;151;0
2914;https://www.mgfishing.eu/6597/trabucco-achab-xp-teleboat-canna-da-spinning.jpg;"Trabucco Achab XP Teleboat - Canna da Spinning";168-22-024;"Canne Da Spinning";0.000000;28.9;718;0
2913;https://www.mgfishing.eu/6596/solaris-solaris-xt-hyper-boat-canna-da-pesca.jpg;"Solaris XT Hyper Boat - Canna da Pesca";168-21-320;"Canne Da Bolentino";0.000000;25.9;338;0
2912;https://www.mgfishing.eu/6595/solaris-xt-tekno-boat-canna-da-spinning.jpg;"Solaris XT Tekno Boat - Canna da Spinning";168-21-219;"Canne Da Spinning";0.000000;21.9;408;0
2911;https://www.mgfishing.eu/6594/sonic-sonic-power-boat-canna-da-spinning.jpg;"Sonic Power Boat - Canna da Spinning";168-21-123;"Canne Da Spinning";0.000000;28.9;87;0
2910;https://www.mgfishing.eu/6593/trabucco-skipjack-live-trolling-canna-da-spinning.jpg;"Trabucco Skipjack Live Trolling - Canna da Spinning";167-33-520;"Canne Da Spinning";0.000000;86.9;164;0
2909;https://www.mgfishing.eu/6592/trabucco-meridian-live-trolling-canna-da-spinning.jpg;"Trabucco Meridian Live Trolling - Canna da Spinning";167-33-412;"Canne Da Spinning";0.000000;71.9;93;0
2908;https://www.mgfishing.eu/6591/trabucco-neptune-xt-trolling-canna-da-spinning.jpg;"Trabucco Neptune XT Trolling - Canna da Spinning";167-33-212;"Canne Da Spinning";0.000000;33.9;75;0
2907;https://www.mgfishing.eu/6588/trabucco-boreas-live-trolling-acid-canna-da-traina-con-esche-vive.jpg;"Trabucco Boreas Live Trolling Acid - Canna da Traina con Esche Vive";167-29-100;"Canne Da Traina";0.000000;133.9;184;0
2905;https://www.mgfishing.eu/6587/windrose-acid-plus-live-canna-da-spinning.jpg;"Windrose Acid Plus Live - Canna da Spinning";167-28-010;"Canne Da Spinning";0.000000;149.9;20;0
2902;https://www.mgfishing.eu/6585/quasar-quasar-teleboat-canna-da-spinning.jpg;"Trabucco Quasar Teleboat - Canna da Spinning";162-72-010;"Canne Da Spinning";0.000000;65.9;124;0
2901;https://www.mgfishing.eu/6584/scuba-scuba-xtreme-power-boat-canna-da-spinning.jpg;"Scuba Xtreme Power Boat - Canna da Spinning";162-69-210;"Canne Da Spinning";0.000000;38.9;191;0
2900;https://www.mgfishing.eu/6583/scuba-scuba-xtreme-master-boat-2103-150-canna-surfcasting.jpg;"Trabucco SCUBA XTREME MASTER BOAT - Canna Surfcasting";162-69-110;"Canne Surfcasting";0.000000;38.9;414;0
2899;https://www.mgfishing.eu/6581/scuba-scuba-xtreme-teknik-boat-canna-da-barca.jpg;"Scuba Xtreme Teknik Boat - Canna da Barca";162-69-010;"Canne Da Bolentino";0.000000;38.9;346;0
2898;https://www.mgfishing.eu/6578/trabucco-iridium-teleboat-canna-surfcasting.jpg;"Trabucco Iridium Teleboat - Canna Surfcasting";162-65-210;"Canne Surfcasting";0.000000;42.9;0;1
2897;https://www.mgfishing.eu/6577/trabucco-vanadia-lt-drift-canna-da-spinning.jpg;"Trabucco Vanadia LT Drift - Canna da Spinning";162-26-350;"Canne Da Spinning";0.000000;83.9;61;0
2896;https://www.mgfishing.eu/6576/trabucco-perseide-tekno-boat-light-canna-da-pesca-telescopica.jpg;"Trabucco Perseide Tekno Boat Light - Canna da Pesca Telescopica";162-22-010;"Canne Da Bolentino";0.000000;105.9;18;0
2895;https://www.mgfishing.eu/6575/trabucco-antilia-sea-force-canna-da-spinning.jpg;"Trabucco Antilia Sea Force - Canna da Spinning";162-19-100;"Canne Da Spinning";0.000000;266.9;58;0
2893;https://www.mgfishing.eu/6566/trabucco-antilia-light-drifting-canna-bolentino.jpg;"Trabucco Antilia Light Drifting - Canna Bolentino";162-00-390;"Canne Da Bolentino";0.000000;155.9;112;0
2892;https://www.mgfishing.eu/6558/swims-deep-quiver-canna-da-bolentino.jpg;"Swims Deep Quiver - Canna da Bolentino";161-90-010;"Canne Da Bolentino";0.000000;88.9;583;0
2891;https://www.mgfishing.eu/6556/perseide-quiver-boat-canna-da-bolentino.jpg;"Perseide Quiver Boat - Canna da Bolentino";161-81-010;"Canne Da Bolentino";0.000000;79.9;345;0
2890;https://www.mgfishing.eu/6555/trabucco-pulse-max-deep-canna-da-bolentino-e-traina.jpg;"Trabucco Pulse Max Deep - Canna da Bolentino e Traina";161-70-400;"Canne Da Bolentino";0.000000;65.9;60;0
2888;https://www.mgfishing.eu/6565/trabucco-vanadia-sparide-canna-bolentino.jpg;"Trabucco Vanadia Sparide - Canna Bolentino";161-66-240;"Canne Da Bolentino";0.000000;77.9;227;0
2887;https://www.mgfishing.eu/6564/vanadia-vanadia-atlantica-canna-da-bolentino-e-light-drifting.jpg;"Vanadia Atlantica - Canna da Bolentino e Light Drifting";161-64-270;"Canne Da Bolentino";0.000000;83.9;24;0
2886;https://www.mgfishing.eu/6307/seasteel-quiver-boat-canna-da-pesca-con-pasturatore.jpg;"Trabucco Seasteel Quiver Boat - Canne Bolentino";161-60-110;"Canne Da Bolentino";0.000000;56.9;170;0
2885;https://www.mgfishing.eu/6563/corsair-corsair-specialist-ika-sensemetal-canna-da-spinning.jpg;"Corsair Specialist Ika SenseMetal - Canna da Spinning";161-49-310;"Canne Da Spinning";0.000000;54.9;118;0
2884;https://www.mgfishing.eu/6562/corsair-squid-specialist-tataky-oppai-canna-da-spinning.jpg;"Corsair Squid Specialist Tataky Oppai - Canna da Spinning";161-49-110;"Canne Da Spinning";0.000000;54.9;209;0
2883;https://www.mgfishing.eu/6561/trabucco-corsair-vertical-master-canna-da-vertical-fishing.jpg;"Trabucco Corsair Vertical Master - Canna da Vertical Fishing";161-49-010;"Canne Da Bolentino";0.000000;53.9;318;0
2882;https://www.mgfishing.eu/6560/trabucco-epica-xtreme-pro-canna-da-spinning.jpg;"Trabucco Epica Xtreme Pro - Canna da Spinning";161-42-310;"Canne Da Spinning";0.000000;71.9;63;0
2881;https://www.mgfishing.eu/6559/heraklion-heraklion-power-boat-canna-da-bolentino.jpg;"Heraklion Power Boat - Canna da Bolentino";161-40-310;"Canne Da Bolentino";0.000000;144.9;39;0
2880;https://www.mgfishing.eu/6292/trabucco-heraklion-x-deep-2402-canna-surfcasting.jpg;"Trabucco Heraklion X Deep 2402 - Canna Surfcasting";161-38-240;"Canne Surfcasting";0.000000;94.9;266;0
2879;https://www.mgfishing.eu/6552/searider-bolentino-canna-da-bolentino.jpg;"Searider Bolentino - Canna da Bolentino";161-14-410;"Canne Da Bolentino";0.000000;25.9;268;0
2878;https://www.mgfishing.eu/6551/searider-sense-squid-canna-da-spinning.jpg;"Searider SENSE SQUID - Canna da Spinning";161-14-310;"Canne Da Spinning";0.000000;24.9;238;0
2877;https://www.mgfishing.eu/6550/trabucco-achab-pro-boat-canna-surfcasting.jpg;"Trabucco Achab Pro Boat - Canna Surfcasting";161-11-310;Home;0.000000;32.9;601;0
2876;https://www.mgfishing.eu/6549/searider-searider-xp-boat-canna-da-traina-leggera.jpg;"Searider Searider XP Boat - Canna da Traina Leggera";160-88-130;"Canne Da Traina";0.000000;18.9;327;0
2875;https://www.mgfishing.eu/6545/searider-tekno-squid-canna-da-spinning.jpg;"Searider Tekno Squid - Canna da Spinning";160-88-010;"Kit Spinning";0.000000;34.9;175;0
2874;https://www.mgfishing.eu/6245/trabucco-spectrum-xtm-dynamic-match-canna-da-pesca-match.jpg;"Trabucco Spectrum XTM Dynamic Match - Canna da Pesca all'Inglese";157-75-010;"Canne Bolognese";0.000000;144.9;138;0
2873;https://www.mgfishing.eu/6544/trabucco-sygnum-xs-pro-carp-waggler.jpg;"Trabucco Sygnum XS Pro Carp Waggler";157-71-030;"Canne Da Carpfishing";0.000000;94.9;94;0
2872;https://www.mgfishing.eu//proxima-proxima-xp-river-feeder-canna-da-feeder.jpg;"Proxima Proxima XP River Feeder - Canna da Feeder";153-75-610;Home;0.000000;127.9;63;0
2871;https://www.mgfishing.eu/6535/trabucco-proxima-xp-sw-master-feeder-canna-da-feeder.jpg;"Trabucco Proxima XP SW Master Feeder - Canna da Feeder";153-75-510;"Canne Feeder";0.000000;94.9;244;0
2870;https://www.mgfishing.eu/6226/proxima-proxima-xp-carp-master-feeder-canna-da-feeder.jpg;"Proxima XP Carp Master Feeder - Canna da Feeder";153-75-410;"Canne Feeder";0.000000;77.9;109;0
2869;https://www.mgfishing.eu/6534/trabucco-proxima-xp-method-feeder-canna-da-feeder.jpg;"Trabucco Proxima XP Method Feeder - Canna da Feeder";153-75-310;"Canne Feeder";0.000000;71.9;57;0
2868;https://www.mgfishing.eu/6533/trabucco-proxima-xp-power-feeder-canna-da-feeder.jpg;"Trabucco Proxima XP Power Feeder - Canna da Feeder";153-75-220;"Canne Feeder";0.000000;94.9;122;0
2867;https://www.mgfishing.eu/6532/proxima-xp-active-feeder-canna-da-feeder.jpg;"Proxima XP Active Feeder - Canna da Feeder";153-75-110;"Canne Feeder";0.000000;83.9;457;0
2866;https://www.mgfishing.eu/6215/trabucco-kompass-xr-carp-waggler-galleggiante-da-carp-fishing.jpg;"Trabucco Kompass XR Carp Waggler - Galleggiante da Carp Fishing";153-70-310;Home;0.000000;59.9;1;0
2865;https://www.mgfishing.eu/6531/trabucco-kompass-xr-continental-power-feeder-canna-da-feeder.jpg;"Trabucco Kompass XR Continental Power Feeder - Canna da Feeder";153-70-210;"Canne Feeder";0.000000;80.9;224;0
2864;https://www.mgfishing.eu/6530/trabucco-kompass-xr-allround-feeder-canna-da-feeder.jpg;"Trabucco Kompass XR Allround Feeder - Canna da Feeder";153-70-110;"Canne Feeder";0.000000;59.9;389;0
2863;https://www.mgfishing.eu/6526/trabucco-energhia-xr-dynamic-match-canna-da-pesca-inglese.jpg;"Trabucco Energhia XR Dynamic Match - Canna da Pesca Inglese";153-32-420;"Canne Bolognese";0.000000;388.9;24;0
2862;https://www.mgfishing.eu//trabucco-inspiron-fd-master-canna-surfcasting.jpg;"Trabucco Inspiron FD Master - Canna Surfcasting";153-04-360;Home;0.000000;105.9;25;0
2861;https://www.mgfishing.eu/6525/trabucco-inspiron-fd-competition-multi-canna-da-feeder.jpg;"Trabucco INSPIRON FD Competition Multi - Canna da Feeder";153-02-360;"Canne Feeder";0.000000;94.9;32;0
2860;https://www.mgfishing.eu/6207/hydrus-tele-feeder-canna-da-feeder.jpg;"Hydrus Tele Feeder - Canna da Feeder";152-66-036;Home;0.000000;59.9;0;1
2859;https://www.mgfishing.eu/6524/trabucco-selektor-xs-distance-method-canna-da-surfcasting.jpg;"Trabucco Selektor XS Distance Method - Canna da Surfcasting";152-64-360;"Canne Surfcasting";0.000000;94.9;117;0
2858;https://www.mgfishing.eu//trabucco-precision-rpl-allrounder-canna-da-match.jpg;"Trabucco Precision RPL Allrounder - Canna da Match";152-27-360;Home;0.000000;65.9;112;0
2857;https://www.mgfishing.eu/6522/trabucco-precision-rpl-ssw-concept-feeder-canna-da-feeder.jpg;"Trabucco Precision RPL SSW Concept Feeder - Canna da Feeder";152-24-360;"Canne Feeder";0.000000;71.9;495;0
2856;https://www.mgfishing.eu/6521/trabucco-precision-rpl-ssw-accurate-feeder-canna-da-feeder.jpg;"Trabucco Precision RPL SSW Accurate Feeder - Canna da Feeder";152-24-275;"Canne Feeder";0.000000;65.9;523;0
2855;https://www.mgfishing.eu/6520/trabucco-precision-rpl-specimen-spod-canna-surfcasting.jpg;"Trabucco Precision RPL Specimen & Spod - Canna Surfcasting";152-23-360;"Canne Surfcasting";0.000000;77.9;87;0
2854;https://www.mgfishing.eu/6519/trabucco-precision-fdx-river-feeder-canna-da-feeder.jpg;"Trabucco Precision FDX River Feeder - Canna da Feeder";152-11-510;"Canne Feeder";0.000000;53.9;320;0
2853;https://www.mgfishing.eu/6518/trabucco-precision-fdx-carp-feeder-canna-da-feeder.jpg;"Trabucco Precision FDX Carp Feeder - Canna da Feeder";152-11-410;"Canne Feeder";0.000000;53.9;526;0
2852;https://www.mgfishing.eu/6517/trabucco-precision-fdx-method-feeder-canna-da-feeder.jpg;"Trabucco Precision FDX Method Feeder - Canna da Feeder";152-11-310;"Canne Feeder";0.000000;51.9;160;0
2851;https://www.mgfishing.eu/6516/trabucco-precision-fdx-feeder-evo-canna-da-feeder.jpg;"Trabucco Precision FDX Feeder Evo - Canna da Feeder";152-11-210;"Canne Feeder";0.000000;51.9;467;0
2850;https://www.mgfishing.eu/6515/trabucco-precision-fdx-master-feeder-canna-da-feeder.jpg;"Trabucco Precision FDX Master Feeder - Canna da Feeder";152-11-140;"Canne Feeder";0.000000;65.9;612;0
2849;https://www.mgfishing.eu/6492/trabucco-precision-mtx-allrounder-canna-match.jpg;"Trabucco Precision MTX Allrounder - Canna Match";152-10-310;"Canne Bolognese";0.000000;53.9;67;0
2848;https://www.mgfishing.eu/6491/preston-precision-mtx-waggler-plus-pesca-all-inglese.jpg;"Preston Precision MTX Waggler Plus - pesca all'inglese";152-10-210;"Canne Bolognese";0.000000;51.9;106;0
2847;https://www.mgfishing.eu/6490/trabucco-precision-mtx-match-carp-canna-da-match-carp.jpg;"Trabucco Precision MTX Match Carp - Canna da Match Carp";152-10-110;"Canne Bolognese";0.000000;59.9;485;0
2846;https://www.mgfishing.eu/6489/trabucco-precision-mtx-match-plus-canna-da-match.jpg;"Trabucco Precision MTX Match Plus - Canna da Match";152-10-010;"Canne Bolognese";0.000000;77.9;328;0
2845;https://www.mgfishing.eu//trabucco-pulse-energy-telematch-canna-da-telematch.jpg;"Trabucco Pulse Energy Telematch - Canna da Telematch";151-99-500;Home;0.000000;48.9;0;1
2844;https://www.mgfishing.eu/6484/hydrus-neo-canna-telematch-trabucco.jpg;"Hydrus Neo Canna Telematch - Trabucco";151-84-520;"Canne Surfcasting";0.000000;48.9;64;0
2843;https://www.mgfishing.eu/6483/trabucco-titan-tele-match-canna-da-tele-match.jpg;"Trabucco Titan Tele Match - Canna da Tele Match";151-82-010;"Canne Surfcasting";0.000000;65.9;164;0
2842;https://www.mgfishing.eu/6479/vigor-t-match-canna-da-inglese.jpg;"Vigor T Match - Canna da Inglese";151-81-210;"Canne Surfcasting";0.000000;59.9;73;0
2841;https://www.mgfishing.eu/6473/maxxis-t-match-canna-telematch.jpg;"Maxxis T Match - Canna Telematch";151-81-110;"Canne Surfcasting";0.000000;65.9;55;0
2840;https://www.mgfishing.eu/6472/trabucco-sygnum-xs-mini-feeder-canna-da-feeder.jpg;"Trabucco Sygnum XS Mini Feeder - Canna da Feeder";151-01-100;"Canne Feeder";0.000000;122.9;110;0
2839;https://www.mgfishing.eu/6471/trabucco-spectrum-xtd-dynamic-feeder-canna-da-feeder.jpg;"Trabucco Spectrum XTD Dynamic Feeder - Canna da Feeder";150-83-330;"Canne Feeder";0.000000;133.9;82;0
2838;https://www.mgfishing.eu//trabucco-spectrum-xts-stillwater-feeder-canna-da-feeder.jpg;"Trabucco Spectrum XTS Stillwater Feeder - Canna da Feeder";150-82-300;Home;0.000000;122.9;181;0
2837;https://www.mgfishing.eu/6465/trabucco-spectrum-xtc-competition-canna-da-feeder.jpg;"Trabucco Spectrum XTC Competition - Canna da Feeder";150-81-200;"Canne Feeder";0.000000;133.9;269;0
2836;https://www.mgfishing.eu/6464/trabucco-trinis-gx-long-distance-feeder-canna-da-feeder.jpg;"Trabucco Trinis GX Long Distance Feeder - Canna da Feeder";150-76-310;"Canne Feeder";0.000000;155.9;243;0
2835;https://www.mgfishing.eu/6463/trabucco-trinis-gx-advanced-power-feeder-canna-da-feeder.jpg;"Trabucco Trinis GX Advanced Power Feeder - Canna da Feeder";150-76-210;"Canne Feeder";0.000000;138.9;247;0
2834;https://www.mgfishing.eu/6143/trabucco-trinis-gx-competition-feeder-canna-da-feeder.jpg;"Trabucco Trinis GX Competition Feeder - Canna da Feeder";150-76-110;"Canne Feeder";0.000000;127.9;306;0
2833;https://www.mgfishing.eu/6455/trabucco-perfecta-gx-competition-feeder-canna-da-feeder.jpg;"Trabucco Perfecta GX Competition Feeder - Canna da Feeder";150-60-010;"Canne Feeder";0.000000;133.9;440;0
2832;https://www.mgfishing.eu/6454/trabucco-titan-allround-tele-canna-da-spinning.jpg;"Trabucco Titan Allround Tele - Canna da Spinning";150-39-010;"Canne Da Spinning";0.000000;53.9;389;0
2831;https://www.mgfishing.eu/6452/trabucco-selenia-stx-match-canna-da-spinning.jpg;"Trabucco Selenia STX Match - Canna da Spinning";150-38-420;"Canne Da Spinning";0.000000;65.9;40;0
2830;https://www.mgfishing.eu/6451/atomic-xr-match-canna-da-inglese.jpg;"Atomic XR Match - Canna da Inglese";150-37-110;"Canne Bolognese";0.000000;88.9;102;0
2829;https://www.mgfishing.eu/6450/trabucco-frangente-x-force-match-canna-da-spinning.jpg;"Trabucco Frangente X Force Match - Canna da Spinning";150-36-045;"Canne Da Spinning";0.000000;111.9;31;0
2828;https://www.mgfishing.eu//trabucco-activa-match-allround-canna-da-pesca-in-acqua-dolce-e-salata.jpg;"Trabucco Activa Match Allround - Canna da Pesca in Acqua Dolce e Salata";150-35-010;Home;0.000000;64.9;142;0
2827;https://www.mgfishing.eu/6442/astore-slim-t-match-canna-da-spinning.jpg;"Trabucco Astore Slim T-Match - Canna da Spinning";150-33-110;"Canne Da Spinning";0.000000;83.9;478;0
2826;https://www.mgfishing.eu/6440/trabucco-prestige-slim-t-match-allround-canna-da-telematch.jpg;"Trabucco Prestige Slim T Match Allround - Canna da Telematch";150-30-400;"Canne Surfcasting";0.000000;105.9;228;0
2825;https://www.mgfishing.eu/6437/xps-master-groundbait-whisk-frusta-per-miscela-pasture.jpg;"XPS Master Groundbait Whisk - Frusta per Miscela Pasture";143-05-200;"Minuteria da pesca";0.000000;21.9;187;0
2824;https://www.mgfishing.eu/6436/esp-hidrogen-orizzonte-kw-canna-surfcasting.jpg;"ESP Hidrogen Orizzonte KW - Canna Surfcasting";172-19-410;"Canne Surfcasting";0.000000;488.9;19;0
2823;https://www.mgfishing.eu/6435/trabucco-cassiopea-nxt-surf-canna-surfcasting.jpg;"Trabucco Cassiopea NXT Surf - Canna Surfcasting";172-18-160;"Canne Surfcasting";0.000000;399.9;115;0
2822;https://www.mgfishing.eu/6434/trabucco-nemesea-xt-surf-canna-surfcasting.jpg;"Trabucco Nemesea XT Surf - Canna Surfcasting";172-17-160;"Canne Surfcasting";0.000000;310.9;145;0
2821;https://www.mgfishing.eu/6432/trabucco-nashira-xtreme-surf-canna-surfcasting.jpg;"Trabucco Nashira Xtreme Surf - Canna Surfcasting";172-16-100;"Canne Surfcasting";0.000000;99.9;15;0
2820;https://www.mgfishing.eu/6431/nashira-nashira-racing-surf-canna-surfcasting.jpg;"Trabucco Nashira Racing Surf - Canna Surfcasting";172-16-050;"Canne Surfcasting";0.000000;94.9;102;0
2819;https://www.mgfishing.eu/6430/trabucco-interstellar-surf-kw-canna-surfcasting.jpg;"Trabucco Interstellar Surf KW - Canna Surfcasting";172-15-100;"Canne Surfcasting";0.000000;244.9;16;0
2818;https://www.mgfishing.eu/6424/trabucco-huracan-rsx-surf-canna-surfcasting.jpg;"Trabucco Huracan RSX Surf - Canna Surfcasting";172-14-160;Home;0.000000;183.9;51;0
2817;https://www.mgfishing.eu/6422/oracle-revolution-canna-telescopica-per-pesca-alle-mormore.jpg;"Trabucco Oracle Revolution - Canna telescopica per pesca alle mormore";172-11-500;"Canne Surfcasting";0.000000;77.9;50;0
2816;https://www.mgfishing.eu/6421/trabucco-cattura-nt-beach-canna-surfcasting.jpg;"Trabucco Cattura NT Beach - Canna Surfcasting";172-08-610;"Canne Surfcasting";0.000000;266.9;57;0
2815;https://www.mgfishing.eu/6420/trabucco-krypteria-sx-pro-surf-canna-surfcasting.jpg;"Trabucco Krypteria SX Pro Surf - Canna Surfcasting";172-07-310;"Canne Surfcasting";0.000000;299.9;67;0
2814;https://www.mgfishing.eu/6416/trabucco-huracan-frx-surf-tc-canna-surfcasting.jpg;"Trabucco Huracan FRX Surf TC - Canna Surfcasting";172-04-310;"Canne Surfcasting";0.000000;138.9;48;0
2813;https://www.mgfishing.eu//esp-extrema-over-cast-canna-surfcasting.jpg;"ESP Extrema Over Cast - Canna Surfcasting";172-02-600;Home;0.000000;127.9;0;1
2812;https://www.mgfishing.eu//esp-extrema-sea-master-canna-surfcasting.jpg;"ESP Extrema Sea Master - Canna Surfcasting";172-02-400;Home;0.000000;116.9;0;1
2811;https://www.mgfishing.eu/6069/trabucco-trident-live-trolling-662-canna-da-traina.jpg;"Trabucco Trident Live Trolling 662 - Canna da Traina";;"Canne Da Pesca";0.000000;44.9;163;0
2810;https://www.mgfishing.eu/6068/fodero-trabucco-competition-pro-bag-rod-reel-surf-holdall-2.jpg;"Fodero Trabucco Competition Pro Bag Rod & Reel Surf Holdall 2";048-45-230;"Borse, zaini e foderi";40.081967;48.9;64;0
2809;https://www.mgfishing.eu/6065/mini-trave-con-molla-trabucco-prosurf-impact.jpg;"Mini Trave con Molla Trabucco Prosurf Impact";;"Accessori Da Pesca";0.000000;3.7;189;0
2634;https://www.mgfishing.eu/5518/attivatore-med.jpg;"K2 Special Activator - Attivatore Colla Cianoacrilica";K2A;"Minuteria da pesca";16.311475;19.9;1;0
2633;https://www.mgfishing.eu/5513/medfishing-jolly-sea-box-complemento-aggiuntivo-cassone-surfcasting.jpg;"MEDFISHING Jolly Sea Box - Complemento Aggiuntivo Cassone Surfcasting";JSB;"Panchetti, sedie e cassettoni";61.393443;74.9;1;0
2632;https://www.mgfishing.eu/5510/scafandro-colmic-taslon-chest-waders.jpg;"Scafandro Colmic Taslon Chest Waders";;"Abbigliamento Da Pesca";66.311475;80.9;22;0
2631;https://www.mgfishing.eu/5501/aqs-eta-jima-192-mt-150-300-gr-canna-vertical-slow-pitch.jpg;"AQS ETA JIMA 1.92 Mt 150-300 Gr - Canna Vertical Slow Pitch";PASG316A;"Canne Da Pesca";57.295082;69.9;2;0
2630;https://www.mgfishing.eu/5499/fiish-black-minnow-double-combo-offshore-6-gr.jpg;"Fiish Black Minnow Double Combo Offshore 6 Gr";BM3035;"Esche Artificiali da Pesca";0.000000;12.9;2;0
2629;https://www.mgfishing.eu/5497/fiish-black-minnow-combo-offshore-16-gr.jpg;"Fiish Black Minnow Combo Offshore 16 Gr";BM3046;"Esche Artificiali da Pesca";0.000000;11.9;2;0
2628;https://www.mgfishing.eu/5494/fiish-black-minnow-combo-offshore-10-gr.jpg;"Fiish Black Minnow Combo Offshore 10 Gr";BM1307;"Esche Artificiali da Pesca";0.000000;10.5;3;0
2627;https://www.mgfishing.eu/5491/fiish-black-minnow-combo-offshore-25-gr.jpg;"Fiish Black Minnow Combo Offshore 25 Gr";BM191;"Esche Artificiali da Pesca";0.000000;11.9;3;0
2626;https://www.mgfishing.eu/5489/fiish-black-minnow-combo-shore-12-gr.jpg;"Fiish Black Minnow Combo Shore 12 Gr";BM194;"Esche Artificiali da Pesca";0.000000;11.9;4;0
2625;https://www.mgfishing.eu/5488/fiish-black-minnow-combo-search-18-gr-khaki.jpg;"Fiish Black Minnow Combo Search 18 Gr Khaki";BM1402;"Esche Artificiali da Pesca";9.754098;11.9;1;0
2624;https://www.mgfishing.eu/5458/tubertini-talaxa-7300-evo-canna-bolentino.jpg;"Tubertini Talaxa 7300 EVO - Canna Bolentino";07120;"Canne Da Pesca";0.000000;74.9;15;0
2623;https://www.mgfishing.eu/5456/tubertini-level-active-r-canna-bolognese.jpg;"Tubertini Level Active-R - Canna Bolognese";02197;"Canne Da Pesca";0.000000;52.5;15;0
2622;https://www.mgfishing.eu/5487/loomis-lmf-xp-sense-extra-distance-coda-di-topo.jpg;"Loomis LMF XP Sense Extra Distance - Coda di Topo";059-90-107;"Monofili e Trecciati";45.000000;54.9;513;0
2621;https://www.mgfishing.eu/5486/loomis-lmf-xp-sense-euronymph-coda-di-topo.jpg;"Loomis LMF XP Sense Euronymph - Coda di Topo";059-90-020;"Monofili e Trecciati";0.000000;44.9;206;0
2620;https://www.mgfishing.eu/5485/loomis-lmf-xp-sense-weight-forward-coda-di-topo.jpg;"Loomis LMF XP Sense Weight Forward - Coda di Topo";059-90-013;"Monofili e Trecciati";40.901639;49.9;261;0
2619;https://www.mgfishing.eu/5484/loomis-lmf-xp-sense-double-taper-coda-di-topo.jpg;"Loomis LMF XP Sense Double Taper - Coda di Topo";059-90-003;"Monofili e Trecciati";40.901639;49.9;154;0
2618;https://www.mgfishing.eu/5483/loomis-guide-master-xlt-mulinello-da-mosca.jpg;"Loomis Guide Master XLT - Mulinello da Mosca";032-96-020;"Mulinelli Da Pesca";0.000000;74.9;62;0
2617;https://www.mgfishing.eu/5478/loomis-lmf-radius-fly-reel-mulinello-da-mosca.jpg;"Loomis LMF Radius Fly Reel - Mulinello da Mosca";033-00-300;"Mulinelli Da Pesca";0.000000;109.9;90;0
2616;https://www.mgfishing.eu/5473/loomis-lmf-csl-fly-reel-mulinello-da-mosca.jpg;"Loomis LMF CSL Fly Reel - Mulinello da Mosca";032-98-120;"Mulinelli Da Pesca";0.000000;84.9;210;0
2615;https://www.mgfishing.eu/5468/loomis-lmf-sw-fly-reel-mulinello-da-mosca.jpg;"Loomis LMF SW Fly Reel - Mulinello da Mosca";033-00-710;"Mulinelli Da Pesca";0.000000;189.9;21;0
2614;https://www.mgfishing.eu/5462/loomis-lmf-sd-fly-reel-mulinello-da-mosca.jpg;"Loomis LMF SD Fly Reel - Mulinello da Mosca";033-00-610;"Mulinelli Da Pesca";0.000000;209.9;98;0
2613;https://www.mgfishing.eu/5452/loomis-lmf-click-sl-mulinello-da-mosca.jpg;"Loomis LMF CLICK SL - Mulinello da Mosca";033-00-510;"Mulinelli Da Pesca";0.000000;159.9;66;0
2612;https://www.mgfishing.eu/5450/tubertini-trave-t-surf-trave-pronto-surfcasting.jpg;"Tubertini Trave T-Surf - Trave Pronto Surfcasting";42797;"Minuteria da pesca";2.049179;2.5;5;0
2611;https://www.mgfishing.eu/5449/tubertini-attivatore-spray-mach-2.jpg;"Tubertini Attivatore Spray Mach-2";92016;"Accessori Da Pesca";18.770492;22.9;5;0
2610;https://www.mgfishing.eu/5439/trabucco-spectrum-4500-xr-mulinello-feeder.jpg;"Trabucco Spectrum 4500 XR - Mulinello Feeder";034-81-345;"Mulinelli Da Pesca";71.900000;71.9;322;0
2609;https://www.mgfishing.eu/5435/captain-james-bonito-sniper-12-lb-acid-canna-da-traina.jpg;"Captain James Bonito Sniper 12 LB Acid - Canna da Traina";D1400101;"Canne Da Pesca";118.770492;144.9;1;0
2607;https://www.mgfishing.eu/5426/captain-james-vertical-sniper-.jpg;"Captain James Vertical Sniper 200-350 Gr - Canna da Vertical Jigging";D1400100;"Canne Da Pesca";131.065574;159.9;1;0
2606;https://www.mgfishing.eu/5420/trabucco-atomic-xr-competition-canna-bolognese.jpg;"Trabucco ATOMIC XR Competition - Canna Bolognese";122-48-150;"Canne Da Pesca";0.000000;88.9;139;0
2605;https://www.mgfishing.eu/5419/trabucco-atomic-str-four-fight-canna-bolognese.jpg;"Trabucco ATOMIC STR Four Fight - Canna Bolognese";122-49-350;"Canne Da Pesca";0.000000;122.9;39;0
2604;https://www.mgfishing.eu/5417/trabucco-atomic-str-power-plus-canna-bolognese.jpg;"Trabucco ATOMIC STR Power Plus - Canna Bolognese";122-49-250;"Canne Da Pesca";0.000000;133.9;119;0
2603;https://www.mgfishing.eu/5416/trabucco-atomic-dual-force-canna-bolognese.jpg;"Trabucco ATOMIC Dual Force - Canna Bolognese";122-49-150;"Canne Da Pesca";0.000000;133.9;120;0
2602;https://www.mgfishing.eu/5407/trabucco-vixia-slim-power-bolo-canna-bolognese.jpg;"Trabucco VIXIA Slim Power Bolo - Canna Bolognese";120-46-810;"Canne Da Pesca";0.000000;77.9;353;0
2601;https://www.mgfishing.eu/5405/trabucco-astore-x-power-canna-bolognese.jpg;"Trabucco ASTORE X Power - Canna Bolognese";120-49-250;"Canne Da Pesca";0.000000;83.9;394;0
2600;https://www.mgfishing.eu/5401/trabucco-astore-x-master-canna-bolognese.jpg;"Trabucco ASTORE X Master - Canna Bolognese";120-49-150;"Canne Da Pesca";0.000000;77.9;404;0
2599;https://www.mgfishing.eu/5400/trabucco-astore-x-nrg-lite-canna-bolognese.jpg;"Trabucco ASTORE X NRG-LITE - Canna Bolognese";120-49-350;"Canne Da Pesca";0.000000;83.9;360;0
2598;https://www.mgfishing.eu/5394/trabucco-sirenia-power-bolo-canna-bolognese.jpg;"Trabucco SIRENIA Power Bolo - Canna Bolognese";121-24-260;"Canne Da Pesca";0.000000;166.9;124;0
2597;https://www.mgfishing.eu/5391/trabucco-sirenia-medium-bolo-canna-bolognese.jpg;"Trabucco SIRENIA Medium Bolo - Canna Bolognese";121-24-160;"Canne Da Pesca";0.000000;160.9;64;0
2596;https://www.mgfishing.eu/5388/trabucco-sirenia-light-bolo-canna-bolognese.jpg;"Trabucco SIRENIA Light Bolo - Canna Bolognese";121-24-050;"Canne Da Pesca";0.000000;111.9;130;0
2595;https://www.mgfishing.eu/5387/trabucco-ultra-blx-pro-light-canna-bolognese.jpg;"Trabucco Ultra BLX Pro Light - Canna Bolognese";121-25-060;"Canne Da Pesca";0.000000;229.9;86;0
2594;https://www.mgfishing.eu/5377/trabucco-ultra-blx-super-slim-canna-bolognese.jpg;"Trabucco Ultra BLX Super Slim - Canna Bolognese";121-26-060;"Canne Da Pesca";0.000000;264.9;22;0
2593;https://www.mgfishing.eu/5344/tubertini-ryobi-sumatra-mulinello-versatile.jpg;"Tubertini Ryobi SUMATRA - Mulinello Versatile";99267;"Mulinelli Da Pesca";0.000000;109;10;0
2592;https://www.mgfishing.eu/5345/tubertini-r-power-mulinello-potente.jpg;"Tubertini R Power - Mulinello Potente";99080;"Mulinelli Da Pesca";0.000000;134.5;15;0
2591;https://www.mgfishing.eu/5347/tubertini-ares-mulinello-spinning-waterproof.jpg;"Tubertini ARES - Mulinello Spinning Waterproof";99414;"Mulinelli Da Pesca";0.000000;166;10;0
2590;https://www.mgfishing.eu/5348/tubertini-ryobi-tyran-mulinello-spinning.jpg;"Tubertini Ryobi TYRAN - Mulinello Spinning";99315;"Mulinelli Da Pesca";0.000000;205;10;0
2589;https://www.mgfishing.eu/5351/tubertini-rave-mulinello-all-round.jpg;"Tubertini RAVE - Mulinello All Round";99281;"Mulinelli Da Pesca";0.000000;48;25;0
2588;https://www.mgfishing.eu/5353/tubertini-xide-mulinello-versatile.jpg;"Tubertini XIDE - Mulinello Versatile";99410;"Mulinelli Da Pesca";0.000000;41;0;1
2587;https://www.mgfishing.eu/5358/tubertini-ryobi-drex-tx-mulinello.jpg;"Tubertini Ryobi DREX TX - Mulinello";99331;"Mulinelli Da Pesca";0.000000;71;35;0
2586;https://www.mgfishing.eu/5360/tubertini-ryobi-artis-mulinello.jpg;"Tubertini Ryobi ARTIS - Mulinello";99311;"Mulinelli Da Pesca";0.000000;64;20;0
2585;https://www.mgfishing.eu/5362/tubertini-ryobi-smash-mulinello.jpg;"Tubertini Ryobi SMASH - Mulinello";99321;"Mulinelli Da Pesca";0.000000;78;25;0
2584;https://www.mgfishing.eu/5365/tubertini-wasp-mulinello-versatile.jpg;"Tubertini WASP - Mulinello Versatile";99249;"Mulinelli Da Pesca";0.000000;49;25;0
2583;https://www.mgfishing.eu/5367/tubertini-chrome-mulinello-versatile.jpg;"Tubertini CHROME - Mulinello Versatile";99306;"Mulinelli Da Pesca";0.000000;114.9;15;0
2582;https://www.mgfishing.eu/5369/tubertini-ryobi-vertigo-mirror-mulinello-versatile.jpg;"Tubertini Ryobi VERTIGO MIRROR - Mulinello Versatile";99198;"Mulinelli Da Pesca";0.000000;119.9;5;0
2581;https://www.mgfishing.eu/5371/tubertini-lagos-ryobi-mulinello-versatile.jpg;"Tubertini LAGOS Ryobi - Mulinello Versatile";99326;"Mulinelli Da Pesca";0.000000;114.9;15;0
2580;https://www.mgfishing.eu/5374/tubertini-millenium-trx-canna-trota-lago.jpg;"Tubertini Millenium TRX - Canna Trota Lago";04518;"Canne Da Pesca";0.000000;119.9;20;0
2579;https://www.mgfishing.eu//tubertini-millenium-ultra-canna-trota-lago.jpg;"Tubertini Millenium Ultra - Canna Trota Lago";04556;Home;0.000000;127.3;95;0
2578;https://www.mgfishing.eu/5375/tubertini-kommand-4000-mulinello-waterproof.jpg;"Tubertini KOMMAND 4000 - Mulinello Waterproof";99255;"Mulinelli Da Pesca";104.016393;126.9;0;1
2577;https://www.mgfishing.eu/5529/tubertini-millenium-tr3-canna-trota-lago-3-pezzi.jpg;"Tubertini Millenium TR3 - Canna Trota Lago 3 Pezzi";04547;"Canne Da Pesca";378.688525;462;5;0
2575;https://www.mgfishing.eu/5528/tubertini-level-pulsar-30-canna-bolognese.jpg;"Tubertini Level Pulsar 30 - Canna Bolognese";02969;"Canne Da Pesca";0.000000;91;15;0
2574;https://www.mgfishing.eu/5527/tubertini-level-pulsar-20-canna-bolognese.jpg;"Tubertini Level Pulsar 20 - Canna Bolognese";02966;"Canne Da Pesca";0.000000;80;0;1
2573;https://www.mgfishing.eu/5525/tubertini-level-chrome-canna-bolognese.jpg;"Tubertini Level Chrome - Canna Bolognese";02870;"Canne Da Pesca";0.000000;120.8;5;0
2572;https://www.mgfishing.eu/5523/tubertini-bolognese-level-tbx-r-xstrong-canna-bolognese.jpg;"Tubertini Bolognese Level TBX-R XSTRONG - Canna Bolognese";02467;"Canne Da Pesca";0.000000;183;10;0
2571;https://www.mgfishing.eu/5522/tubertini-bolognese-level-tbx-r-canna-bolognese.jpg;"Tubertini Bolognese Level TBX-R - Canna Bolognese";02455;"Canne Da Pesca";0.000000;189;15;0
2570;https://www.mgfishing.eu/5520/tubertini-bolognese-level-tbx-r-strong-canna-bolognese.jpg;"Tubertini Bolognese Level TBX-R Strong - Canna Bolognese";02461;"Canne Da Pesca";0.000000;178;10;0
2569;https://www.mgfishing.eu/5519/tubertini-bolognese-r18-evolution-tip-canna-bolognese.jpg;"Tubertini Bolognese R18 Evolution Tip - Canna Bolognese";02028;"Canne Da Pesca";0.000000;749;10;0
2568;https://www.mgfishing.eu/5509/tubertini-tle-alborella-canna-fissa.jpg;"Tubertini TLE Alborella - Canna Fissa";01419;"Canne Da Pesca";0.000000;32.9;30;0
2567;https://www.mgfishing.eu/5508/tubertini-marginal-carp-x-canna-fissa.jpg;"Tubertini Marginal Carp X - Canna Fissa";01007;"Canne Da Pesca";0.000000;14.7;30;0
2566;https://www.mgfishing.eu/5507/tubertini-area-pro-1100-canna-fissa.jpg;"Tubertini Area Pro 1100 - Canna Fissa";01425;"Canne Da Pesca";0.000000;28.6;5;0
2565;https://www.mgfishing.eu/5506/tubertini-area-3100-canna-fissa.jpg;"Tubertini Area 3100 - Canna Fissa";01337;"Canne Da Pesca";0.000000;38;15;0
2564;https://www.mgfishing.eu/5505/tubertini-area-pro-7500-pf-canna-fissa.jpg;"Tubertini Area Pro 7500 PF - Canna Fissa";01386;"Canne Da Pesca";0.000000;314;5;0
2563;https://www.mgfishing.eu/5504/tubertini-area-pro-5600-canna-fissa.jpg;"Tubertini Area Pro 5600 - Canna Fissa";01432;"Canne Da Pesca";0.000000;78;0;1
2562;https://www.mgfishing.eu/5503/tubertini-area-pro-6600-canna-fissa.jpg;"Tubertini Area Pro 6600 - Canna Fissa";01437;"Canne Da Pesca";0.000000;84.9;0;1
2561;https://www.mgfishing.eu/5343/tubertini-area-pro-7600-canna-fissa.jpg;"Tubertini Area Pro 7600 - Canna Fissa";01442;"Canne Da Pesca";0.000000;134;0;1
2560;https://www.mgfishing.eu/5341/tubertini-marginal-carp-canna-fissa.jpg;"Tubertini Marginal Carp - Canna Fissa";01067;"Canne Da Pesca";11.900000;14.52;5;0
2559;https://www.mgfishing.eu/5338/shimano-yasei-predator-fluorocarbon-100-.jpg;"Shimano YASEI Predator Fluorocarbon 100 %";;"Monofili e Trecciati";0.000000;8.9;13;0
2558;https://www.mgfishing.eu/5336/tubertini-ionic-mulinello-surfcasting-con-2-bobine.jpg;"Tubertini IONIC - Mulinello Surfcasting con 2 Bobine";99289;"Mulinelli Da Pesca";53.196721;64.9;5;0
2557;https://www.mgfishing.eu/5334/tubertini-lodo-mulinello-surfcasting.jpg;"Tubertini LODO - Mulinello Surfcasting";99221;"Mulinelli Da Pesca";53.196721;64.9;0;1
2556;https://www.mgfishing.eu/5332/tubertini-lander-10000-mulinello-surfcasting-.jpg;"Tubertini LANDER 10000 - Mulinello Surfcasting";991001;"Mulinelli Da Pesca";61.393443;74.9;5;0
2555;https://www.mgfishing.eu/5329/tubertini-wawe-x-mulinello-surfcasting.jpg;"Tubertini WAWE X - Mulinello Surfcasting con 3 Bobine";99288;"Mulinelli Da Pesca";79.918033;97.5;5;0
2554;https://www.mgfishing.eu/5326/tubertini-rocky-6000-mulinello-beach-ledgering-e-light-surfcasting.jpg;"Tubertini ROCKY 6000 - Mulinello Beach Ledgering e Light Surfcasting";99160;"Mulinelli Da Pesca";69.590164;84.9;5;0
2553;https://www.mgfishing.eu/5322/tubertini-shaker-mulinello-surfcasting.jpg;"Tubertini SHAKER - Mulinello Surfcasting con 3 Bobine";991002;"Mulinelli Da Pesca";77.786885;94.9;5;0
2552;https://www.mgfishing.eu/5314/tubertini-c-nos-mulinello-surfcasting.jpg;"Tubertini C-NOS - Mulinello Surfcasting con 3 Bobine";991003;"Mulinelli Da Pesca";94.180328;114.9;5;0
2551;https://www.mgfishing.eu/5308/tubertini-c-srf-mulinello-surfcasting-in-carbonio.jpg;"Tubertini C-SRF - Mulinello Surfcasting in Carbonio con 3 Bobine";99287;"Mulinelli Da Pesca";102.377049;124.9;5;0
2539;https://www.mgfishing.eu//mulinello-shimano-xenial-sw-per-surfcasting-e-acqua-salata.jpg;"Mulinello Shimano Xenial SW per Surfcasting";034-50-250;Home;0.000000;0;540;0
2495;https://www.mgfishing.eu/5297/rapture-area-box-valigetta-trout-area-.jpg;"Rapture Area Box  - Valigetta Trout Area";113-20-710;"Borse, zaini e foderi";49.098361;59.9;260;0
2494;https://www.mgfishing.eu/5290/trabucco-frangente-blx-energy-force-canna-bolognese.jpg;"Trabucco Frangente BLX Energy Force - Canna Bolognese";;Home;0.000000;224.9;268;0
2493;https://www.mgfishing.eu/5289/pasturatore-trita-sarde-inox-pasturatore-e-gabbia-da-bolentino.jpg;"Pasturatore Trita Sarde Acciaio Inox - Pasturatore e Gabbia da Bolentino";;Pasturatori;98.278689;119.9;4;0
2492;https://www.mgfishing.eu/5287/canna-lineaeffe-caspian-pro-180mt-250gr-mulinello-chrono-5000-omaggio-kit-pesca-dalla-barca.jpg;"Canna Lineaeffe CASPIAN Pro 1.80Mt 250gr + Mulinello Chrono 5000 + Omaggi - Kit Pesca dalla Barca";;"Kit Da Pesca";28.606557;34.9;9;0
2490;https://www.mgfishing.eu/5281/trabucco-aeras-beach-5500-mulinello-.jpg;"Trabucco Aeras Beach 5500 - Mulinello";035-27-055;"Mulinelli Da Pesca";68.442623;83.5;272;0
2489;https://www.mgfishing.eu/5269/trabucco-interstellar-pwr-beach-canna-beach-ledgering.jpg;"Trabucco INTERSTELLAR PWR Beach - Canna Beach Ledgering";;"Canne Da Pesca";0.000000;243.9;78;0
2488;https://www.mgfishing.eu/5261/trabucco-interstellar-xt-surf-250-gr-canna-surfcasting-.jpg;"Trabucco INTERSTELLAR XT Surf 250 Gr - Canna Surfcasting";;"Canne Da Pesca";0.000000;264.9;92;0
2487;https://www.mgfishing.eu/5254/trabucco-nexora-surf-canna-surfcasting.jpg;"Trabucco NEXORA Surf - Canna Surfcasting";;"Canne Da Pesca";0.000000;310.9;145;0
2486;https://www.mgfishing.eu/5247/trabucco-kaleidos-420-mt-250-gr-canna-surfcasting.jpg;"Trabucco KALEIDOS 4.20 MT 250 Gr - Canna Surfcasting";172-20-010;"Canne Da Pesca";352.377049;429.9;23;0
2484;https://www.mgfishing.eu/5241/shimano-beastmaster-k-surf-hybrid-canna-surfcasting.jpg;"Shimano BEASTMASTER K Surf Hybrid - Canna Surfcasting";;"Canne Da Pesca";0.000000;119.9;3;0
2483;https://www.mgfishing.eu/5233/shimano-aerlex-h-surf-hybrid-canna-surfcasting.jpg;"Shimano AERLEX H Surf Hybrid - Canna Surfcasting";ALXSFH425BXH;"Canne Da Pesca";110.573770;134.9;1;0
2482;https://www.mgfishing.eu/5229/trabucco-astore-lake-trout-ss-420-mt-10-15-gr-canna-trota-lago.jpg;"Trabucco ASTORE Lake Trout SS 4.20 mt 10-15 Gr - Canna Trota Lago";124-34-050;"Canne Da Pesca";57.295082;69.9;42;0
2481;https://www.mgfishing.eu/5223/trabucco-maxxis-gx-power-canna-bolognese-.jpg;"Trabucco MAXXIS Gx Power - Canna Bolognese";;"Canne Da Pesca";0.000000;49.9;447;0
2480;https://www.mgfishing.eu/5222/telo-impermeabile-wp-logo-telo-tubertini.jpg;"Telo Impermeabile WP Logo - Telo Tubertini";;"Accessori Da Pesca";0.000000;49.9;10;0
2479;https://www.mgfishing.eu/5220/colmic-fusion-200-canna-bolognese.jpg;"Colmic FUSION 200 - Canna Bolognese";;"Canne Da Pesca";0.000000;69.9;331;0
2477;https://www.mgfishing.eu/5219/tubertini-fodero-forli-1-scomparto-fodero-portacanne.jpg;"Tubertini Fodero Forlì 1 Scomparto - Fodero Portacanne";88400;"Borse, zaini e foderi";28.606557;34.9;2;0
2476;https://www.mgfishing.eu/5217/piombo-con-minitrave-piombo-da-pesca.jpg;"Piombo con Minitrave - Piombo da Pesca";;"Piombi da pesca";3.196721;3.9;40;0
2474;https://www.mgfishing.eu/5214/tubertini-salter-mulinello-vertical-jigging.jpg;"Tubertini Salter - Mulinello Vertical Jigging";99329;"Mulinelli Da Pesca";213.032786;259.9;5;0
2473;https://www.mgfishing.eu/5209/tubertini-ryobi-tb-70-vsx-mulinello-elettrico.jpg;"Tubertini Ryobi TB 70 VSX - Mulinello Elettrico";99612;"Mulinelli Da Pesca";385.163934;469.9;5;0
2472;https://www.mgfishing.eu/5200/tubertini-stunner-200-mt-30-50lb-canna-drifting.jpg;"Tubertini STUNNER 2.00 MT 30-50LB - Canna Drifting";03001;"Canne Da Pesca";131.065574;159.9;5;0
2471;https://www.mgfishing.eu/5199/lineaeffe-pt-power-boat-pro-canna-da-barca.jpg;"Lineaeffe PT Power Boat Pro - Canna da Barca";2844920;"Canne Da Pesca";38.524590;47;1;0
2470;https://www.mgfishing.eu/5198/tubertini-termik-tuta-da-pesca-felpa-e-pantalone.jpg;"Tubertini Termik - Tuta da Pesca Felpa e Pantalone";;"Abbigliamento Da Pesca";0.000000;26.9;12;0
2468;https://www.mgfishing.eu/5196/trabucco-heaven-accurate-b-canna-bolognese.jpg;"Trabucco Heaven Accurate-B - Canna Bolognese";;"Canne Da Pesca";0.000000;59.9;372;0
2467;https://www.mgfishing.eu/5181/trabucco-vixia-x-power-bolo-canna-bolognese.jpg;"Trabucco VIXIA X-Power Bolo - Canna Bolognese";;"Canne Da Pesca";0.000000;69.9;357;0
2466;https://www.mgfishing.eu/5179/trabucco-neptune-sr-mulinello-traina.jpg;"Trabucco Neptune SR - Mulinello Traina";;"Mulinelli Da Pesca";0.000000;51.9;108;0
2465;https://www.mgfishing.eu/5176/trabucco-meridian-gt-mulinello-traina-.jpg;"Trabucco Meridian GT - Mulinello Traina";030-50-300;"Mulinelli Da Pesca";57.295082;69.9;142;0
2464;https://www.mgfishing.eu/5180/trabucco-thor-xld-mulinello-.jpg;"Trabucco THOR XLD - Mulinello";;"Mulinelli Da Pesca";0.000000;74.9;547;0
2463;https://www.mgfishing.eu/5164/trabucco-medira-tekno-surf-canna-surfcasting.jpg;"Trabucco Medira Tekno Surf - Canna Surfcasting";;"Canne Da Pesca";0.000000;49.9;374;0
2461;https://www.mgfishing.eu/5163/trabucco-genius-s1-light-panchetto-da-pesca.jpg;"Trabucco Genius S1 Light - Panchetto da Pesca";116-70-100;"Panchetti, sedie e cassettoni";114.672131;139.9;97;0
2459;https://www.mgfishing.eu/5161/trabucco-genius-s102-light-panchetto-da-pesca-con-schienale.jpg;"Trabucco Genius S102 Light - Panchetto da Pesca con Schienale";116-70-300;"Panchetti, sedie e cassettoni";139.262295;169.9;33;0
2458;https://www.mgfishing.eu/5157/trabucco-titan-xr5-1x-side-drawer-panchetto-da-pesca.jpg;"Trabucco Titan XR5 1x Side Drawer - Panchetto da Pesca";116-13-140;"Panchetti, sedie e cassettoni";159.754098;194.9;19;0
2457;https://www.mgfishing.eu/5155/trabucco-titan-xr5-2x-front-drawer-panchetto-da-pesca.jpg;"Trabucco Titan XR5 2X Front Drawer - Panchetto da Pesca";116-13-130;"Panchetti, sedie e cassettoni";155.655738;189.9;0;1
2456;https://www.mgfishing.eu/5153/trabucco-titan-xr5-cross-drawer-panchetto-da-pesca.jpg;"Trabucco Titan XR5 Cross Drawer - Panchetto da Pesca";116-13-150;"Panchetti, sedie e cassettoni";172.049180;209.9;0;1
2455;https://www.mgfishing.eu/5133/trabucco-scarlet-fire-wawe-canna-surfcasting-telescopica.jpg;"Trabucco SCARLET Fire Wawe - Canna Surfcasting Telescopica";;"Canne Da Pesca";0.000000;79.9;285;0
2454;https://www.mgfishing.eu/5125/trabucco-xandria-sun-seeker-canna-surfcasting-telescopica.jpg;"Trabucco XANDRIA Sun Seeker - Canna Surfcasting Telescopica";;"Canne Da Pesca";0.000000;89.9;123;0
2453;https://www.mgfishing.eu/5122/trabucco-insidia-dust-storm-canna-telescopica-surfcasting-ultra-slim-130-gr.jpg;"Trabucco INSIDIA Dust Storm - Canna Telescopica Surfcasting Ultra Slim 130 Gr";;"Canne Da Pesca";0.000000;104.9;113;0
2452;https://www.mgfishing.eu/5113/trabucco-cassandra-xtr-canna-surfcasting-.jpg;"Trabucco CASSANDRA XTR - Canna Surfcasting";;"Canne Da Pesca";0.000000;124.9;277;0
2451;https://www.mgfishing.eu/5112/trabucco-andromeda-sea-master-420-mt-160-gr-canna-surfcasting.jpg;"Trabucco Andromeda Sea Master 4.20 Mt 160 Gr - Canna Surfcasting";171-89-310;"Canne Da Pesca";61.393443;74.9;35;0
2450;https://www.mgfishing.eu/5106/trabucco-serenity-x-cast-surf-200-gr-canna-surfcasting.jpg;"Trabucco Serenity X-Cast Surf 200 Gr - Canna Surfcasting";;"Canne Da Pesca";0.000000;122.9;72;0
2449;https://www.mgfishing.eu/5105/trabucco-torsen-surf-mulinello-surfcasting.jpg;"Trabucco Torsen Surf - Mulinello Surfcasting";035-33-650;"Mulinelli Da Pesca";80.245902;97.9;150;0
2446;https://www.mgfishing.eu/5093/badbass-invision-200-gr-canna-surfcasting.jpg;"BADBASS Invision 200 Gr - Canna Surfcasting";;"Canne Da Pesca";94.180328;114.9;1;0
2445;https://www.mgfishing.eu/5092/badbass-alta-marea-420-mt-200-gr-canna-surfcasting.jpg;"BADBASS Alta marea 4.20 Mt 200 Gr - Canna Surfcasting";D3000443;"Canne Da Pesca";114.672131;139.9;0;1
2444;https://www.mgfishing.eu/5089/tubertini-panchetto-t-mx-01-paniere-da-pesca.jpg;"Tubertini Panchetto T-MX 01 - Paniere da Pesca";82397;"Panchetti, sedie e cassettoni";126.967213;154.9;5;0
2443;https://www.mgfishing.eu/5088/colmic-surf-medium-zaino-pesca-surfcasting.jpg;"Colmic Surf Medium - Zaino Pesca Surfcasting";B0211A;"Borse, zaini e foderi";81.885246;99.9;2;0
2442;https://www.mgfishing.eu/5083/colmic-surf-big-zaino-pesca-surfcasting.jpg;"Colmic Surf Big - Zaino Pesca Surfcasting";B0211B;"Borse, zaini e foderi";122.868852;149.9;2;0
2441;https://www.mgfishing.eu/5073/colmic-rainproof-s21-tuta-termica-da-pesca.jpg;"Colmic Rainproof S21 - Tuta Termica da Pesca";;"Abbigliamento Da Pesca";303.196721;369.9;86;0
2440;https://www.mgfishing.eu/5064/trabucco-zaino-expedition-zaino-da-pesca.jpg;"Trabucco Zaino Expedition - Zaino da Pesca";048-42-090;"Borse, zaini e foderi";90.081967;109.9;215;0
2439;https://www.mgfishing.eu/5063/tubertini-cappello-cargo-grey-.jpg;"Tubertini Cappello Cargo Grey";70169;"Abbigliamento Da Pesca";8.934426;10.9;4;0
2438;https://www.mgfishing.eu/5062/trabucco-brave-xlt-fb-mulinello-.jpg;"Trabucco Brave XLT FB - Mulinello";;"Mulinelli Da Pesca";0.000000;54.9;267;0
2437;https://www.mgfishing.eu/5059/trabucco-hazen-cx-mulinello.jpg;"Trabucco Hazen CX - Mulinello";;"Mulinelli Da Pesca";0.000000;64.9;391;0
2436;https://www.mgfishing.eu/5053/trabucco-helium-fb-mulinello-.jpg;"Trabucco Helium FB - Mulinello";;"Mulinelli Da Pesca";0.000000;94.9;285;0
2435;https://www.mgfishing.eu/5045/trabucco-ultra-surf-canna-surfcasting.jpg;"Trabucco Ultra Surf - Canna Surfcasting";;"Canne Da Pesca";0.000000;479.9;22;0
2434;https://www.mgfishing.eu/5044/trabucco-supernova-nt-evoluzione-canna-surfcasting.jpg;"Trabucco Supernova NT Evoluzione - Canna Surfcasting";;"Canne Da Pesca";0.000000;399.9;161;0
2433;https://www.mgfishing.eu/5037/trabucco-seal-strom-tackle-bag-35-lt-zaino-da-pesca.jpg;"Trabucco Seal Strom Tackle Bag 35 Lt - Zaino da Pesca";048-00-040;"Borse, zaini e foderi";68.770492;83.9;153;0
2431;https://www.mgfishing.eu/5033/trabucco-seal-storm-slick-pack-20lt-zaino-da-pesca.jpg;"Trabucco Seal Storm Slick Pack 20Lt - Zaino da Pesca";048-00-030;"Borse, zaini e foderi";58.934426;71.9;157;0
2430;https://www.mgfishing.eu/5029/trabucco-seal-strom-roll-top-backpack-25lt-borsa-pesca.jpg;"Trabucco Seal Strom Roll Top Backpack 25Lt - Borsa Pesca";048-00-020;"Borse, zaini e foderi";65.491803;79.9;161;0
2429;https://www.mgfishing.eu/5023/trabucco-seal-storm-roll-top-duffle-bag-60lt-borsa-da-pesca.jpg;"Trabucco Seal Storm Roll Top Duffle Bag 60Lt - Borsa da Pesca";048-00-010;"Borse, zaini e foderi";57.295082;69.9;147;0
2428;https://www.mgfishing.eu/5015/colmic-alexa-bolo-project-canna-bolognese.jpg;"Colmic Alexa Bolo Project - Canna Bolognese";;"Canne Da Pesca";0.000000;159.9;27;0
2427;https://www.mgfishing.eu/5009/colmic-fiume-s31-canna-bolognese.jpg;"Colmic Fiume S31 - Canna Bolognese";;"Canne Da Pesca";0.000000;229.9;49;0
2426;https://www.mgfishing.eu/5000/colmic-fiume-wr-t-6000-canna-bolognese.jpg;"Colmic Fiume WR T-6000 - Canna Bolognese";;"Canne Da Pesca";0.000000;229.9;597;0
2425;https://www.mgfishing.eu/4998/colmic-fiume-wr-t-8001-canna-bolognese.jpg;"Colmic Fiume WR T-8001 - Canna Bolognese";;"Canne Da Pesca";0.000000;337.9;770;0
2423;https://www.mgfishing.eu/4990/colmic-fiume-wr-t-8000-canna-bolognese.jpg;"Colmic Fiume WR T-8000 - Canna Bolognese";;"Canne Da Pesca";0.000000;439.9;575;0
2422;https://www.mgfishing.eu/4988/tubertini-r18-ultra-slim-bolognese-01-canna-bolognese.jpg;"Tubertini R18 Ultra Slim Bolognese 01 - Canna Bolognese";;"Canne Da Pesca";0.000000;318.9;20;0
2421;https://www.mgfishing.eu/4987/trabucco-xtr-surf-tripod-t2-evo-tripode-surfcasting.jpg;"Trabucco XTR Surf Tripod T2 EVO - Tripode Surfcasting";088-65-910;"Picchetti, tripodi e reggicanne";52.377049;63.9;33;0
2419;https://www.mgfishing.eu/4981/trabucco-adeon-fd-mulinello-versatile.jpg;"Trabucco Adeon FD - Mulinello Versatile";;"Mulinelli Da Pesca";0.000000;36.9;161;0
2418;https://www.mgfishing.eu/4968/trabucco-yummy-bair-curly-tail-esca-per-trote.jpg;"Trabucco Yummy Bait Curly Tail - Esca per Trote";;"Esche Artificiali da Pesca";3.688525;4.5;243;0
2417;https://www.mgfishing.eu/4967/tubertini-ghost-clear-50-mt-fluorocarbon.jpg;"Tubertini Ghost Clear 50 Mt - Fluorocarbon";;"Monofili e Trecciati";0.000000;6.9;19;0
2416;https://www.mgfishing.eu/4966/tubertini-gorilla-uc-4-mono-fluorocarbon-bobina-100-mt.jpg;"Tubertini Gorilla UC-4 Mono FLUOROCARBON - Bobina 100 MT";;"Monofili e Trecciati";0.000000;9.9;34;0
2415;https://www.mgfishing.eu/4965/tubertini-gorilla-surf-monofilo-surfcasting.jpg;"Tubertini Gorilla Surf - Monofilo Surfcasting";;"Monofili e Trecciati";0.000000;7.5;35;0
2413;https://www.mgfishing.eu/4964/colmic-hammer-max-panchetto.jpg;"Colmic Hammer Max - Panchetto";;"Panchetti, sedie e cassettoni";0.000000;169.9;173;0
2411;https://www.mgfishing.eu/4955/amtea-surf-canna-surfcasting-410-mt.jpg;"Colmic Amtea 4.10m 100-300g - Canna Surfcasting Potente";CAAM70A;"Canne Da Pesca";126.967213;154.9;5;0
2410;https://www.mgfishing.eu/4951/colmic-iridata-canna-surfcasting.jpg;"Colmic Iridata - Canna Surfcasting";;"Canne Da Pesca";0.000000;229.9;4;0
2409;https://www.mgfishing.eu/4949/colmic-oceania-f-9-canna-surfcasting.jpg;"Colmic Oceania F-9 - Canna Surfcasting";CAOC01C;"Canne Da Pesca";143.360656;174.9;9;0
2408;https://www.mgfishing.eu/4946/colmic-oceania-f-7-canna-surfcasting.jpg;"Colmic Oceania F-7 - Canna Surfcasting";;"Canne Da Pesca";0.000000;179.9;81;0
2407;https://www.mgfishing.eu/4944/colmic-stunt-kr-canna-surfcasting.jpg;"Colmic Stunt KR - Canna Surfcasting";;"Canne Da Pesca";0.000000;129.9;188;0
2406;https://www.mgfishing.eu/4942/colmic-stunt-kt-canna-surfcasting.jpg;"Colmic Stunt KT - Canna Surfcasting";;"Canne Da Pesca";0.000000;144.9;355;0
2405;https://www.mgfishing.eu/4940/colmic-urtan-x-5-canna-surfcasting.jpg;"Colmic Urtan X-5 - Canna Surfcasting";;"Canne Da Pesca";0.000000;169.9;179;0
2404;https://www.mgfishing.eu/4938/colmic-urtan-x-6-canna-surfcasting.jpg;"Colmic Urtan X-6 - Canna Surfcasting";;"Canne Da Pesca";0.000000;169.9;388;0
2403;https://www.mgfishing.eu/4936/colmic-urtan-xt-6-canna-surfcasting.jpg;"Colmic Urtan XT-6 - Canna Surfcasting";;"Canne Da Pesca";0.000000;179.9;177;0
2402;https://www.mgfishing.eu/4934/colmic-urtan-x-7-canna-surfcasting.jpg;"Colmic Urtan X-7 - Canna Surfcasting";;"Canne Da Pesca";0.000000;374.9;187;0
2401;https://www.mgfishing.eu/4932/colmic-urtan-x-8-canna-surfcasting.jpg;"Colmic Urtan X-8 - Canna Surfcasting";;"Canne Da Pesca";0.000000;359.9;342;0
2397;https://www.mgfishing.eu/4930/colmic-zero-9-wr-t-80-canna-surfcasting.jpg;"Colmic Zero 9 WR T-80 - Canna Surfcasting";;"Canne Da Pesca";0.000000;534.9;130;0
2396;https://www.mgfishing.eu/4928/colmic-zero-11-wr-t-80-canna-surfcasting.jpg;"Colmic Zero 11 WR T-80 - Canna Surfcasting";;"Canne Da Pesca";0.000000;789.9;1;0
2395;https://www.mgfishing.eu/4926/tubertini-axyra-2-canna-surfcasting-telescopica.jpg;"Tubertini Axyra 2 - Canna Surfcasting Telescopica";;"Canne Da Pesca";0.000000;94.9;0;1
2394;https://www.mgfishing.eu/4924/tubertini-ionic-2-tls-canna-surfcasting-.jpg;"Tubertini Ionic 2 TLS - Canna Surfcasting";;"Canne Da Pesca";0.000000;129.9;0;1
2393;https://www.mgfishing.eu/4923/tubertini-synner-surf-canna-surfcasting-leggero.jpg;"Tubertini Synner Surf - Canna Surfcasting Leggero";;"Canne Da Pesca";0.000000;69.9;10;0
2392;https://www.mgfishing.eu/4919/tubertini-fasten-surf-canna-surfcasting-.jpg;"Tubertini Fasten Surf - Canna Surfcasting";;"Canne Da Pesca";0.000000;189.9;0;1
2391;https://www.mgfishing.eu/4918/tubertini-onyria-evo-canna-da-surfcasting.jpg;"Tubertini Onyria EVO - Canna da Surfcasting";;"Canne Da Pesca";0.000000;96.9;0;1
2389;https://www.mgfishing.eu/4917/tubertini-vesper-surf-canna-surfcasting.jpg;"Tubertini Vesper Surf - Canna Surfcasting";;"Canne Da Pesca";0.000000;96.9;0;1
2345;https://www.mgfishing.eu/4915/trabucco-ltx-fa-mulinello.jpg;"Trabucco LTX FA - Mulinello";;"Mulinelli Da Pesca";0.000000;59.9;706;0
2343;https://www.mgfishing.eu/4913/trabucco-keres-cx-mulinello-versatile-.jpg;"Trabucco KERES CX - Mulinello Versatile";;"Mulinelli Da Pesca";0.000000;69.9;1037;0
2342;https://www.mgfishing.eu/4912/tubertini-nassa-carp-rct-nassa-da-pesca.jpg;"Tubertini Nassa Carp RCT - Nassa da Pesca";57315;"Guadini, Teste e Nasse";53.196721;64.9;5;0
2341;https://www.mgfishing.eu/4910/tubertini-level-vision-7-mt-canna-bolognese.jpg;"Tubertini Level Vision 7 MT - Canna Bolognese";02433;"Canne Da Pesca";102.377049;124.9;0;1
2340;https://www.mgfishing.eu/4908/tubertini-level-vision-x-power-canna-bolognese-.jpg;"Tubertini Level Vision X-Power - Canna Bolognese";;"Canne Da Pesca";0.000000;99.9;20;0
2339;https://www.mgfishing.eu/4907/tubertini-finger-protector-salvadito-surfcasting.jpg;"Tubertini Finger Protector - Salvadito Surfcasting";;Home;5.655738;6.9;15;0
2338;https://www.mgfishing.eu/4906/tubertini-zaino-runner-ii-zaino-.jpg;"Tubertini Zaino Runner II - Zaino";86290;"Borse, zaini e foderi";53.196721;64.9;5;0
2337;https://www.mgfishing.eu/4905/pesc-amore-galleggiante-cariddi-galleggiante-piombato-.jpg;"Pesc'amore Galleggiante CARIDDI - Galleggiante Piombato";;"Galleggianti e Bombarde";3.196721;3.9;38;0
2336;https://www.mgfishing.eu/4900/kit-surfcasting-completo-canna-trabucco-oceanic-storm-400mt-200gr-mulinello-shizuka-7000-fodero-175cm-picchetto-125cm.jpg;"Kit Surfcasting Completo Canna Trabucco Oceanic Storm 4.00mt 200gr + Mulinello Shizuka 7000 + Fodero 175cm + Picchetto 125cm";;"Kit Da Pesca";65.491803;79.9;8;0
2335;https://www.mgfishing.eu/4884/kit-trota-lago-canna-trabucco-hydrus-xsc-mulinello-trabucco-hydrus-xf.jpg;"Kit Trota Lago Canna Trabucco Hydrus XSC + Mulinello Trabucco Hydrus XF";;"Kit Da Pesca";49.098361;59.9;67;0
2333;https://www.mgfishing.eu/4882/tubertini-shox-.jpg;"Tubertini Shock Leader SHOX 10 x 15 Mt";;"Monofili e Trecciati";11.393443;13.9;10;0
2332;https://www.mgfishing.eu/4881/tubertini-dragon-50-mt-monofilo-nylon-.jpg;"Tubertini Dragon 50 Mt - Monofilo Nylon";;"Monofili e Trecciati";3.688525;4.5;20;0
2331;https://www.mgfishing.eu/4880/tubertini-erre-50mt-filo-fluorine.jpg;"Tubertini ERRE 50Mt - Filo Fluorine";;"Monofili e Trecciati";8.114754;9.9;34;0
2330;https://www.mgfishing.eu/4874/shimano-power-aero-surf-425mt-225gr-canna-surfcasting.jpg;"Shimano Power Aero Surf 4.25Mt 225Gr - Canna Surfcasting";PASFH425BX;"Canne Da Pesca";335.983607;409.9;1;0
2329;https://www.mgfishing.eu/4873/tubertini-fodero-bolo-pro-xl-fodero-portacanne.jpg;"Tubertini Fodero BOLO PRO XL - Fodero Portacanne";88118;"Foderi Portacanne";61.393443;74.9;5;0
2328;https://www.mgfishing.eu/4871/tubertini-anatem-evo-canna-surfcasting.jpg;"Tubertini ANATEM EVO - Canna Surfcasting";;"Canne Da Pesca";0.000000;149.9;30;0
2327;https://www.mgfishing.eu/4870/tubertini-wolf-mulinello-versatile.jpg;"Tubertini WOLF - Mulinello Versatile";;"Mulinelli Da Pesca";0.000000;49.9;20;0
2326;https://www.mgfishing.eu/4869/tubertini-slade-mulinello-versatile.jpg;"Tubertini SLADE - Mulinello Versatile";;"Mulinelli Da Pesca";0.000000;27.9;20;0
2325;https://www.mgfishing.eu/4868/tubertini-vertigo-black-mulinello-.jpg;"Tubertini Vertigo Black - Mulinello";;"Mulinelli Da Pesca";0.000000;89.9;20;0
2324;https://www.mgfishing.eu/4867/tubertini-vertigo-xl-6500-match-mulinello-.jpg;"Tubertini Vertigo XL 6500 Match - Mulinello";99266;"Mulinelli Da Pesca";102.377049;124.9;5;0
2323;https://www.mgfishing.eu/4866/tubertini-fodero-t-surf-flat-fodero-porta-canne.jpg;"Tubertini Fodero T Surf Flat - Fodero Portacanne";88058;"Foderi Portacanne";73.688525;89.9;5;0
2322;https://www.mgfishing.eu/4863/tubertini-altrex-surf-420-mt-200-gr-canna-surfcasting.jpg;"Tubertini Altrex Surf 4,20 Mt 200 Gr - Canna Surfcasting";06392;"Canne Da Pesca";94.180328;114.9;5;0
2321;https://www.mgfishing.eu/4860/tubertini-tripode-maxime-pro-tripode-surfcasting-.jpg;"Tubertini Tripode Maxime Pro - Tripode Surfcasting";52250;"Tripode Pesca";122.868852;149.9;5;0
2320;https://www.mgfishing.eu/4859/tubertini-axyra-canna-da-surfcasting.jpg;"Tubertini AXYRA - Canna da Surfcasting";;"Canne Da Pesca";0.000000;79.9;7;0
2319;https://www.mgfishing.eu/4856/shimano-tuta-termica.jpg;"Shimano Tuta Giacca e Salopette Impermeabile";;"Abbigliamento Da Pesca";0.000000;89.9;9;0
2318;https://www.mgfishing.eu/4854/tubertini-borsa-imola-borsa-da-pesca.jpg;"Tubertini Borsa Imola - Borsa da Pesca";86859;"Borse, zaini e foderi";35.983607;43.9;5;0
2317;https://www.mgfishing.eu/4852/tubertini-borsa-bologna-borsa-da-pesca.jpg;"Tubertini Borsa Bologna - Borsa da Pesca";86858;"Borse, zaini e foderi";31.885246;38.9;5;0
2316;https://www.mgfishing.eu/4851/tubertini-borsa-modena-borsa-da-pesca.jpg;"Tubertini Borsa Modena - Borsa da Pesca";86857;"Borse, zaini e foderi";19.590164;23.9;5;0
2315;https://www.mgfishing.eu/4850/mulinello-tubertini-dark-3000-mulinello-versatile.jpg;"Mulinello Tubertini Ryobi Dark 3000 - Mulinello Versatile";99262;"Mulinelli Da Pesca";57.295082;69.9;5;0
2314;https://www.mgfishing.eu/4849/mulinello-tubertini-razer-mulinello-versatile.jpg;"Mulinello Tubertini Razer - Mulinello Versatile";;"Mulinelli Da Pesca";0.000000;25.9;10;0
2313;https://www.mgfishing.eu/4848/tubertini-anatem-450-mt-250-gr-canna-surfcasting.jpg;"Tubertini Anatem 4.50 Mt 250 Gr - Canna Surfcasting";06193;"Canne Da Pesca";147.459016;179.9;0;1
2312;https://www.mgfishing.eu/4844/tubertini-seika-zaino-climber-zaino-da-pesca.jpg;"Tubertini Seika Zaino Climber - Zaino da Pesca";86081;"Borse, zaini e foderi";65.491803;79.9;5;0
2311;https://www.mgfishing.eu/4841/tubertini-competition-boots-bag-borsa-porta-stivali.jpg;"Tubertini Competition Boots Bag - Borsa Porta Stivali";86186;"Stivali e Scafandri da pesca";22.868852;27.9;5;0
2310;https://www.mgfishing.eu/4839/tubertini-seika-mimik-198-mt-canna-light-spinning-trout-area.jpg;"Tubertini Seika MIMIK - Canna Light Spinning Trout Area";;"Canne Da Pesca";0.000000;34.9;4;0
2309;https://www.mgfishing.eu/4830/trabucco-energhia-xre-evoluzione-canna-bolognese.jpg;"Trabucco ENERGHIA XRS Evoluzione - Canna Bolognese";;"Canne Da Pesca";0.000000;249.9;251;0
2308;https://www.mgfishing.eu/4825/trabucco-dweller-surf-8000-mulinello-surfcasting.jpg;"Trabucco DWELLER Surf 8000 - Mulinello Surfcasting";035-32-180;"Mulinelli Da Pesca";90.081967;109.9;101;0
2307;https://www.mgfishing.eu/4812/trabucco-emery-xs-surf-8000-mulinello-surfcasting.jpg;"Trabucco EMERY XS Surf 8000 - Mulinello Surfcasting";035-23-985;"Mulinelli Da Pesca";65.491803;79.9;147;0
2306;https://www.mgfishing.eu/4808/trabucco-xhiron-xsd-6500-mulinello-surfcasting.jpg;"Trabucco XHIRON XSD 6500 - Mulinello Surfcasting";035-24-265;"Mulinelli Da Pesca";77.786885;94.9;255;0
2305;https://www.mgfishing.eu/4804/trabucco-seres-pw-surf-8000-mulinello-surfcasting.jpg;"Trabucco SERES PW Surf 8000 - Mulinello Surfcasting";035-32-080;"Mulinelli Da Pesca";98.278689;119.9;128;0
2304;https://www.mgfishing.eu/4795/trabucco-radiant-xs-surf.jpg;"Trabucco Radiant XS Surf - Mulinello Surfcasting";035-31-080;"Mulinelli Da Pesca";85.983607;104.9;29;0
2303;https://www.mgfishing.eu/4788/rapture-acrux-area-game-canna-trout-area.jpg;"RAPTURE Acrux Area Game - Canna Trout Area";;"Canne Da Pesca";0.000000;169.9;114;0
2302;https://www.mgfishing.eu/4778/kit-trota-lago-canna-hozun-380mt-7-15gr-mulinello-brutal-4000.jpg;"Kit Trota Lago Canna Hozun + Mulinello Brutal 4000 - Combo Trota Lago";;"Kit Da Pesca";24.508197;29.9;11;0
2301;https://www.mgfishing.eu/4769/trabucco-materia-master-cast-canna-surfcasting.jpg;"Trabucco MATERIA Master Cast - Canna Surfcasting";;"Canne Da Pesca";0.000000;84.9;342;0
2300;https://www.mgfishing.eu/4762/trabucco-impera-gt-surf-canna-surfcasting.jpg;"Trabucco Impera GT SURF - Canna Surfcasting";;"Canne Da Pesca";0.000000;369.9;58;0
2299;https://www.mgfishing.eu/4757/trabucco-switch-slim-lake-trout-canna-trota-lago.jpg;"Trabucco SWITCH Slim Lake Trout - Canna Trota Lago";;"Canne Da Pesca";0.000000;109.9;383;0
2298;https://www.mgfishing.eu/4740/trabucco-scogliera-blx-energy-lite-canna-bolognese.jpg;"Trabucco Scogliera BLX Energy Lite - Canna Bolognese";;"Canne Da Pesca";0.000000;169;0;1
2297;https://www.mgfishing.eu/4731/trabucco-scogliera-blx-k-force-canna-bolognese.jpg;"Trabucco Scogliera BLX K-Force - Canna Bolognese";;"Canne Da Pesca";0.000000;184.9;93;0
2296;https://www.mgfishing.eu/4728/piombo-surftop-y-fluo-.jpg;"Piombo SURFTOP-Y Fluo";;"Piombi da pesca";0.000000;2.2;8;0
2294;https://www.mgfishing.eu/4725/piombo-sportix-fluo.jpg;"Piombo Sportix FLUO";;"Piombi da pesca";0.000000;2.4;8;0
2293;https://www.mgfishing.eu/4722/piombo-pera-con-girella-extra-fluo.jpg;"Piombo Pera Con Girella EXTRA FLUO";;"Piombi da pesca";0.000000;1.7;15;0
2292;https://www.mgfishing.eu/4719/piombo-ogiva-dca-fluo-.jpg;"Piombo Ogiva DCA Fluo";;"Piombi da pesca";0.000000;2;8;0
2291;https://www.mgfishing.eu/4716/piombo-ogiva-portoghese-fluo.jpg;"Piombo Ogiva Portoghese FLUO";;"Piombi da pesca";0.000000;1.9;13;0
2288;https://www.mgfishing.eu/4690/trabucco-frangente-blx-advanced-canna-bolognese.jpg;"Trabucco Frangente BLX Advanced - Canna Bolognese";;"Canne Da Pesca";0.000000;194.9;123;0
2287;https://www.mgfishing.eu/4684/trabucco-spectrum-sx-bolo-canna-bolognese.jpg;"Trabucco Spectrum SX Bolo - Canna Bolognese";;"Canne Da Pesca";0.000000;149.9;81;0
2284;https://www.mgfishing.eu/4683/trabucco-spectrum-rt-bolo-canna-bolognese.jpg;"Trabucco Spectrum RT Bolo - Canna Bolognese";;"Canne Da Pesca";0.000000;144.9;107;0
2232;https://www.mgfishing.eu/4673/trabucco-gnt-tecnik-thermo-hoodie-giacca-felpata.jpg;"Trabucco GNT Tecnik Thermo Hoodie - Giacca Felpata";;"Abbigliamento Da Pesca";49.098361;59.9;261;0
2230;https://www.mgfishing.eu/4667/trabucco-gnt-pro-micro-fleece-felpa-pile.jpg;"Trabucco GNT Pro Micro Fleece - Felpa Pile";;"Abbigliamento Da Pesca";24.508197;29.9;680;0
2229;https://www.mgfishing.eu/4666/trabucco-gnt-softshell-jacket-giacchetto.jpg;"Trabucco GNT Softshell Jacket - Giacca in Softshell";;"Abbigliamento Da Pesca";65.491803;79.9;10;0
2227;https://www.mgfishing.eu/4661/trabucco-gnt-tecnik-max-breath-suit-completo-da-pesca.jpg;"Trabucco GNT Tecnik Max Breath Suit - Completo da Pesca";;"Abbigliamento Da Pesca";163.934426;200;684;0
2226;https://www.mgfishing.eu/4660/trabucco-guaina-in-silicone-per-galleggianti.jpg;"Trabucco Guaina In silicone per Galleggianti";;"Minuteria da pesca";1.721311;2.1;130;0
2225;https://www.mgfishing.eu/4659/trabucco-star-drops-inline-torpille.jpg;"Trabucco Star Drops Inline - Torpille";;"Minuteria da pesca";3.688525;4.5;181;0
2224;https://www.mgfishing.eu/4658/rapture-asami-slinkerra-slowfall-artificiale-jig.jpg;"Rapture ASAMI Slinkerra Slowfall - Artificiale JIG";;"Esche Artificiali da Pesca";4.836066;5.9;0;1
2223;https://www.mgfishing.eu/4657/trabucco-hisashi-f-31-surf-ami-surfcasting.jpg;"Trabucco Hisashi F-31 Surf - Ami Surfcasting";;"Ami Girelle e Moschettoni";2.377049;2.9;388;0
2221;https://www.mgfishing.eu/4641/rapture-spoon-greil-artificiali-trout-area.jpg;"Rapture Spoon Greil - Artificiali Trout Area";;"Esche Artificiali da Pesca";3.196721;3.9;79;0
2220;https://www.mgfishing.eu/4622/rapture-spoon-drone-artificiali-trout-area.jpg;"Rapture Spoon Drone - Artificiali Trout Area";;"Esche Artificiali da Pesca";3.196721;3.9;129;0
2219;https://www.mgfishing.eu/4621/spoon-rapture-drone-ld-35gr.jpg;"Rapture Spoon Drone LD 3.5Gr - Artificiali Trout Area";;"Esche Artificiali da Pesca";3.196721;3.9;5;0
2218;https://www.mgfishing.eu/4580/kit-tutta-pesca-canna-lancer-360-mt-80-gr-mulinello-brutal-4000.jpg;"Kit Tutta Pesca Canna Lancer 3,60 Mt 80 Gr + Mulinello Brutal 4000";;"Kit Da Pesca";36.803279;44.9;9;0
2216;https://www.mgfishing.eu/4575/kit-surfcasting-2-canne-colmic-xenon-100-200-gr-2-mulinelli-shizuka-7000-tripode-surfcasting-2-mt-fodero-175-cm.jpg;"Kit Surfcasting 2 Canne Colmic Xenon 100-200 Gr + 2 Mulinelli Shizuka 7000 + Tripode Surfcasting 2 Mt + Fodero 175 Cm";;"Kit Da Pesca";0.000000;199.9;25;0
2215;https://www.mgfishing.eu/4574/trabucco-t-force-xps-super-soft-nylon-da-bobina.jpg;"Trabucco T-Force XPS Super Soft - Nylon da Bobina";;"Monofili e Trecciati";5.491803;6.7;119;0
2213;https://www.mgfishing.eu/4569/trabucco-t-force-xps-ultra-fc403-sw-fluorocarbon-100.jpg;"Trabucco T-Force XPS Ultra FC403 SW - Fluorocarbon 100%";;"Monofili e Trecciati";0.000000;12;302;0
2212;https://www.mgfishing.eu/4568/rapture-drift-anchor-ancora-galleggiante.jpg;"Rapture Drift Anchor - Ancora Galleggiante";048-53-460;Nautica;18.770492;22.9;151;0
2211;https://www.mgfishing.eu/4565/rapture-drytek-pro-bag-fighter-belt-cintura-da-combattimento.jpg;"Renale Rapture Drytek Pro Bag Fighter Belt -";048-54-130;"Cinture Combattimento";43.360656;52.9;21;0
2210;https://www.mgfishing.eu/4564/trabucco-tf-xps-method-feeder-monofilo-da-feeder.jpg;"Trabucco TF XPS Method Feeder 300Mt - Monofilo da Feeder";;"Monofili e Trecciati";9.426230;11.5;5;0
2209;https://www.mgfishing.eu/4561/trabucco-vigor-hyper-x-bolo-canna-bolognese.jpg;"Trabucco Vigor Hyper-X Bolo - Canna Bolognese";;"Canne Da Pesca";0.000000;49.9;133;0
2208;https://www.mgfishing.eu/4559/daiwa-vadel-191-mt-60-150-gr-canna-da-light-jigging.jpg;"Daiwa VADEL 1,91 Mt 60-150 Gr - Canna da Light Jigging";"DAIWA VADEL VADLJ63XHB";"Canne Da Pesca";49.098361;59.9;2;0
2207;https://www.mgfishing.eu/4558/track-line-ami-serie-c10.jpg;"Track Line Ami Serie C10";;"Ami Girelle e Moschettoni";2.868852;3.5;5;0
2206;https://www.mgfishing.eu/4557/track-line-ami-serie-m75-black-nickel.jpg;"Track Line Ami Serie M75 Black Nickel";;"Ami Girelle e Moschettoni";2.868852;3.5;6;0
2205;https://www.mgfishing.eu/4556/ami-track-line-m40-black-nickel.jpg;"Track Line Ami Serie M40 Black Nickel";;"Ami Girelle e Moschettoni";0.000000;3.5;9;0
2204;https://www.mgfishing.eu/4555/ami-track-line-m70-black-nickel-.jpg;"Ami Track Line M70 Black Nickel";;"Ami Girelle e Moschettoni";2.377049;2.9;20;0
2203;https://www.mgfishing.eu/4553/track-line-ami-m60-black-nickel.jpg;"Track Line Ami M60 Black Nickel";;"Ami Traina Con Vivo";0.000000;0;0;1
2202;https://www.mgfishing.eu/4551/track-line-ami-m50-black-nickel.jpg;"Track Line Ami M50 Black Nickel";;"Ami Girelle e Moschettoni";0.000000;2.9;19;0
2201;https://www.mgfishing.eu/11112/rapture-big-trout-canna-spinning-trote-giganti.jpg;"Rapture Big Trout - Canna Trota Lago e Trout Area";;"Canne Da Pesca";0.000000;82.9;7;0
2200;https://www.mgfishing.eu/4537/trabucco-velar-fa-2000-mulinello-versatile.jpg;"Trabucco Velar FA 2000 - Mulinello Versatile";034-85-620;"Mulinelli Da Pesca";22.049180;26.9;1;0
2199;https://www.mgfishing.eu/4530/trabucco-srt-fd-3500-mulinello.jpg;"Trabucco SRT FD 3500 - Mulinello";034-83-935;"Mulinelli Da Pesca";40.901639;49.9;1;0
2198;https://www.mgfishing.eu/4526/trabucco-venger-fd-4000-mulinello.jpg;"Trabucco Venger FD 4000 - Mulinello";034-47-400;"Mulinelli Da Pesca";36.803279;44.9;1;0
2197;https://www.mgfishing.eu/4524/trabucco-vexil-fdx-2500-mulinello-versatile.jpg;"Trabucco Vexil FDX 2500 - Mulinello Versatile";034-49-250;"Mulinelli Da Pesca";44.180328;53.9;1;0
2195;https://www.mgfishing.eu/4523/trabucco-hydrus-nxt-master-pole-6-mt-canna-fissa.jpg;"Trabucco Hydrus NXT Master Pole 6 Mt - Canna Fissa";134-40-160;"Canne Da Pesca";40.901639;49.9;1;0
2194;https://www.mgfishing.eu/4519/aqs-freelander-kx-100-200-gr-fuji-nuovo-modello-2025.jpg;"AQS Freelander KX 100-200 Gr Fuji - Nuovo Modello 2025";;"Canne Da Pesca";0.000000;89.9;3;0
2193;https://www.mgfishing.eu/4514/trabucco-krius-fb-mulinello-versatile.jpg;"Trabucco Krius FB - Mulinello Versatile";034-60-450;"Mulinelli Da Pesca";61.393443;74.9;2;0
2192;https://www.mgfishing.eu/4513/trabucco-bait-box-500-gr-.jpg;"Trabucco Bait Box 500 GR";111-23-050;"Accessori Da Pesca";4.016393;4.9;1;0
2191;https://www.mgfishing.eu/4512/trabucco-gnt-super-brasem-sweet-caramello-additivo-per-pastura.jpg;"Trabucco GNT Super Brasem Sweet Caramello - Additivo per Pastura";060-10-140;Pasture;4.454545;4.9;2;0
2188;https://www.mgfishing.eu/4508/trabucco-hydrus-xsc-canna-trota-lago.jpg;"Trabucco Hydrus XSC - Canna Trota Lago";;"Canne Da Pesca";40.901639;49.9;78;0
2185;https://www.mgfishing.eu/4485/jatsui-cometa-natural-30-totanara-per-seppie-e-calamari.jpg;"Jatsui Cometa Natural - Totanara per Seppie e Calamari";;"Esche Artificiali da Pesca";9.754098;11.9;5;0
2184;https://www.mgfishing.eu/4482/captain-james-criminal-troll-16-e-20-lb-canna-da-traina.jpg;"Captain James Criminal Troll 16 e 20 LB - Canna da Traina";;"Canne Da Pesca";0.000000;244.9;2;0
2183;https://www.mgfishing.eu/4480/captain-james-criminal-troll-16-e-20-lb-canna-da-traina.jpg;"Captain James Criminal Bait 16 e 20 LB - Canna da Traina";;"Canne Da Pesca";0.000000;275;4;0
2182;https://www.mgfishing.eu/4477/med-fishing-tournament-long-distance-2000-mt.jpg;"Med Fishing Tournament Long Distance 2000 MT";;"Monofili e Trecciati";0.000000;28.9;3;0
2180;https://www.mgfishing.eu/4476/medfishing-microsfere-in-vetro-.jpg;"Med Fishing Microsfere in Vetro";;"Minuteria da pesca";4.016393;4.9;2;0
2179;https://www.mgfishing.eu/4475/medfishing-.jpg;"Medfishing Tecnosfera Crystall";;"Ami Girelle e Moschettoni";2.049179;2.5;4;0
2178;https://www.mgfishing.eu/4473/medfishing-filo-conico-tapperei.jpg;"Medfishing Filo Conico Tapered";;"Monofili e Trecciati";12.213115;14.9;4;0
2176;https://www.mgfishing.eu/4471/dynamite-swim-stim-f1-pellets-900g-2mm-4mm.jpg;"Dynamite Swim Stim F1 Pellets 900g – 2mm / 4mm";;Pellet;7.295082;8.9;2;0
2175;https://www.mgfishing.eu/4470/dynamite-baits-swim-stim-groundbait-betaine-green-900g.jpg;"Dynamite Baits Swim Stim Groundbait Betaine Green 900g";;"Pasture Boilies";7.295082;8.9;2;0
2173;https://www.mgfishing.eu/4467/dynamite-baits-marine-halibut-pellets-900g-4mm-6mm.jpg;"Dynamite Baits Marine Halibut Pellets 900g – 4mm / 6mm";;Pellet;7.295082;8.9;4;0
2172;https://www.mgfishing.eu/4466/dynamite-baits-swim-stim-f1-sweet-groundbait-800g.jpg;"Dynamite Baits Swim Stim F1 Sweet Groundbait 800g";;Pasture;7.295082;8.9;2;0
2170;https://www.mgfishing.eu/4464/pellet-dynamite-baits-swim-stim-betaine-green-2mm-900g.jpg;"Pellet Dynamite Baits Swim Stim Betaine Green 2mm 900g";;Pasture;7.295082;8.9;2;0
2169;https://www.mgfishing.eu/4462/pellet-dynamite-baits-swim-stim-betaine-green-2mm-900g.jpg;"Pellet Dynamite Baits Swim Stim Betaine Green 2mm 900g";;Pasture;0.000000;0;0;1
2168;https://www.mgfishing.eu/4456/combo-spinning-canna-mulinello-omaggi.jpg;"Combo Spinning Canna Vigor Spin 2,10 Mt 30 Gr + Mulinello Brutal 4000";;"Kit Da Pesca";0.000000;24.9;10;0
2165;https://www.mgfishing.eu/4453/pellet-dynamite-baits-swim-stim-amino-original-3mm-900g-.jpg;"Pellet Dynamite Baits Swim Stim Amino Original 900g – 2mm / 3mm";;Pellet;7.295082;8.9;8;0
2164;https://www.mgfishing.eu/4451/marine-halibut-groundbait-1kg-dynamite-baits-pastura-carpfishing-ad-alta-attrazione.jpg;"Marine Halibut Groundbait 1kg Dynamite Baits";ADY040013;Pasture;7.295082;8.9;2;0
2162;https://www.mgfishing.eu/4443/kit-trout-area.jpg;"Kit Trout Area Canna Okura 1,95 Mt 0-8 Gr + Mulinello Artic 2000";;"Kit Da Pesca";0.000000;44.9;4;0
2161;https://www.mgfishing.eu/4433/jatsui-unghiette-lamina.jpg;"Jatsui Unghiette Lamina - Esca Artificiale Traina";;"Esche Artificiali da Pesca";9.754098;11.9;6;0
2160;https://www.mgfishing.eu/4432/mustad-ami-92554np-nr-ami-da-barca.jpg;"Mustad Ami 92554NP-NR - Ami da Barca";;"Ami Girelle e Moschettoni";0.000000;4.5;4;0
2159;https://www.mgfishing.eu/4430/yuki-porta-piombi-.jpg;"Yuki Porta Piombi e Porta Artificiali";;"Accessori Da Pesca";0.000000;16.9;2;0
2158;https://www.mgfishing.eu/4429/yuki-saikou-next-gen-h2-420450-mt-100-250gr-canna-surfcasting.jpg;"Yuki Saikou Next Gen H2 4,20/4,50 Mt 100-250gr - Canna Surfcasting";;"Canne Da Pesca";0.000000;124.9;2;0
2157;https://www.mgfishing.eu/4428/yuki-saikou-a8-dsc-sensitive-420-mt-100-250gr-canna-surfcasting.jpg;"Yuki Saikou A8 DSC Sensitive 4,20 Mt 100-250gr - Canna Surfcasting";"YUKI SAIKOU A8 DSC 4,20MT CSSDS842";"Canne Da Pesca";129.426230;157.9;1;0
2155;https://www.mgfishing.eu/4427/stonfo-rotoknotter-bobinatore-legature-art-530.jpg;"Stonfo Rotoknotter Bobinatore Legature Art. 530";"ROTOKNOTTER STONFO ART. 530";"Accessori Da Pesca";23.688525;28.9;1;0
2154;https://www.mgfishing.eu/4422/alcedo-area-s5-175-mt-03-3-gr-canna-trout-area.jpg;"Alcedo Area S5 1,75 Mt 0.3-3 Gr - Canna Trout Area";"CANNA ALCEDO AREA S5 1.75MT 0.3-3GR 94120917";"Canne Da Barca";29.426230;35.9;0;1
2153;https://www.mgfishing.eu/4420/alcedo-rambler-240-mt-12-40-gr-canna-spinning-travel-.jpg;"Alcedo Rambler 2,40 Mt 12-40 Gr - Canna Spinning Travel";;"Canne Da Pesca";45.000000;54.9;1;0
2152;https://www.mgfishing.eu/4417/akami-aston-surf-420-mt-100-250gr-canna-da-surfcasting.jpg;"Akami Aston Surf 4,20 Mt 100-250gr - Canna da Surfcasting";"AKAMI ASTON SURF 4,20MT 100-250GR 228645";"Canne Da Pesca";114.672131;139.9;1;0
2151;https://www.mgfishing.eu/4409/jatsui-egi-parthenope-ideale-per-seppie-e-calamari.jpg;"JATSUI Egi Parthenope - Ideale per Seppie e Calamari";;"Esche Artificiali da Pesca";8.114754;9.9;8;0
2149;https://www.mgfishing.eu/4407/bulox-cavetto-acciaio-nero-autosaldante-ideale-per-serra-e-lucci.jpg;"BULOX Cavetto Acciaio Nero Autosaldante - Ideale per Serra e Lucci";;"Minuteria da pesca";2.377049;2.9;6;0
2148;https://www.mgfishing.eu/4406/captain-j-filo-monel-da-traina-60lb-300mt.jpg;"Captain J Filo Monel da Traina 60lb 300mt";"CAPTAIN J MONEL TRAINA D3900014";"Monofili e Trecciati";155.655738;189.9;0;1
2147;https://www.mgfishing.eu/4403/jatsui-borsa-eva-ideale-per-riporre-fino-a-24-artificiali.jpg;"Jatsui Borsa EVA - Ideale per riporre fino a 24 Artificiali";;"Borse, zaini e foderi";24.508197;29.9;1;0
2146;https://www.mgfishing.eu/4402/jatsui-borsa-eva-24-egi.jpg;"Jatsui Borsa Eva 24 EGI";"BORSA JATSUI D3400308";"Borse, zaini e foderi";22.868852;27.9;1;0
2145;https://www.mgfishing.eu/4401/wax-spinner-mulinello-da-bolognese-e-spinning.jpg;"Wax Spinner - Mulinello da Bolognese e Spinning";;"Mulinelli Da Pesca";0.000000;34.9;2;0
2144;https://www.mgfishing.eu/4396/wax-flux-6000-mulinello-versatile.jpg;"Wax Flux 6000 - Mulinello Versatile";"MULINELLO WAX FLUX 6000 D5800039";"Mulinelli Da Pesca";40.901639;49.9;2;0
2143;https://www.mgfishing.eu/4390/tica-black-phantom-ec101bp-mulinello-da-vertical.jpg;"Tica Black Phantom EC101BP - Mulinello da Vertical";"Tica Black Phantom EC101BP";"Mulinelli Da Pesca";65.491803;79.9;1;0
2142;https://www.mgfishing.eu/4387/tica-x-jigger-xj5hl-mulinello-da-vertical-e-traina.jpg;"Tica X-JIGGER XJ5HL - Mulinello da Vertical e Traina";"TICA X JIGGER XH5HL";"Mulinelli Da Pesca";110.573770;134.9;1;0
2141;https://www.mgfishing.eu/4384/ami-bad-bass-serie-327.jpg;"Ami BAD BASS Serie 327";;"Ami Girelle e Moschettoni";4.016393;4.9;7;0
2140;https://www.mgfishing.eu/4382/ami-bad-bass-serie-314.jpg;"Ami BAD BASS Serie 314";;"Ami Girelle e Moschettoni";4.016393;4.9;9;0
2139;https://www.mgfishing.eu/4381/captain-james-nassa-galleggiante-60-cm.jpg;"Captain James Nassa Galleggiante 60 Cm";"NASSA CAPTAIN JAMES D0100030";"Nasse e Reti";28.606557;34.9;1;0
2138;https://www.mgfishing.eu/4380/wax-anthem-5000-mulinello-.jpg;"WAX Anthem 5000 - Mulinello";"MULINELLO WAX ANTHEM 5000 D5800023";"Mulinelli Da Pesca";36.803279;44.9;3;0
2137;https://www.mgfishing.eu/4375/tica-urus-5000-mulinello-.jpg;"Tica Urus 5000 - Mulinello";"TICA URUS 5000";"Mulinelli Da Pesca";36.803279;44.9;3;0
2136;https://www.mgfishing.eu/4374/falcon-venere-canna-bolognese.jpg;"Falcon Venere - Canna Bolognese";;"Canne Da Pesca";0.000000;84.9;7;0
2135;https://www.mgfishing.eu/4371/lineaeffe-vigor-spinn-210-mt-30-gr-canna-da-spinning.jpg;"Lineaeffe Vigor SPINN 2,10 Mt 30 Gr - Canna da Spinning";2825421;"Canne Da Pesca";12.213115;14.9;8;0
2134;https://www.mgfishing.eu/4370/lineaeffe-lancer-360-mt-80-gr-canna-telematch.jpg;"Lineaeffe Lancer 3,60 MT 80 Gr - Canna Telematch";2868536;"Canne Da Pesca";32.704918;39.9;4;0
2133;https://www.mgfishing.eu/4368/lineaeffe-caspian-pro-180-mt-250-gr-canna-versatile.jpg;"Lineaeffe Caspian Pro 1,80 Mt 250 Gr - Canna Versatile";2240318;"Canne Da Pesca";16.311475;19.9;4;0
2132;https://www.mgfishing.eu/4367/fishing-ferrari-sharp-spinner-canna-da-spinning.jpg;"Fishing Ferrari Sharp Spinner - Canna da Spinning";;"Canne Da Pesca";0.000000;37.9;6;0
2130;https://www.mgfishing.eu/4366/shimano-stella-sw-c-20000-pg.jpg;"Shimano Stella SW C 20000 PG - Mulinello SW";"STLSW20000PGC - SHIMANO STELLA SW-C 20000 PG";"Mulinelli Da Pesca";721.229508;879.9;1;0
2129;https://www.mgfishing.eu/4362/fishing-ferrari-cast-leader-6000-mulinello-surfcasting.jpg;"Fishing Ferrari Cast Leader 6000 - Mulinello Surfcasting";1346460;"Mulinelli Da Pesca";40.901639;49.9;6;0
2128;https://www.mgfishing.eu/4361/shizuka-sk14-7000-mulinello-da-surfcasting.jpg;"Shizuka SK14 7000 - Mulinello da Surfcasting";S1001470;"Mulinelli Da Pesca";12.213115;14.9;10;0
2127;https://www.mgfishing.eu/4360/lineaeffe-artic-200-mulinello-versatile.jpg;"Lineaeffe Artic 200 - Mulinello Versatile";1207020;"Mulinelli Da Pesca";8.114754;9.9;7;0
2126;https://www.mgfishing.eu/4359/lineaeffe-chrono-5000-mulinello-versatile-ed-affidabile.jpg;"Lineaeffe Chrono 5000 - Mulinello Versatile ed Affidabile";1230750;"Mulinelli Da Pesca";12.213115;14.9;6;0
2125;https://www.mgfishing.eu/4358/nomura-izu-extrema-eging-240mt-egi-1-4.jpg;"Nomura Izu Extrema Eging 2.40mt EGI 1-4";NM23130824;"Canne Da Pesca";32.704918;39.9;2;0
2124;https://www.mgfishing.eu/4357/nomura-kanji-sea-master-231mt-10-50gr-canna-da-spinning-.jpg;"Nomura Kanji Sea Master 2,31mt 10-50gr - Canna da Spinning";NM21240823;"Canne Da Pesca";39.262295;47.9;3;0
2123;https://www.mgfishing.eu/4353/nomura-haru-drop-shot-220mt-3-16gr-canna-spinning-drop-shot.jpg;"Nomura Haru Drop Shot 2.20mt 3-16gr - Canna Spinning Drop Shot";NM20211622;"Canne Da Pesca";39.262295;47.9;2;0
2121;https://www.mgfishing.eu/4350/nomura-akira-180mt-1-4gr-canna-da-trout-area.jpg;"Nomura Akira 1.80mt 1-4gr Canna da Trout Area";NM20510418;"Canne Da Pesca";28.606557;34.9;4;0
2118;https://www.mgfishing.eu/4345/colmic-extreme-suit-completo-invernale.jpg;"Colmic Extreme Suit - Completo invernale Giacca e Salopette";;"Abbigliamento Da Pesca";106.475410;129.9;20;0
2117;https://www.mgfishing.eu/4312/alcedo-absolute-x-tele-match-420mt-80gr-canna-all-round.jpg;"Alcedo Absolute X Tele Match 4,20mt 80gr - Canna All Round";95011010;"Accessori Sfilettatori";40.901639;49.9;1;0
2116;https://www.mgfishing.eu/4311/fishing-ferrari-dagon-8000-mulinello-surfcasting.jpg;"Fishing Ferrari DAGON 8000 - Mulinello Surfcasting";1349980;"Mulinelli Da Pesca";28.606557;34.9;11;0
2115;https://www.mgfishing.eu/4305/akami-kairos-5000-mulinello-spinning.jpg;"Akami Kairos 5000 - Mulinello Spinning";122150;"Mulinelli Da Pesca";65.491803;79.9;1;0
2114;https://www.mgfishing.eu/4304/akami-velam-8000-mulinello-surfcasting.jpg;"Akami Velam 8000 - Mulinello Surfcasting";;"Mulinelli Da Pesca";90.081967;109.9;1;0
2113;https://www.mgfishing.eu/4300/zaino-akami-mg23-.jpg;"Zaino Akami MG23";653878;"Borse, zaini e foderi";69.590164;84.9;1;0
2112;https://www.mgfishing.eu/4296/fodero-akami-akrb14.jpg;"Fodero Portacanne Akami con Tripode AKRB14";650353;"Borse, zaini e foderi";61.393443;74.9;0;1
2111;https://www.mgfishing.eu/4295/alcedo-freemont-evo-5500.jpg;"Alcedo Freemont EVO 5500 - Mulinello Surfcasting";60010008;"Mulinelli Da Pesca";27.786885;33.9;7;0
2110;https://www.mgfishing.eu/4286/colmic-medina.jpg;"Colmic Medina 20 LB - Canna da Traina";;"Canne Da Pesca";73.688525;89.9;1;0
2109;https://www.mgfishing.eu/4284/kit-surfcasting-canna-colmic-xenon-surf-mulinello-a-scelta.jpg;"Kit Surfcasting Canna COLMIC Xenon Surf + Mulinello a Scelta";;"Kit Da Pesca";0.000000;59.9;111;0
2107;https://www.mgfishing.eu/4272/nomura-aiko-ta-198mt-1-7gr-canna-da-trout-area.jpg;"Nomura Aiko TA 1,98mt 1-7gr Canna da Trout Area";NM20600719;"Canne Da Pesca";40.901639;49.9;1;0
2106;https://www.mgfishing.eu/4266/fodero-trabucco.jpg;"Fodero Trabucco Competition Pro Bag Rod & Reel Holdall - Fodero Portacanne";;"Borse, zaini e foderi";0.000000;20.9;5;0
2105;https://www.mgfishing.eu/4265/colmic-xenon-surf-420mt-200gr.jpg;"Colmic Xenon Surf - Canna Surfcasting";;"Canne Da Pesca";0.000000;49.9;16;0
2104;https://www.mgfishing.eu/4259/shimano-canna-salty-advance-eging.jpg;"Shimano Canna Salty Advance Spinning";;"Canne Da Pesca";81.885246;99.9;1;0
2103;https://www.mgfishing.eu/4256/shimano-canna-beastmaster-tataki-.jpg;"Shimano Canna Beastmaster Tataki";;"Canne Da Pesca";65.491803;79.9;1;0
2102;https://www.mgfishing.eu/4246/combo-eging-seppie-e-calamari-canna-mulinello-5-artificiali.jpg;"Combo Eging Seppie e Calamari – Canna + Mulinello + 5 Artificiali";;"Kit Da Pesca";0.000000;29.9;13;0
2101;https://www.mgfishing.eu/4656/lampada-uv-per-totanare-da-seppie-e-calamari.jpg;"Lampada UV per Totanare da Seppie e Calamari";;Lampade;10.573770;12.9;3;0
2100;https://www.mgfishing.eu/4242/daiwa-zaino-surfcasting.jpg;"Daiwa Zaino Surfcasting";;"Borse, zaini e foderi";106.475410;129.9;0;1
2099;https://www.mgfishing.eu/4241/tubertini-pastura-mare-nostrum.jpg;"Tubertini Pastura Mare Nostrum";;Pasture;4.016393;4.9;5;0
2098;https://www.mgfishing.eu/4240/tubertini-lenza-bolentino-vlp-rig.jpg;"Tubertini Lenza Bolentino VLP RIG";;"Esche Artificiali da Pesca";3.188525;3.89;8;0
2097;https://www.mgfishing.eu/4239/shimano-aero-bb.jpg;"Shimano AERO BB";;"Mulinelli Da Pesca";0.000000;74.9;2;0
2096;https://www.mgfishing.eu/4235/ami-legati-trabucco-akura-6315.jpg;"Ami Legati Trabucco Akura 6315";;"Ami Girelle e Moschettoni";3.196721;3.9;11;0
2095;https://www.mgfishing.eu/4233/borsa-trabucco-porta-accessori.jpg;"Borsa Trabucco Porta Accessori";048-45-320;"Borse, zaini e foderi";16.311475;19.9;1;0
2094;https://www.mgfishing.eu/4232/borsa-termica-trabucco-probag-thermic-bag.jpg;"Borsa Termica Trabucco Probag Thermic Bag";048-45-340;"Borse, zaini e foderi";27.786885;33.9;1;0
2093;https://www.mgfishing.eu/4231/fodero-trabucco-da-bolognese-con-tasche-laterali.jpg;"Fodero Trabucco da Bolognese con Tasche laterali";048-45-210;"Borse, zaini e foderi";49.098361;59.9;1;0
2092;https://www.mgfishing.eu/4230/fodero-trabucco-rigido-175cm-.jpg;"Fodero Trabucco Rigido 175cm";048-45-430;"Borse, zaini e foderi";57.295082;69.9;1;0
2091;https://www.mgfishing.eu/4229/fodero-trabucco-surfcasting-.jpg;"Fodero Trabucco Surfcasting 180 cm";048-45-420;"Borse, zaini e foderi";53.196721;64.9;1;0
2090;https://www.mgfishing.eu/4228/trabucco-t-force-taperline-precisione-filo-conico-surfcasting.jpg;"Trabucco T-Force Taperline Precisione Filo Conico Surfcasting 220 MT";;"Monofili e Trecciati";0.000000;15.9;8;0
2089;https://www.mgfishing.eu/4224/trabucco-xps-taperline-xd-filo-conico-surfcasting.jpg;"Trabucco XPS Taperline XD Filo Conico Surfcasting";;"Monofili e Trecciati";0.000000;19.5;31;0
2087;https://www.mgfishing.eu/4223/italcanna-slowpitch-fishball-350.jpg;"Italcanna Slowpitch Fishball 1,98mt 150-350gr";;"Canne Da Pesca";278.606557;339.9;1;0
2086;https://www.mgfishing.eu/4220/ciuffi-da-traina-.jpg;"Ciuffi da Traina";;"Esche Artificiali da Pesca";2.377049;2.9;6;0
2085;https://www.mgfishing.eu/4219/trabucco-oceanic-420mt-250gr-.jpg;"Trabucco Oceanic 4,20mt 250gr";"OCEANIC 3PZ 4,20MT 250GR 170-54-930";"Canne Da Pesca";40.901639;49.9;10;0
2084;https://www.mgfishing.eu/4213/shimano-catana-mulinello-.jpg;"Shimano Catana Mulinello";;"Mulinelli Da Pesca";0.000000;44.9;3;0
2083;https://www.mgfishing.eu/4209/shimano-blue-romance-eging.jpg;"Shimano Blue Romance Eging 2,44mt 10-25gr";;"Canne Da Pesca";126.967213;154.9;1;0
2081;https://www.mgfishing.eu/4201/canna-shimano-sienna-spinning.jpg;"Canna Shimano Sienna Spinning";;"Canne Da Pesca";0.000000;39.9;1;0
2080;https://www.mgfishing.eu/4200/fishing-ferrari-fortex-evolution-7mt-100gr-bolognese.jpg;"Fishing Ferrari Fortex Evolution 7Mt 100gr Bolognese";2521670;"Canne Da Pesca";102.377049;124.9;1;0
2079;https://www.mgfishing.eu/4198/fishing-ferrari-atomic-air-7-mt-bolognese.jpg;"Fishing Ferrari Atomic Air 7 Mt Bolognese";;"Canne Da Pesca";122.868852;149.9;1;0
2078;https://www.mgfishing.eu/4195/trabucco-prestige-6-mt-bolognese.jpg;"Trabucco Prestige 6 Mt Bolognese";"BOLOGNESE TRABUCCO PRESTIGE 6MT COD. 120-55-060";"Canne Da Pesca";81.885246;99.9;1;0
2077;https://www.mgfishing.eu/4194/trabucco-hydrus-bolognese.jpg;"Trabucco Hydrus Bolognese";;"Canne Da Pesca";0.000000;54.9;4;0
2076;https://www.mgfishing.eu/4191/daiwa-tanacom-1200.jpg;"Daiwa Tanacom 1200";;"Mulinelli Da Pesca";532.786885;650;1;0
2075;https://www.mgfishing.eu/4185/mulinello-shimano-ultegra-fd-.jpg;"Mulinello Shimano Ultegra FD";;"Mulinelli Da Pesca";0.000000;159.9;1;0
2074;https://www.mgfishing.eu/4178/shimano-fx-canna-da-spinning-mulinello-globe-fishing-brutal-3000.jpg;"Shimano FX Canna da Spinning + Mulinello Globe Fishing Brutal 3000 + Artificiali Omaggio";;"Kit Da Pesca";0.000000;39.9;0;1
2073;https://www.mgfishing.eu/4177/materassino-carpfishing-cradle-carp-spirit-protezione-e-praticita-per-la-carpa.jpg;"Materassino Carpfishing Cradle Carp Spirit";"MATERASSINO CRADLE - ACS070087";"Accessori Da Pesca";73.688525;89.9;1;0
2072;https://www.mgfishing.eu/4175/shimano-forcemaster-9000-mulinello-elettrico.jpg;"Shimano Forcemaster 9000 Mulinello Elettrico";"SHIMANO FORCEMASTER 9000 FM9000A";"Mulinelli Da Pesca";721.229508;879.9;1;0
2070;https://www.mgfishing.eu/4169/ami-legati-trabucco-akura-9684bn-da-mare.jpg;"Ami Legati Trabucco Akura 9684BN da Mare";;"Ami Girelle e Moschettoni";0.000000;3.9;0;1
2069;https://www.mgfishing.eu/4168/pesc-amore-sacrale-bolo-x-power.jpg;"Pesc'amore Sacrale Bolo X-Power";;"Canne Da Pesca";0.000000;229.9;2;0
2068;https://www.mgfishing.eu/4165/trabucco-t-force-competition-st-leader-filo-per-travi.jpg;"Trabucco T-Force Competition ST Leader Filo per Travi 0.50mm";;"Monofili e Trecciati";7.295082;8.9;5;0
2066;https://www.mgfishing.eu/4158/kit-surfcasting-canna-a-scelta-mulinello-shizuka-sk14-7000-.jpg;"Kit Surfcasting Canna a scelta + Mulinello Shizuka sk14 7000";;"Kit Da Pesca";0.000000;29.9;28;0
2064;https://www.mgfishing.eu/4156/trabucco-xtr-picchetto-surfcasting.jpg;"Trabucco XTR Picchetto Surfcasting";088-65-950;"Picchetti, tripodi e reggicanne";16.311475;19.9;0;1
2063;https://www.mgfishing.eu/4155/trabucco-xtr-surf-tripod.jpg;"Trabucco XTR Surf Tripod";088-65-920;"Picchetti, tripodi e reggicanne";40.901639;49.9;2;0
2062;https://www.mgfishing.eu/4151/lineaeffe-cooler-28lt-.jpg;"Lineaeffe Cooler 28lt";;"Porta pesci";110.573770;134.9;1;0
2061;https://www.mgfishing.eu/4148/colmic-foce-nx100-10mt.jpg;"Colmic Foce NX100 10mt - Canna Bolognese";;"Canne Da Pesca";278.606557;339.9;2;0
2060;https://www.mgfishing.eu/4141/akami-cooler-cb-.jpg;"Akami COOLER CB Frigorifero da Pesca portatile";;"Porta pesci";0.000000;89.9;2;0
2059;https://www.mgfishing.eu/4142/tunabomb-pasturatore-tonni-a-campana.jpg;"TUNABOMB Pasturatore Tonni a Campana";;Pasturatori;77.868852;95;3;0
2058;https://www.mgfishing.eu/4138/filo-ande-tournament-verde-igfa.jpg;"Filo Ande Tournament Verde IGFA 20lb 0.425mm";;"Monofili e Trecciati";36.803279;44.9;3;0
2057;https://www.mgfishing.eu/4116/kit-pesca-tonno-canna-mulinello-imbobbinato-finale-ed-amo.jpg;"Kit Pesca Tonno Canna + Mulinello imbobbinato + Finale ed amo";;"Kit Da Pesca";0.000000;259.9;53;0
2054;https://www.mgfishing.eu/4115/rete-di-ricambio-per-tellinaro.jpg;"Rete di Ricambio per Tellinaro";;Tellinari;0.000000;8.9;89;0
2053;https://www.mgfishing.eu/4113/yuki-saikou-next-gen-ht-420mt-100-250gr.jpg;"Yuki Saikou Next Gen HT 100-250gr - Canna Surfcasting";;"Canne Da Pesca";0.000000;114.9;2;0
2052;https://www.mgfishing.eu/4111/yuki-saikou-a9-dsc-450mt-100-250gr.jpg;"Yuki Saikou A9 DSC 4,20Mt/4,50 Mt 100-250gr - Canna da Surfcasting";;"Canne Da Pesca";0.000000;159.9;0;1
2051;https://www.mgfishing.eu/4109/canna-captain-james-amber-sniper-acid-30lb.jpg;"Canna Captain James Amber Sniper Acid 30lb";;"Canne Da Pesca";139.262295;169.9;1;0
2050;https://www.mgfishing.eu/4104/captain-james-dentex-sniper-20lb.jpg;"Captain James Dentex Sniper 20lb";;"Canne Da Pesca";139.262295;169.9;1;0
2049;https://www.mgfishing.eu/4099/legio-aurea-corvus-amo-swimbait.jpg;"Legio Aurea Corvus Amo Swimbait";;"Esche Artificiali da Pesca";5.163934;6.3;11;0
2048;https://www.mgfishing.eu/4098/legio-aurea-brutus-soft-swimbait.jpg;"Legio Aurea Brutus Soft Swimbait";;"Esche Artificiali da Pesca";6.967213;8.5;15;0
2047;https://www.mgfishing.eu/4092/game-by-laboratorio-cuda-replacement-tails.jpg;"Game By Laboratorio Cuda Replacement Tails";;"Esche Artificiali da Pesca";3.606557;4.4;5;0
2046;https://www.mgfishing.eu/4090/game-by-laboratorio-serra-3d.jpg;"Game By Laboratorio Serra 3D";;"Esche Artificiali da Pesca";14.344262;17.5;24;0
2045;https://www.mgfishing.eu/4083/game-by-laboratorio-serra-evo.jpg;"Game By Laboratorio Serra EVO";;"Esche Artificiali da Pesca";14.672131;17.9;24;0
2044;https://www.mgfishing.eu/4066/game-by-laboratorio-aguglia-cuda.jpg;"Game By Laboratorio Aguglia Cuda";;"Esche Artificiali da Pesca";16.311475;19.9;15;0
2043;https://www.mgfishing.eu/4054/aguglia-evo-game-by-laboratorio.jpg;"Aguglia EVO Game By Laboratorio";;"Esche Artificiali da Pesca";16.311475;19.9;32;0
2042;https://www.mgfishing.eu/4038/airrus-acciaio-canna-spinning-offset.jpg;"Airrus Acciaio Canna Spinning Offset";;"Canne Da Pesca";299.098361;364.9;1;0
2041;https://www.mgfishing.eu/4034/airrus-mercurial-canna-spinning-monopezzo.jpg;"Airrus Mercurial Canna Spinning Monopezzo";;"Canne Da Pesca";184.344262;224.9;10;0
2040;https://www.mgfishing.eu/4037/airrus-alano-25-canna-spinning-monopezzo.jpg;"Airrus Alano 25 Canna Spinning Monopezzo";;"Canne Da Pesca";227.786885;277.9;4;0
2037;https://www.mgfishing.eu/4018/airrus-alano.jpg;"Airrus Alano Power Canna Spinning Monopezzo";;"Canne Da Pesca";154.016393;187.9;0;1
2036;https://www.mgfishing.eu/4009/okuma-flite-surf.jpg;"Okuma Flite Surf";;"Mulinelli Da Pesca";131.065574;159.9;1;0
2033;https://www.mgfishing.eu/3999/airrus-ultra-canna-spinning-monopezzo.jpg;"Airrus Ultra Canna Spinning Monopezzo";;"Canne Da Pesca";129.426230;157.9;5;0
2032;https://www.mgfishing.eu/3997/airrus-bora-25-spinning-monopezzo.jpg;"Airrus Bora 25 Spinning Monopezzo";;"Canne Da Pesca";163.114754;199;4;0
2030;https://www.mgfishing.eu/3990/airrus-bora-spinning-monopezzo.jpg;"Airrus Bora Spinning Monopezzo";;"Canne Da Pesca";147.540984;180;6;0
2029;https://www.mgfishing.eu/3989/picchetto-sabbia-yuki-175cm.jpg;"Picchetto Sabbia YUKI 175cm";;"Picchetti, tripodi e reggicanne";14.672131;17.9;2;0
2028;https://www.mgfishing.eu/3986/yuki-borsa-eva-da-competizione.jpg;"Yuki Borsa EVA da Competizione";CUB33;"Borse, zaini e foderi";35.163934;42.9;1;0
2027;https://www.mgfishing.eu/3971/halco-laser-pro-140dd-artificiali-da-traina.jpg;"Halco Laser Pro 140DD Artificiali da Traina";;"Esche Artificiali da Pesca";9.754098;11.9;26;0
2026;https://www.mgfishing.eu/3962/trabucco-spectrum.jpg;"Trabucco Spectrum 8000 XSD";035-31-180;"Mulinelli Da Pesca";77.786885;94.9;0;1
2025;https://www.mgfishing.eu/3961/trabucco-athena-surf-420mt-200gr.jpg;"Trabucco Athena EVO Surf 4,20mt 200gr - Canna Surfcasting";172-13-330;"Canne Da Pesca";147.459016;179.9;1;0
2024;https://www.mgfishing.eu/3955/trabucco-serenity-x-cast-surf-420mt-200gr.jpg;"Trabucco Suspiria Sky Surfer - Canna Surfcasting";;"Canne Da Pesca";0.000000;122.9;10;0
2022;https://www.mgfishing.eu/3943/trabucco-maxxis-hyper-surf-10000.jpg;"Trabucco Maxxis Hyper Surf 10000";;"Mulinelli Da Pesca";49.098361;59.9;0;1
2021;https://www.mgfishing.eu/3940/carrello-pesca-kolpo.jpg;"Carrello Pesca Kolpo";;"Carrelli Da Pesca";24.508197;29.9;0;1
2020;https://www.mgfishing.eu/3937/filo-shimano-tiagra-hyper-troll-igfa.jpg;"Filo Shimano Tiagra Hyper Troll IGFA";;"Monofili e Trecciati";0.000000;39.9;3;0
2019;https://www.mgfishing.eu/3932/shimano-ultegra-surf-j.jpg;"Shimano Ultegra Surf J";;"Canne Da Pesca";0.000000;249.9;2;0
2018;https://www.mgfishing.eu/3927/daiwa-24-crosscast-45-5000-qd.jpg;"Daiwa 24 Crosscast 45 5000 QD";;"Mulinelli Da Pesca";106.475410;129.9;2;0
2017;https://www.mgfishing.eu/3925/daiwa-emblem-45-scw-qd.jpg;"Daiwa Emblem 45 SCW QD";;"Mulinelli Da Pesca";167.950820;204.9;0;1
2016;https://www.mgfishing.eu/3912/daiwa-shorecast-surf.jpg;"Daiwa Shorecast Surf";;"Mulinelli Da Pesca";36.803279;44.9;0;1
2015;https://www.mgfishing.eu/3911/porta-starlight-in-silicone-bianco.jpg;"Porta Starlight in silicone bianco";;"Accessori Da Pesca";2.377049;2.9;5;0
2013;https://www.mgfishing.eu/3902/trecciato-shimano-kairiki-4-capi-300mt-multicolor.jpg;"Trecciato Shimano Kairiki 4 Capi 300mt Multicolor";;"Monofili e Trecciati";14.672131;17.9;23;0
2012;https://www.mgfishing.eu/3900/shimano-stradic-sw-14000-xg.jpg;"Shimano Stradic SW 14000 XG";;"Mulinelli Da Pesca";147.459016;179.9;0;1
2010;https://www.mgfishing.eu/3896/tellinaro-rastrello-mezzaluna-35cm.jpg;"Tellinaro Rastrello Mezzaluna 35cm";;Tellinari;18.770492;22.9;5;0
2008;https://www.mgfishing.eu/3895/aqs-mulinello-titan-tt-400-l.jpg;"AQS Mulinello Titan TT-400 L";;"Mulinelli Da Pesca";77.786885;94.9;1;0
2007;https://www.mgfishing.eu/3894/aqs-beach-caster-450mt-55-100gr.jpg;"AQS Beach Caster 4,50mt 55-100gr";;"Canne Da Pesca";73.688525;89.9;0;1
2006;https://www.mgfishing.eu/3893/aqs-defender-440mt-80-110gr.jpg;"AQS Defender 4,40mt 80-110gr";;"Canne Da Pesca";106.475410;129.9;0;1
2005;https://www.mgfishing.eu/3888/tica-ezi-surf-8000-.jpg;"Tica Ezi Surf 8000";;"Mulinelli Da Pesca";40.901639;49.9;0;1
2003;https://www.mgfishing.eu/3886/bkk-split-ring-51.jpg;"BKK Split Ring-51";;"Ami Girelle e Moschettoni";5.655738;6.9;10;0
2000;https://www.mgfishing.eu/3880/bkk-amo-lone-diablo.jpg;"BKK Ami Lone Diablo";;"Ami Girelle e Moschettoni";0.000000;12.9;6;0
1999;https://www.mgfishing.eu/3878/bkk-terminali-da-feeder-ftb-1.jpg;"BKK Terminali da Feeder FTB-1";;Home;0.000000;0;0;1
1997;https://www.mgfishing.eu/3876/tubertini-pastura-turbo-black.jpg;"Tubertini Pastura Turbo Black";;Pasture;10.245902;12.5;2;0
1996;https://www.mgfishing.eu/3875/tubertini-forbici-3-lame-.jpg;"Tubertini Forbici 3 Lame";;"Forbici e Pinze";11.393443;13.9;1;0
1995;https://www.mgfishing.eu/3874/tubertini-fodero-ravenna-3-scomparti.jpg;"Tubertini Fodero Ravenna 3 Scomparti";;"Borse, zaini e foderi";61.393443;74.9;1;0
1994;https://www.mgfishing.eu/3873/tubertini-fodero-forli-3-scomparti.jpg;"Tubertini Fodero Forlì 3 scomparti";;"Borse, zaini e foderi";57.295082;69.9;2;0
1993;https://www.mgfishing.eu/3872/tubertini-fodero-offshore-600.jpg;"Tubertini Fodero Offshore 600";;"Borse, zaini e foderi";81.885246;99.9;1;0
1992;https://www.mgfishing.eu/3871/tubertini-borsa-porta-mulinello-.jpg;"Tubertini Borsa Porta Mulinello";;"Borse, zaini e foderi";16.311475;19.9;2;0
1991;https://www.mgfishing.eu/3870/tubertini-borsa-porta-mulinello.jpg;"Tubertini Borsa Porta Mulinello";;"Borse, zaini e foderi";12.213115;14.9;1;0
1990;https://www.mgfishing.eu/3869/tubertini-borsa-termica-mirage.jpg;"Tubertini Borsa Termica Mirage";;"Borse, zaini e foderi";18.770492;22.9;2;0
1989;https://www.mgfishing.eu/3868/tubertini-sailtech-twist-evo.jpg;"Tubertini Sailtech Twist Evo - Canna Bolentino Profondità";;"Canne Da Pesca";0.000000;159.9;6;0
1988;https://www.mgfishing.eu/3865/tubertini-sailtech-300mt-1kg-15kg.jpg;"Tubertini Sailtech 3.00mt 1kg / 1,5kg";;Home;0.000000;0;0;1
1987;https://www.mgfishing.eu/3861/tubertini-bolognese-level-team-6mt-7mt.jpg;"Tubertini Bolognese Level Team 6mt / 7mt";;"Canne Da Pesca";0.000000;63.9;0;1
1985;https://www.mgfishing.eu/3860/colmic-monofilo-volt-surf-cast-300mt.jpg;"Colmic Monofilo Volt Surf Cast 300mt";;"Monofili e Trecciati";0.000000;11.9;4;0
1984;https://www.mgfishing.eu/3859/colmic-monofilo-volt-power-cast.jpg;"Colmic Monofilo Volt Power Cast 300mt";;"Monofili e Trecciati";0.000000;9.5;9;0
1983;https://www.mgfishing.eu/3857/colmic-futura-z-4000-.jpg;"Colmic Bolognese Futura Z-4000";;"Canne Da Pesca";0.000000;149.9;1;0
1982;https://www.mgfishing.eu/3856/colmic-electra-5-lr-420mt-100-200gr.jpg;"Colmic Electra 5 LR 4,20mt 100-200gr";"COLMIC ELECTRA 5 LR 4,20MT 200GR COD. CAEL42A";"Canne Da Pesca";81.885246;99.9;6;0
1981;https://www.mgfishing.eu/3844/kit-surfcasting-trabucco-oceanic-200gr-mulinello-trabucco-occhiali-shimano.jpg;"Kit Surfcasting Trabucco Oceanic 200gr  + Mulinello Trabucco + Occhiali Shimano";"OCEANIC TELE 200GR + MULINELLO + OCCHIALI SHIMANO";"Kit Da Pesca";0.000000;69.9;13;0
1980;https://www.mgfishing.eu/3842/rastrelliera-portacanne-16-posti.jpg;"Rastrelliera Portacanne 16 posti";;"Panchetti, sedie e cassettoni";30.245902;36.9;2;0
1979;https://www.mgfishing.eu/3839/tubertini-talaxa-7300.jpg;"Tubertini Talaxa 7300";;"Canne Da Pesca";0.000000;84.9;6;0
1978;https://www.mgfishing.eu/3835/trabucco-andromeda-420mt-200gr-canna-surfcasting-3-pezzi.jpg;"Trabucco Andromeda 4,20 Mt 200 Gr - Canna Surfcasting 3 Pezzi";171-89-320;"Canne Da Pesca";63.852459;77.9;1;0
1977;https://www.mgfishing.eu/3834/zaino-trabucco-xtr-surf-team-.jpg;"Zaino Trabucco XTR Surf Team";048-42-080;Zaini;57.295082;69.9;1;0
1976;https://www.mgfishing.eu/3831/fodero-trabucco-xtr-surf-team-165cm.jpg;"Fodero Trabucco XTR Surf Team 165cm";048-42-015;"Foderi Portacanne";69.590164;84.9;0;1
1975;https://www.mgfishing.eu/3830/setaccio-trabucco-.jpg;"Setaccio Trabucco GNT Black Riddle";143-05-310;Home;19.590164;23.9;1;0
1973;https://www.mgfishing.eu/3829/daiwa-ninja-surf-420mt-200gr.jpg;"Daiwa Ninja Surf 4,20mt 200gr";"DAIWA NINJA 4,20MT 200GR 3 PEZZI";"Canne Da Pesca";85.983607;104.9;2;0
1971;https://www.mgfishing.eu/3826/shimano-technium-deep-drop-229cm-500-1000g.jpg;"Shimano Technium Deep Drop 229cm 500-1000g";"SHIMANO DEEP DROP TECDD7650100";"Canne Da Pesca";94.180328;114.9;1;0
1970;https://www.mgfishing.eu/3811/shimano-ultegra-xr-surf-hybrid-450mt-200gr.jpg;"Shimano Ultegra XR Surf Hybrid 4,50mt 200gr";"ULTEGRA SURF HYBRID 4,50 200GR COD. ULTXRSFH450CX";"Canne Da Pesca";262.213115;319.9;0;1
1969;https://www.mgfishing.eu/3808/shimano-aerotechnium-mgs-14000-xsd.jpg;"Shimano Aerotechnium MGS 14000 XSD";"SHIMANO AEROTECHNIUM MGS 14000 XSD";"Mulinelli Da Pesca";540.901639;659.9;0;1
1968;https://www.mgfishing.eu/3803/cassetta-porta-artificiali.jpg;"Cassetta Porta Artificiali";;"Panchetti, sedie e cassettoni";36.803279;44.9;1;0
1967;https://www.mgfishing.eu/3799/sedia-da-pesca-filpesca.jpg;"Sedia da Pesca Filpesca";;Sedie;35.983607;43.9;0;1
1966;https://www.mgfishing.eu/3792/shimano-plays-3000-mulinello-elettrico.jpg;"Shimano Plays 3000 Mulinello Elettrico";"SHIMANO PLAYS 3000";"Mulinelli Da Pesca";458.934426;559.9;1;0
1964;https://www.mgfishing.eu/3789/guadino-nomura-telescopico.jpg;"Guadino Nomura Telescopico";NM86000005;"Guadini, Teste e Nasse";36.803279;44.9;3;0
1962;https://www.mgfishing.eu/3784/colla-magica-trabucco-1-kg.jpg;"Colla Magica Trabucco 1 Kg";"COLLA MAGICA TRABUCCO - COD. 140-30-210";Pasture;10.573770;12.9;3;0
1961;https://www.mgfishing.eu/3783/daiwa-d-fron-fluorocarbon.jpg;"Daiwa D-FRON Fluorocarbon";;"Monofili e Trecciati";0.000000;8.5;6;0
1960;https://www.mgfishing.eu/3780/daiwa-ninja-bolo-6-mt.jpg;"Daiwa Ninja Bolo 6 Mt";"DAIWA NINJA BOLO 6MT - COD. NJV60GAI";"Canne Da Pesca";57.295082;69.9;0;1
1959;https://www.mgfishing.eu/3778/daiwa-vulcan-surf-450mt-200gr.jpg;"Daiwa Vulcan Surf 4,50mt 200gr";"DAIWA VULCAN SURF 4,50MT 200GR - COD. VLS200450AI";"Canne Da Pesca";155.655738;189.9;2;0
1957;https://www.mgfishing.eu/3775/yuki-saikou-italy-light-450mt-75-150gr.jpg;"Yuki Saikou Italy Light 4,20/4,50 Mt 75-150Gr - Canna Surfcasting";;"Canne Da Pesca";0.000000;149.9;2;0
1956;https://www.mgfishing.eu/3770/canna-surfcasting-yuki-saiko-italy-450mt.jpg;"Yuki Saiko Italy 4,20/4,50 MT 100-250Gr - Canna Surfcastin";;"Canne Da Pesca";0.000000;169.9;1;0
1955;https://www.mgfishing.eu/3767/med-fishing-bait-clip-mf3.jpg;"Med Fishing Bait Clip MF3";;"Ami Girelle e Moschettoni";3.688525;4.5;1;0
1954;https://www.mgfishing.eu/3766/shimano-surf-leader-2025.jpg;"Shimano Surf Leader 2025 - Mulinello Surfcasting";"NUOVO SURF LEADER";"Mulinelli Da Pesca";188.442623;229.9;0;1
1952;https://www.mgfishing.eu/3756/shimano-aerlex-14000-xtc.jpg;"Shimano Aerlex 14000 XTC";;"Mulinelli Da Pesca";106.475410;129.9;0;1
1951;https://www.mgfishing.eu/3752/shimano-aerlex-xsc-14000.jpg;"Shimano Aerlex XSC 14000";"AERLEX XSC 14000";"Mulinelli Da Pesca";114.672131;139.9;2;0
1950;https://www.mgfishing.eu/3748/-kit-surfcasting-shimano-beastmaster-420mt-200gr-alcedo-master-surf-8000.jpg;"Kit Surfcasting Shimano Beastmaster 4,20mt 200gr + Alcedo Master Surf 8000";;"Kit Da Pesca";114.672131;139.9;1;0
1949;https://www.mgfishing.eu/3742/canna-surfcasting-trabucco-oceanic-420mt-200gr-mulinello-trabucco.jpg;"Canna Surfcasting Trabucco Oceanic 4,00mt 200gr + Mulinello Trabucco";;"Canne Da Pesca";0.000000;37.9;25;0
1948;https://www.mgfishing.eu/3738/canna-shimano-beastmaster-hybrid-425mt-200gr.jpg;"Canna Shimano Beastmaster Hybrid 4,25mt 200gr";"SHIMANO BEASTMASTER 3PZ 4,25MT 200GR HYBRID";"Canne Da Pesca";81.885246;99.9;1;0
1947;https://www.mgfishing.eu/3716/badbass-nastro-fluorescente-adesivo-per-canne-da-pesca-piombi-e-accessori.jpg;"Badbass Nastro Fluorescente Adesivo per Canne da Pesca, Piombi e Accessori";;"Accessori Da Pesca";3.688525;4.5;2;0
1946;https://www.mgfishing.eu/3707/combo-da-surfcasting-oxg-nereide-420mt-alcedo-master-surf-8000.jpg;"Combo da Surfcasting OXG Nereide 4,20mt + Alcedo Master Surf 8000";;"Kit Surfcasting";114.672131;139.9;4;0
1945;https://www.mgfishing.eu/3717/kit-da-traina-canna-kolpo-sopravvento-165-mt-mulinello-shimano-tr-200-g-stw-20-sea-captain-300.jpg;"Kit da Traina Canna Kolpo Sopravvento 1,65 mt + Mulinello Shimano TR 200 G / STW 20 / Sea Captain 300";;"Kit Da Pesca";0.000000;49.9;0;1
1944;https://www.mgfishing.eu/3687/kit-surfcasting-aqs-freelander-t-plus-200gr-mulinello-alcedo-master-surf.jpg;"Kit Surfcasting AQS Freelander T-Plus 200gr + Mulinello Alcedo Master Surf";;"Kit Surfcasting";0.000000;149.9;1;0
1943;https://www.mgfishing.eu/3686/asso-shock-leader-023-057mm.jpg;"Asso Shock Leader 0.23-0.57mm";;"Conici Shock Leader";7.295082;8.9;0;1
1942;https://www.mgfishing.eu/3685/canna-trabucco-interstellar-surf.jpg;"Trabucco Interstellar Surf 4,20mt 200gr";;"Canne Surfcasting";196.639344;239.9;1;0
1941;https://www.mgfishing.eu/3669/trabucco-aeras-8000.jpg;"Trabucco Aeras 8000 - Mulinello Surfcasting";;"Mulinelli Da Pesca";67.950820;82.9;3;0
1940;https://www.mgfishing.eu/3668/ago-da-innesco.jpg;"Ago Da Innesco";;"Ago Per Innesco";1.229508;1.5;21;0
1939;https://www.mgfishing.eu/3661/kit-spinning-shizuka-sh1400-210mt-10-30gr-mulinello-3000-artificiale-omaggio.jpg;"Kit Spinning Shizuka Sh1400 2,10mt 10-30gr + Mulinello 3000 + Artificiale Omaggio";;"Kit Da Pesca";40.901639;49.9;0;1
1938;https://www.mgfishing.eu/3660/tubertini-sigil-pesca.jpg;"Tubertini Sigil Pesca";"SIGIL PESCA TUBERTINI";"Accessori Da Pesca";8.114754;9.9;1;0
1937;https://www.mgfishing.eu/3840/guadino-nomura-trout-area-e-kayak.jpg;"Guadino Trout area";;"Guadini, Teste e Nasse";18.770492;22.9;3;0
1936;https://www.mgfishing.eu/3637/mulinello-shimano-tr-200-g.jpg;"Mulinello Shimano TR 200 G";;"Mulinelli Da Pesca";57.295082;69.9;3;0
1935;https://www.mgfishing.eu/3636/pinza-inox-multiuso.jpg;"Pinza Inox Multiuso";8420002;"Forbici e Pinze";5.655738;6.9;5;0
1934;https://www.mgfishing.eu/3634/girelle-triple-da-trota.jpg;"Girelle triple da Trota";;"Ami Girelle e Moschettoni";3.196721;3.9;27;0
1933;https://www.mgfishing.eu/3633/tripode-per-serbidora-.jpg;"Tripode per Serbidora";;"Picchetti, tripodi e reggicanne";24.508197;29.9;2;0
1932;https://www.mgfishing.eu/3632/kolpo-ombrellone-da-pesca.jpg;"Kolpo Ombrellone da Pesca";;"Ombrelloni da pesca";24.508197;29.9;2;0
1931;https://www.mgfishing.eu/3631/kolpo-special-red-filo-nylon-siliconato.jpg;"Kolpo Special Red Filo Nylon Siliconato";;"Monofili e Trecciati";0.000000;6.5;5;0
1930;https://www.mgfishing.eu/3630/fluorocarbon-kolpo-kfl-50mt.jpg;"Fluorocarbon Kolpo KFL 50mt";;"Monofili e Trecciati";0.000000;4.9;0;1
1928;https://www.mgfishing.eu/3629/monofilo-kolpo-fast-300mt.jpg;"Monofilo Kolpo Fast 300mt";;"Monofili e Trecciati";0.000000;5.5;6;0
1926;https://www.mgfishing.eu/3623/kit-surfcasting-canna-kolpo-long-surf-420mt-230gr-king-sea-8000.jpg;"Kit Surfcasting Canna Kolpo Long Surf 4,20mt 230gr + King Sea 8000";;"Kit Surfcasting";53.196721;64.9;0;1
1925;https://www.mgfishing.eu/3622/kolpo-long-surf-420mt-230gr-.jpg;"Kolpo Long Surf 4,20mt 230gr";;"Canne Surfcasting";28.606557;34.9;0;1
1924;https://www.mgfishing.eu/3620/ami-decoy-js-3-pike-type-r.jpg;"Ami Decoy JS-3 Pike Type R";;"Ami Girelle e Moschettoni";0.000000;7.5;9;0
1923;https://www.mgfishing.eu/3611/kit-surfcasting-canna-hyperion-3-pezzi-420mt-200gr-mulinello-trabucco.jpg;"Kit Surfcasting Canna Hyperion 3 pezzi 4,20mt 200gr + Mulinello Trabucco";;"Kit Surfcasting";0.000000;29.9;0;1
1922;https://www.mgfishing.eu/3599/kit-surfcasting-canna-trabucco-sonic-3-pezzi-420mt-200gr-mulinello-trabucco.jpg;"Kit Surfcasting Canna Trabucco Sonic 3 Pezzi 4,20mt 200gr + Mulinello Trabucco";;"Canne Surfcasting";0.000000;34.9;87;0
1920;https://www.mgfishing.eu/3597/medfishing-rod-power-r3-450mt-80-160gr.jpg;"Medfishing Rod Power R3 4,50mt 80-160gr";"Rod Power R3 4,50mt 80-160gr";"Canne Surfcasting";311.475410;380;1;0
1919;https://www.mgfishing.eu/3586/medfishing-rod-power-r2-sensitive-425mt-100-180gr.jpg;"Medfishing Rod Power R2 Sensitive 4,25mt 100-180gr";"MEDFISHING ROD POWER R2 SENSITIVE 100-180GR";"Canne Surfcasting";276.229508;337;1;0
1918;https://www.mgfishing.eu/3579/medfishing-rod-power-r1.jpg;"Medfishing Rod Power R1 100-200gr";;"Canne Surfcasting";0.000000;390;2;0
1917;https://www.mgfishing.eu/3574/canna-daiwa-ninja-spinning-.jpg;"Canna Daiwa Ninja Spinning";;"Canne Da Spinning";0.000000;47.9;2;0
1916;https://www.mgfishing.eu/3569/daiwa-laguna-spinning-70h-213mt-20-50gr.jpg;"Daiwa Laguna Spinning 702H 2.13mt 20-50gr";LA702HSAI;"Canne Da Spinning";40.901639;49.9;1;0
1915;https://www.mgfishing.eu/3568/kit-trota-lago-canna-hozun-380mt-3-8gr-mulinello-brutal-3000.jpg;"Kit Trota Lago Canna Hozun 3,80mt 3-8gr + Mulinello Brutal 3000";;"Kit Trota";0.000000;9.9;14;0
1914;https://www.mgfishing.eu/3565/mulinello-daiwa-gt.jpg;"Mulinello DAIWA GT";;"Mulinelli Frizione Anteriore";0.000000;44.9;0;1
1912;https://www.mgfishing.eu/3559/mulinello-trabucco-gia-imbobbinato.jpg;"Mulinello TRABUCCO gia imbobbinato";;"Mulinelli Da Pesca";20.409836;24.9;75;0
1911;https://www.mgfishing.eu/3549/kit-pesca-da-barca-tutto-fare-canna-mariner-mulinello-a-scelta.jpg;"Kit Pesca da Barca tutto fare Canna Mariner + Mulinello a scelta";;"Kit Da Pesca";0.000000;9.9;25;0
1909;https://www.mgfishing.eu/3541/kit-bolognese-canna-delta-5mt-mulinello-trabucco-hydrus-3000.jpg;"Kit Bolognese Canna Delta 5mt + Mulinello Trabucco Hydrus 3000";;"Kit Bolognese";28.606557;34.9;0;1
1908;https://www.mgfishing.eu/3537/kit-trout-area-canna-okura-195mt-0-8gr-mulinello-trabucco-hydrus.jpg;"Kit Trout Area Canna OKURA 1,95mt 0-8gr + Mulinello Trabucco Hydrus";;"Canne Da Spinning";0.000000;28.9;15;0
1907;https://www.mgfishing.eu/3524/kit-surfcasting-canna-colmic-minerva-3-pezzi-420mt-200gr-mulinello-a-scelta.jpg;"Kit Surfcasting Canna Colmic Minerva 3 pezzi 4,20mt 200gr + Mulinello a scelta";;"Canne Surfcasting";0.000000;54.9;90;0
1906;https://www.mgfishing.eu/3521/colmic-minerva-420mt-100-200gr.jpg;"Colmic Minerva 4,20mt 100-200gr - Canna Surfcasting";"COLMIC MINERVA 4,20MT 200GR";"Canne Da Pesca";65.491803;79.9;9;0
1905;https://www.mgfishing.eu/3510/kit-spinning-canna-shimano-fx-mulinello-trabucco-hydrus-artificiali-omaggio.jpg;"Kit Spinning Canna Shimano FX + Mulinello Trabucco Hydrus + Artificiali Omaggio";;"Kit Spinning";0.000000;39.9;0;1
1902;https://www.mgfishing.eu/3503/canna-spinning-shimano-fx.jpg;"Canna Spinning Shimano FX";;"Canne Da Spinning";0.000000;28.9;0;1
1901;https://www.mgfishing.eu/3499/aqs-freelander-t-plus-450mt-200gr.jpg;"Aqs Freelander T Plus";"AQS FREELANDER T-PLUS";"Canne Surfcasting";0.000000;89.9;1;0
1899;https://www.mgfishing.eu/3485/kit-surfcasting-canna-lineaeffe-mulinello-shizuka-5000-cappello-con-luce-frontale.jpg;"Kit Surfcasting Canna Lineaeffe + Mulinello Shizuka 5000 + Cappello con Luce Frontale";;Home;24.508197;29.9;0;1
1898;https://www.mgfishing.eu/3484/buono-regalo.jpg;"Buono Regalo da € 10 a €500";;Home;0.000000;10;1649;0
1897;https://www.mgfishing.eu/3465/kit-surfcasting-3-pezzi-canna-a-scelta-mulinello-alcedo-master-surf.jpg;"Kit Surfcasting 3 Pezzi Canna a scelta + Mulinello Alcedo Master Surf";;"Canne Surfcasting";90.081967;109.9;3;0
1895;https://www.mgfishing.eu/3463/canna-surfcasting-trabucco-shedir-420mt-160gr.jpg;"Canna Surfcasting Trabucco Shedir 4,20mt 160gr";;"Canne Surfcasting";69.590164;84.9;0;1
1894;https://www.mgfishing.eu/3462/canna-surfcasting-yuki-saiko-a2-plus-420mt-100-250gr.jpg;"Canna Surfcasting Yuki Saiko A2 Plus 4,20mt 100-250gr";;"Canne Surfcasting";73.688525;89.9;0;1
1893;https://www.mgfishing.eu/3456/shimano-alivio-canna-da-surfcasting-3-pezzi-425mt-225gr.jpg;"Shimano Alivio Canna da Surfcasting 3 pezzi 4,25mt 225gr";ALSFT425BXG;"Canne Surfcasting";65.565574;79.99;1;0
1891;https://www.mgfishing.eu/3455/pastella-al-formaggio-pronta-all-uso.jpg;"Pastella al Formaggio Pronta All'uso";5886209;Pasture;3.688525;4.5;5;0
1889;https://www.mgfishing.eu/3447/kit-pesca-traina-canna-astral-mulinello-stw-25-.jpg;"Kit Pesca Traina Canna Astral + Mulinello STW 25";;"Kit Traina";0.000000;34.9;5;0
1888;https://www.mgfishing.eu/3444/canna-trabucco-hydrus-rtx-lake-trout.jpg;"Canna Trabucco Hydrus RTX Lake Trout";;"Canne Da Trota";44.180328;53.9;0;1
1887;https://www.mgfishing.eu/3388/kit-surfcasting-completo-canna-mulinello-picchetto-fodero.jpg;"Kit Surfcasting Completo Canna + Mulinello + Picchetto + Fodero";;"Kit Da Pesca";0.000000;54.9;384;0
1886;https://www.mgfishing.eu/3381/kit-spinningeging-trabucco-canna-wizard-210mt-10-30gr-mulinello-imbobbinato.jpg;"Kit Spinning/Eging Trabucco Canna Wizard 2,10mt 10-30gr + Mulinello Imbobbinato + 3 Artificiali OMAGGIO";;Home;0.000000;29.9;0;1
1885;https://www.mgfishing.eu/3379/savage-gear-barra-jerk.jpg;"Savage Gear Barra Jerk";;"Esche da Spinning";14.672131;17.9;4;0
1884;https://www.mgfishing.eu/3378/savage-gear-sgs2-all-around.jpg;"Savage Gear SGS2 All-Around";;"Canne Da Spinning";0.000000;89.9;1;0
1883;https://www.mgfishing.eu/3369/savage-gear-surf-walker-20.jpg;"Savage Gear Surf Walker 2.0";;"Esche da Spinning";11.393443;13.9;5;0
1882;https://www.mgfishing.eu/3366/savage-gear-swim-squid-.jpg;"Savage Gear Swim Squid";;"Esche Artificiali Traina";0.000000;17.9;6;0
1880;https://www.mgfishing.eu/3356/kit-surfcasting-trabucco-canna-trabucco-vektor-4-mt-150gr-mulinello-trabucco-a-scelta.jpg;"Kit Surfcasting TRABUCCO Canna Trabucco Vektor 4 mt 150gr + Mulinello Trabucco A scelta";;Home;65.491803;79.9;19;0
1879;https://www.mgfishing.eu/3355/berkley-sbobinatore-a-batteria-per-mulinello.jpg;"Berkley Sbobinatore a Batteria Per mulinello";BLMLS3;Home;17.950820;21.9;1;0
1878;https://www.mgfishing.eu/3354/tuta-termica-penn-da-pesca-.jpg;"Penn Tuta Termica da Pesca";;"Abbigliamento Da Pesca";106.475410;129.9;2;0
1877;https://www.mgfishing.eu/3348/mulinello-shimano-sedona-fj.jpg;"Mulinello Shimano Sedona FJ";;"Mulinelli Bolognese e Spinning";0.000000;69.9;1;0
1876;https://www.mgfishing.eu/3345/shimano-fodero-portacanne-surf-rod-bag.jpg;"Shimano Surf Rod Bag - Fodero Portacanne Surfcasting";SHSU03;Home;69.590164;84.9;1;0
1875;https://www.mgfishing.eu/3339/shimano-talica-25-iia.jpg;"Shimano Talica 25 IIA";;"Mulinelli Da Pesca";491.721311;599.9;1;0
1874;https://www.mgfishing.eu/3333/yo-zuri-totanara-oita-egi-painted.jpg;"Yo-Zuri Totanara Oita Egi Painted 2.5/3.0";;"Esche Artificiali da Pesca";4.016393;4.9;0;1
1873;https://www.mgfishing.eu/3320/yo-zuri-totanara-oita-egi-painted-.jpg;"Yo-Zuri Totanara Oita Egi Painted Set da 3";;"Esche Artificiali da Pesca";7.295082;8.9;10;0
1871;https://www.mgfishing.eu/3314/aqs-freelander-bx-420mt-100-250gr.jpg;"Aqs Freelander BX 4,20mt 100-250gr";"AQS FREELANDER BX 4,20MT 100-250GR";"Canne Da Pesca";73.688525;89.9;2;0
1870;https://www.mgfishing.eu/3303/kit-trout-area-canna-sarfix-metal-sp-165-mulinello-a-scelta.jpg;"Kit Trout Area Canna Sarfix Metal SP 165 + Mulinello a scelta";;Home;0.000000;34.9;0;1
1869;https://www.mgfishing.eu/3300/sarfix-metal-sp-165-05-4gr-.jpg;"Sarfix Metal SP 165 0,5-4gr";;Home;26.967213;32.9;0;1
1868;https://www.mgfishing.eu/3295/mulinello-shimano-nexave.jpg;"Mulinello Shimano Nexave";;"Mulinelli Da Pesca";0.000000;47.9;4;0
1866;https://www.mgfishing.eu/3291/kit-trota-lago-canna-attraction-400mt-2-10gr-mulinello-a-scelta.jpg;"Kit Trota Lago Canna Attraction 4.00mt 2-10gr + Mulinello a scelta";;Home;0.000000;29.9;0;1
1865;https://www.mgfishing.eu/3283/kit-eging-canna-astral-150mt-50-100gr-mulinello-sl400-gia-imbobbinato.jpg;"Kit Eging Canna Astral 1,50mt 50-100gr + Mulinello SL400 Gia imbobbinato";;"Kit Da Pesca";13.852459;16.9;6;0
1864;https://www.mgfishing.eu/3281/watersnake-motori-elettrici-venom-sxw-.jpg;"Watersnake Motori Elettrici VENOM SXW";;Home;0.000000;249.9;4;0
1863;https://www.mgfishing.eu/3278/medfishing-secchio-porta-vivo.jpg;"Med Fishing Secchio Porta Vivo";"SECCHIO PORTA VIVO MED FISHING";"Attrezzatura Surfcasting";19.590164;23.9;1;0
1862;https://www.mgfishing.eu/3276/medfishing-colla-istantanea.jpg;"Med Fishing Colla Istantanea";;"Minuteria da pesca";12.213115;14.9;1;0
1861;https://www.mgfishing.eu/3275/medfishing-ami-yro-303b.jpg;"Ami Med Fishing YRO 303B";;"Ami Girelle e Moschettoni";3.196721;3.9;7;0
1860;https://www.mgfishing.eu/3274/medfishing-bait-clip-mf2.jpg;"Med Fishing Bait Clip MF2";MF2-10;"Attrezzatura Surfcasting";2.377049;2.9;2;0
1859;https://www.mgfishing.eu/3271/motore-elettrico-watersnake-geo-spot-65lb.jpg;"Motore Elettrico Watersnake Geo-Spot 65Lb";;Home;1474.590164;1799;1;0
1858;https://www.mgfishing.eu/3262/sedia-regista-pieghevole-lineaeffe.jpg;"Sedia Regista Pieghevole Lineaeffe";6760044;"Panchetti, sedie e cassettoni";28.606557;34.9;1;0
1857;https://www.mgfishing.eu/3260/motore-elettrico-watersnake-geo-spot-80lb.jpg;"Motore Elettrico Watersnake Geo-Spot 80Lb";544008000;Nautica;1877.049180;2290;1;0
1855;https://www.mgfishing.eu/3255/ami-owner-mutu-hybrid-4174.jpg;"Ami Owner Mutu Hybrid 4174";;Home;5.655738;6.9;6;0
1854;https://www.mgfishing.eu/3246/totanara-oppai-williamson-killer-natural-pez.jpg;"Totanara Oppai Williamson Killer Natural Pez";;"Totanare e Polpare";6.475410;7.9;14;0
1853;https://www.mgfishing.eu/3244/williamson-totanara-killer-gamba.jpg;"Williamson Totanara Killer Gamba";;Home;6.475410;7.9;0;1
1852;https://www.mgfishing.eu/3240/totanara-williamson-killer-tip-run-35.jpg;"Totanara Williamson Killer Tip Run 3.5";;"Esche Artificiali da Pesca";6.475410;7.9;8;0
1851;https://www.mgfishing.eu/3239/anelli-alps-ss316.jpg;"Anelli Alps SS316";;Home;0.000000;3.4;12;0
1850;https://www.mgfishing.eu/3237/carson-tail-runner-camola-artificiale.jpg;"Carson Tail Runner Camola Artificiale";;"Esche Artificiali da Pesca";4.016393;4.9;4;0
1849;https://www.mgfishing.eu/3236/stopper-lana-per-galleggiante.jpg;"Stopper Lana per Galleggiante";S2500500;"Minuteria da pesca";0.983607;1.2;2;0
1848;https://www.mgfishing.eu/3235/forbici-tunala-fg-1055.jpg;"Forbici Tunala FG-1055";TU100120;"Forbici e Pinze";20.409836;24.9;1;0
1847;https://www.mgfishing.eu/3234/ami-owner-5114-mutu-circle-light.jpg;"Ami Owner 5114 Mutu Circle Light";;"Ami Girelle e Moschettoni";4.016393;4.9;12;0
1846;https://www.mgfishing.eu/3231/ami-owner-5174bb-.jpg;"Ami Owner 5174BB";OW5174BB;"Ami Girelle e Moschettoni";14.672131;17.9;4;0
1845;https://www.mgfishing.eu/3229/crociera-alps-22mm.jpg;"Crociera Alps 22mm";AAAXG22;Home;10.573770;12.9;1;0
1844;https://www.mgfishing.eu/3226/ami-owner-ssw-5180.jpg;"Ami Owner SSW 5180";;"Ami Girelle e Moschettoni";4.508197;5.5;12;0
1843;https://www.mgfishing.eu/3228/ami-owner-ssw-5111.jpg;"Ami Owner SSW 5111";;"Ami Girelle e Moschettoni";4.508197;5.5;12;0
1841;https://www.mgfishing.eu/3221/filo-yuki-invisible-.jpg;"Filo Yuki Invisible";;"Monofili e Trecciati";0.000000;8.2;11;0
1840;https://www.mgfishing.eu/3257/cassone-surfcasting-yuki.jpg;"Cassone Surfcasting Yuki";BOMAX-S;"Panchetti, sedie e cassettoni";57.295082;69.9;1;0
1838;https://www.mgfishing.eu/3215/shimano-aerlex-1000-xtb.jpg;"Shimano Aerlex 10000 XTB";;"Mulinelli Da Pesca";65.573769;80;0;1
1837;https://www.mgfishing.eu/3214/stivali-termici-lineaeffe.jpg;"Stivali Termici Lineaeffe";;"Stivali e Scafandri da pesca";32.704918;39.9;10;0
1836;https://www.mgfishing.eu/3213/guadino-nomura-kayakbelly-boat-.jpg;"Guadino Nomura Kayak/Belly Boat";NM86000085;Guadini;24.508197;29.9;2;0
1835;https://www.mgfishing.eu/3212/tripode-surfcasting-alluminio-estensibile-.jpg;"Tripode Surfcasting Alluminio Estensibile";6313046;"Tripode Pesca";12.213115;14.9;0;1
1833;https://www.mgfishing.eu/3211/trecciato-8x-venom-green-.jpg;"Trecciato 8x Venom Green";;"Monofili e Trecciati";0.000000;9.9;14;0
1832;https://www.mgfishing.eu/3208/filo-nylon-fishing-ferrari-nobu-indigo-dawn-2000mt.jpg;"Filo Nylon Fishing Ferrari Nobu Indigo Dawn 2000mt";;Home;0.000000;17.9;13;0
1831;https://www.mgfishing.eu/3207/berkley-pasta-da-innesco-per-trote-glitter.jpg;"Berkley Pasta da innesco per Trote Glitter";;Pasture;6.147541;7.5;1;0
1830;https://www.mgfishing.eu/3206/berkley-pasta-da-innesco-per-trote-natural-scent.jpg;"Berkley Pasta da Innesco per trote Natural Scent";;Pasture;6.147541;7.5;2;0
1829;https://www.mgfishing.eu/3205/alcedo-manico-guadino-traveller-300mt.jpg;"Alcedo Manico Guadino Traveller 3.00mt";;"Guadini, Teste e Nasse";24.508197;29.9;5;0
1828;https://www.mgfishing.eu/3200/kit-surfcasting-canna-sele-promax-420mt-mulinello-a-scelta.jpg;"Kit Surfcasting Canna Sele Promax 4,20mt + Mulinello a scelta";;"Kit Da Pesca";49.098361;59.9;64;0
1827;https://www.mgfishing.eu/3197/vernice-e-filo-per-legature.jpg;"Vernice e Filo per Legature";;"Accessori Da Pesca";0.000000;2.6;8;0
1826;https://www.mgfishing.eu/3192/canna-alcedo-deck-magic.jpg;"Canna Alcedo Deck Magic";;Home;17.950820;21.9;4;0
1825;https://www.mgfishing.eu/3190/akami-borsa-porta-egi-.jpg;"Akami Borsa Porta Egi";;"Borse, zaini e foderi";0.000000;28.9;4;0
1824;https://www.mgfishing.eu/3189/mulinello-alcedo-master-surf-.jpg;"Mulinello Alcedo Master Surf";60030007;"Mulinelli Da Pesca";40.901639;49.9;4;0
1823;https://www.mgfishing.eu/3183/mulinello-alcedo-tr.jpg;"Mulinello Alcedo TR";;Home;0.000000;119.9;0;1
1822;https://www.mgfishing.eu/3182/montatura-per-tataki-tako-squid.jpg;"Montatura per Tataki TAKO SQUID";564555;Home;3.688525;4.5;4;0
1821;https://www.mgfishing.eu/3180/sele-pop-up-flotter-stick.jpg;"Sele Pop-Up Flotter Stick";;Home;3.196721;3.9;3;0
1820;https://www.mgfishing.eu/3179/porta-aghi-da-innesco-akami.jpg;"Porta Aghi da innesco Akami";491026;Home;5.655738;6.9;3;0
1819;https://www.mgfishing.eu/3178/reggicanna-da-trota-sele.jpg;"Reggicanna Da Trota Sele";301461;Home;45.000000;54.9;0;1
1818;https://www.mgfishing.eu/3177/cucchiaino-granpescatore.jpg;"Cucchiaino Granpescatore";;Home;0.000000;7.92;5;0
1816;https://www.mgfishing.eu/3176/canna-eging-sugoi-astral.jpg;"Canna Eging Sugoi Astral";;Home;10.573770;12.9;5;0
1815;https://www.mgfishing.eu/3175/canna-eging-sugoi-hunter.jpg;"Canna Eging Sugoi Hunter";;Home;0.000000;13.9;6;0
1814;https://www.mgfishing.eu/3172/sele-promax-canna-da-surfcasting.jpg;"Sele Promax Canna da Surfcasting";;Home;0.000000;44.9;21;0
1813;https://www.mgfishing.eu/3170/canna-trota-lago-sele-attraction-trout-.jpg;"Canna Trota Lago Sele Attraction Trout";221111;Home;22.049180;26.9;0;1
1812;https://www.mgfishing.eu/3169/pastura-cefalo-bianca-1kg.jpg;"Pastura Cefalo Bianca 1Kg";;Pasture;4.016393;4.9;3;0
1811;https://www.mgfishing.eu/3168/tubertini-canna-da-trota-suspect-trout.jpg;"Tubertini Canna da Trota Suspect Trout";;"Canne Da Pesca";0.000000;54.9;4;0
1810;https://www.mgfishing.eu/3163/pastura-tubertini-2001-per-scardole-e-carassi.jpg;"Pastura Tubertini 2001 per Scardole e Carassi";;Home;4.016393;4.9;6;0
1809;https://www.mgfishing.eu/3161/luminous-bait-tubertini.jpg;"Luminous Bait Tubertini";;Home;8.114754;9.9;4;0
1808;https://www.mgfishing.eu/3160/ami-tubertini-serie-36-giemme.jpg;"Ami Tubertini Serie 36 Giemme ST";;"Ami Girelle e Moschettoni";3.196721;3.9;13;0
1807;https://www.mgfishing.eu/3158/girella-tripla-combinata-tubertini-tb6001.jpg;"Girella Tripla Combinata Tubertini TB6001";;Home;2.049179;2.5;9;0
1806;https://www.mgfishing.eu/3157/ami-con-girella-tubertini-serie-288bb-circle.jpg;"Ami Con Girella Tubertini Serie 288Bb Circle";4339106;Home;4.508197;5.5;6;0
1805;https://www.mgfishing.eu/3156/moschettone-eging-tubertini-squid-fast-tb-6200.jpg;"Moschettone Eging Tubertini Squid Fast TB 6200";;Home;2.868852;3.5;4;0
1804;https://www.mgfishing.eu/3153/ami-tubertini-serie-50.jpg;"Ami Tubertini Serie 50";;Home;3.688525;4.5;15;0
1803;https://www.mgfishing.eu/3152/ami-tubertini-serie-2.jpg;"Ami Tubertini Serie 2";;Home;3.688525;4.5;20;0
1802;https://www.mgfishing.eu/3151/ami-tubertini-tl-15-barbed-70.jpg;"Ami Tubertini TL-15 Barbed 7/0";46844/7;Home;4.508197;5.5;2;0
1801;https://www.mgfishing.eu/3150/ami-tubertini-tl-1-barbed.jpg;"Ami Tubertini TL-1 Barbed";;Home;3.196721;3.9;9;0
1800;https://www.mgfishing.eu/3148/tubertini-tecnosfere-perline-a-4-fori.jpg;"Tubertini Tecnosfere Perline a 4 fori Egg Bead";;Home;1.639344;2;9;0
1799;https://www.mgfishing.eu/3147/ami-tubertini-serie-229.jpg;"Ami Tubertini Serie 229";;Home;3.196721;3.9;22;0
1798;https://www.mgfishing.eu/3144/rapala-floater-squid-sqf13.jpg;"Rapala Floater Squid SQF13";;Home;8.934426;10.9;25;0
1796;https://www.mgfishing.eu/3131/forbici-acciaio-inox.jpg;"Forbici Acciaio Inox";8420019;Home;2.049179;2.5;1;0
1795;https://www.mgfishing.eu/3130/lineaeffe-atlas-8000.jpg;"Lineaeffe Atlas 8000 - Mulinello";1345080;Home;20.409836;24.9;6;0
1794;https://www.mgfishing.eu/3127/monofilo-nylon-025mm-1000mt.jpg;"Monofilo Nylon 0,25mm 1000mt";;Home;4.836066;5.9;10;0
1793;https://www.mgfishing.eu/3124/totanare-oppai-per-calamari-lineaeffe-diki-diki.jpg;"Totanare Oppai per Calamari Lineaeffe Diki Diki";;Home;0.000000;13.9;24;0
1792;https://www.mgfishing.eu/3120/monofilo-nylon-top-match-black-025mm-1000mt.jpg;"Monofilo Nylon Top Match Black 0.25mm 1000mt";;Home;6.475410;7.9;3;0
1791;https://www.mgfishing.eu/3119/vetta-di-ricambio-carbonio-solido.jpg;"Vetta di Ricambio Carbonio Solido";2979908;Home;5.327869;6.5;5;0
1790;https://www.mgfishing.eu/3118/vetta-di-ricambio-canne-surfcasting.jpg;"Vetta di ricambio Canne Surfcasting";;Home;10.573770;12.9;3;0
1789;https://www.mgfishing.eu/3116/monofilo-hikaru-evolution-100mt.jpg;"Monofilo Hikaru Evolution 100 e 1000mt";;Home;0.000000;2.5;64;0
1788;https://www.mgfishing.eu/3115/canna-all-round-lineaeffe-allway-390mt-70gr.jpg;"Canna All Round Lineaeffe Allway 70gr";;Home;0.000000;36.9;6;0
1787;https://www.mgfishing.eu/3112/sabiki-sasame-s-867.jpg;"Sabiki Sasame S-867";;Home;4.508197;5.5;3;0
1786;https://www.mgfishing.eu/3109/sabiki-sasame-s-873.jpg;"Sabiki Sasame S-873";;Home;4.836066;5.9;2;0
1785;https://www.mgfishing.eu/3105/ami-sasame-kamikaze-f-388.jpg;"Ami Sasame Kamikaze F-388";;Home;5.327869;6.5;16;0
1783;https://www.mgfishing.eu/3097/kit-trota-lago-canna-colmic-special-master-trout-mulinello-trabucco-hydrus-3000-minuteria-omaggio.jpg;"Kit Trota Lago Canna Colmic Special Master trout + Mulinello Trabucco Hydrus 3000 + Minuteria Omaggio";;Home;73.688525;89.9;18;0
1782;https://www.mgfishing.eu/3096/zaino-shimano-completo-di-cassette.jpg;"Zaino Shimano Completo di cassette";LUGC-15;Home;90.081967;109.9;1;0
1781;https://www.mgfishing.eu/3093/fishing-ferrari-master-squid.jpg;"Fishing Ferrari Master Squid";2242227;Home;36.803279;44.9;5;0
1780;https://www.mgfishing.eu/3087/canna-eging-shimano-vengeance-.jpg;"Canna Eging Shimano Vengeance";;Home;0.000000;54.9;3;0
1779;https://www.mgfishing.eu/3086/ancora-galleggiante-da-pesca.jpg;"Ancora Galleggiante da Pesca";;Home;32.704918;39.9;1;0
1778;https://www.mgfishing.eu/3080/kit-bolognese-canna-tornado-3-mt-mulinello-trabucco-hydrus-3000.jpg;"Kit Bolognese Canna Tornado 3 mt + Mulinello Trabucco Hydrus 3000";"TORNADO 3MT + HYDRUS 3000";Home;26.967213;32.9;2;0
1777;https://www.mgfishing.eu/3070/kit-pesca-trota-lago-canna-colmic-trout-master-special-mulinello.jpg;"Kit Pesca Trota Lago Canna Colmic Trout Master Special + Mulinello";;Home;0.000000;84.9;20;0
1776;https://www.mgfishing.eu/3066/kit-pesca-bolognese-canna-skyhawk-6mt-mulinello-trabucco-hydrus-3000.jpg;"Kit Pesca Bolognese Canna Skyhawk 6mt + Mulinello Trabucco Hydrus 3000";"SKYHAWK 6MT + HYDRUS 3000";Home;32.704918;39.9;0;1
1774;https://www.mgfishing.eu/3061/badbass-badrod-xpp-220gr-430mt.jpg;"BadBass Badrod XPP 220gr 4,30mt";;Home;376.967213;459.9;1;0
1773;https://www.mgfishing.eu/3053/lineaeffe-igloo-da-pesca-60-lt.jpg;"Lineaeffe Igloo da pesca 60 lt";;Home;155.655738;189.9;1;0
1772;https://www.mgfishing.eu/3051/bombarda-galleggiante-bianca.jpg;"Bombarda Galleggiante Bianca";;Home;0.000000;2;56;0
1769;https://www.mgfishing.eu/3047/mulinello-elettrico-penn-fhatom.jpg;"Mulinello Elettrico Penn Fhatom";;Home;606.557377;740;0;1
1768;https://www.mgfishing.eu/3042/ami-mustad-circle-39960d-100-pezzi.jpg;"Ami Mustad Circle 39960D 100 pezzi";;Home;45.081967;55;2;0
1767;https://www.mgfishing.eu/3041/testa-guadino-resinata-.jpg;"Testa Guadino Resinata";;Home;13.032787;15.9;3;0
1766;https://www.mgfishing.eu/3038/guadino-completo-manico-550mt-testa-guadino-resinata.jpg;"Guadino Completo Manico 5,50mt + Testa Guadino Resinata";;Home;32.704918;39.9;5;0
1765;https://www.mgfishing.eu/3037/manico-guadino-550mt-globe-fishing-slumber-.jpg;"Manico Guadino 5,50mt Globe Fishing Slumber";;Home;24.508197;29.9;1;0
1764;https://www.mgfishing.eu/3035/sabiki-jatsui-j860.jpg;"Sabiki Jatsui J-869";;Home;4.836066;5.9;5;0
1763;https://www.mgfishing.eu/3033/falcon-tecnica-xf-100-mt.jpg;"Falcon Tecnica XF 100 mt";;Home;0.000000;14.9;10;0
1762;https://www.mgfishing.eu/3032/filo-falcon-persicus-prestige-100-mt.jpg;"Filo Falcon Persicus Prestige 100 mt";;Home;0.000000;9.9;25;0
1761;https://www.mgfishing.eu/3031/canna-fly-l-incredibile.jpg;"Canna Fly L'incredibile";;Home;0.000000;124.9;4;0
1759;https://www.mgfishing.eu/3023/mulinello-shimano-sephia-c3000s-bb.jpg;"Mulinello Shimano Sephia C3000s BB";;"Mulinelli Bolognese e Spinning";155.655738;189.9;2;0
1758;https://www.mgfishing.eu/3022/shimano-nasci-c5000xg-fc.jpg;"Shimano Nasci C5000xg FC";NASC5000XGFC;"Mulinelli Bolognese e Spinning";85.983607;104.9;0;1
1756;https://www.mgfishing.eu/3020/shimano-nasci-c2000-fc.jpg;"Shimano Nasci C2000 FC";;"Mulinelli Bolognese e Spinning";77.786885;94.9;2;0
1755;https://www.mgfishing.eu/3013/colmic-oppai-misaki-soft.jpg;"Colmic Oppai Misaki Soft";;Home;5.327869;6.5;12;0
1754;https://www.mgfishing.eu/3011/colmic-quick-change-beads.jpg;"Colmic Quick Change Beads";;Home;2.049179;2.5;6;0
1753;https://www.mgfishing.eu/3009/esca-boilies-colmic-balanced-wafters.jpg;"Esca Boilies Colmic Balanced Wafters";;"Pasture Boilies";5.655738;6.9;12;0
1752;https://www.mgfishing.eu/3001/affondatore-trigone-ap-lures-.jpg;"Affondatore Trigone Ap lures";"AFFONDATORE IDRODINAMICO AUTOMATICO AP LURES";Home;28.278689;34.5;0;1
1751;https://www.mgfishing.eu/2992/colmic-trout-master-special-tremarella.jpg;"Colmic Trout Master Special Tremarella";;"Canne Da Pesca";36.803279;44.9;18;0
1749;https://www.mgfishing.eu/2991/filo-conico-colmic-spot-tapered.jpg;"Filo Conico Colmic Spot Tapered";"0.23-0.57 (NYSPOTA2357) / 0.26-0.57 (NYSPOTA2657)";Home;18.770492;22.9;6;0
1747;https://www.mgfishing.eu/2983/ami-hayabusa-octopus-562-bn.jpg;"Ami Hayabusa Octopus 562 BN";;"Ami Traina Con Vivo";0.000000;5.9;12;0
1745;https://www.mgfishing.eu/2982/cestello-ricambio-fionda-colmic-hollow-pouch.jpg;"Cestello Ricambio Fionda Colmic Hollow Pouch";FNSC13;Home;4.836066;5.9;3;0
1744;https://www.mgfishing.eu/2981/fionda-colmic-spectra-hollow-pouch.jpg;"Fionda Colmic Spectra Hollow Pouch";FN61;Home;14.672131;17.9;3;0
1743;https://www.mgfishing.eu/2980/method-feeder-in-line.jpg;"Method Feeder IN-LINE";;Home;3.196721;3.9;4;0
1742;https://www.mgfishing.eu/2977/method-tpc-mould.jpg;"Method TPC MOULD";"MIS. S (FED00S) / MIOS. M (FED00M)";Home;0.000000;5.5;6;0
1741;https://www.mgfishing.eu/2975/ombrellone-da-spiaggia-colmic-o-250mt.jpg;"Ombrellone Da Spiaggia Colmic Ø 2.50mt";"OMBRELLONE COLMIC OMH14B";"Ombrelloni da pesca";73.688525;89.9;0;1
1740;https://www.mgfishing.eu/2969/colmic-pro-light-acid-game-5-8-30-lb.jpg;"Colmic Pro Light Acid Game 5'8'' 30 lb";CDPRAG01A;"Canne Da Pesca";114.672131;139.9;3;0
1739;https://www.mgfishing.eu/2968/colmic-pro-light-acid-troll.jpg;"Colmic Pro Light Acid Troll";;"Canne Da Pesca";0.000000;136.9;8;0
1737;https://www.mgfishing.eu/2957/colmic-full-shot-acid.jpg;"Colmic Full Shot Acid";"COLMIC FULL SHOT 7'";"Canne Da Traina";49.098361;59.9;2;0
1736;https://www.mgfishing.eu/2955/colmic-zero-7-wr-t80-460mt-90-150gr.jpg;"Colmic Zero 7 WR-T80 4,60mt 90-150gr";"COLMIC ZERO 7 CAZE48B";Home;516.311475;629.9;1;0
1735;https://www.mgfishing.eu/2944/colmic-medusa-420mt-250gr-.jpg;"Colmic Medusa 4,20mt 250gr";"COLMIC/MEDUSA 4,20MT 250GR CAME90C";Home;57.295082;69.9;12;0
1734;https://www.mgfishing.eu/2940/colmic-makar-f1-380mt-20-80gr.jpg;"Colmic Makar F1 3,80mt 20-80gr";CAMAK02B;Home;69.590164;84.9;0;1
1733;https://www.mgfishing.eu/2939/canna-colmic-intrepida-310mt-750gr.jpg;"Canna Colmic Intrepida 3,10mt 750gr";"COLMIC INTREPIDA CAIN11C";Home;90.081967;109.9;1;0
1732;https://www.mgfishing.eu/2931/colmic-electra-5-kw-420mt-100-200gr.jpg;"Colmic Electra 5 Kw 4,20mt 100-200gr - Canna da Surfcasting";"COLMIC ELECTRA 5KW CAEL41A";"Canne Da Pesca";61.393443;74.9;9;0
1731;https://www.mgfishing.eu/3926/borsa-porta-pesce-colmic-acquario.jpg;"Borsa Porta pesce Colmic Acquario";BOXEVA311;"Borse porta attrezzatura";57.295082;69.9;2;0
1730;https://www.mgfishing.eu/2925/aguglia-snodata-take-.jpg;"Aguglia Snodata Take";"5200620 (BLU) / 5200520 (ROSSO)";"Esche Artificiali da Pesca";4.016393;4.9;0;1
1729;https://www.mgfishing.eu/2923/elastico-per-pellet-lineaeffe.jpg;"Elastico per Pellet Lineaeffe";"4990236 (M) / 4990234 (S) (A SECONDA DELLA MISURA)";Pellet;1.557377;1.9;10;0
1727;https://www.mgfishing.eu/2917/canna-williamson-solid-carbon-sj-slow-jigging.jpg;"Canna Williamson Solid Carbon SJ Slow Jigging";;"Canne Da Pesca";0.000000;79.9;8;0
1726;https://www.mgfishing.eu/2915/shimano-socorro-sw.jpg;"Shimano Socorro SW";;"Mulinelli Bolognese e Spinning";0.000000;109.9;11;0
1725;https://www.mgfishing.eu/2911/canna-lineaeffe-popping-game.jpg;"Canna Lineaeffe Popping Game";2844060;Home;81.885246;99.9;1;0
1724;https://www.mgfishing.eu/2909/fodero-lineaeffe-pro-cordura-165cm.jpg;"Fodero Lineaeffe Pro Cordura 165cm";6536816;"Foderi Portacanne";15.983607;19.5;0;1
1723;https://www.mgfishing.eu/2908/fodero-pesca-lineaeffe-140cm.jpg;"Fodero Pesca Lineaeffe 140cm";6536614;"Foderi Portacanne";16.311475;19.9;0;1
1722;https://www.mgfishing.eu/2907/porta-starlight-lineaeffe-.jpg;"Porta Starlight Lineaeffe";;"Avvisatori Abboccata e Starlight";2.049179;2.5;25;0
1721;https://www.mgfishing.eu/2906/tiranodi-pesca-lineaeffe.jpg;"Tiranodi Pesca Lineaeffe";;Home;3.196721;3.9;5;0
1720;https://www.mgfishing.eu/2905/girella-a-sgancio-rapido-lineaeffe-quick-lock.jpg;"Girella a sgancio rapido Lineaeffe Quick Lock";;Home;0.000000;2.9;21;0
1719;https://www.mgfishing.eu/2903/ami-legati-pesca-lineaeffe.jpg;"Ami Legati Pesca Lineaeffe";;Home;0.000000;2;17;0
1718;https://www.mgfishing.eu/2900/avvolgilenza-in-eva.jpg;"Avvolgilenza in Eva";;Home;0.000000;0.5;68;0
1717;https://www.mgfishing.eu/2898/pinza-multiuso-lineaeffe.jpg;"Pinza Multiuso Lineaeffe";;"Forbici e Pinze";9.754098;11.9;3;0
1716;https://www.mgfishing.eu/2897/reggicanna-panchetto-universale.jpg;"Reggicanna Panchetto Universale";6533020;"Accessori per panchetti e sedie";8.114754;9.9;3;0
1715;https://www.mgfishing.eu/2896/polpara-a-strascico-lineaeffe.jpg;"Polpara a Strascico Lineaeffe";5099300;Home;5.327869;6.5;4;0
1714;https://www.mgfishing.eu/2890/artificiale-lineaeffe-magic-jill-.jpg;"Artificiale Lineaeffe Magic Jill";;Home;0.000000;5.9;20;0
1713;https://www.mgfishing.eu/2885/kit-eging-completo-canna-eging-capture-210mt-100gr-mulinello-vigor-sl400-artificiali-omaggio.jpg;"Kit Eging Completo Canna Eging Capture 2,10mt 100gr + Mulinello Vigor Sl400 + Artificiali Omaggio";;"Kit Bolentino";40.901639;49.9;12;0
1712;https://www.mgfishing.eu/2872/kit-carpfishing-completo-canna-crucial-carp-3lb-mulinello-vigor-hide-60-lenza-omaggio.jpg;"Kit Carpfishing Completo Canna Crucial Carp 3lb + Mulinello Vigor Hide 60 + Lenza Omaggio";;"Kit Carpfishing";0.000000;39.9;7;0
1711;https://www.mgfishing.eu/2871/mini-trave-micro-lineaeffe.jpg;"Mini Trave Micro Lineaeffe";4990413;"Travi Surfcasting";2.049179;2.5;7;0
1710;https://www.mgfishing.eu/2869/anti-tangle-plastica-fluo-.jpg;"Anti Tangle Plastica Fluo";4990279;Home;1.557377;1.9;0;1
1709;https://www.mgfishing.eu/2867/anti-tangle-acciaio-inox-lineaeffe.jpg;"Anti Tangle Acciaio Inox Lineaeffe";;Home;0.000000;3;5;0
1708;https://www.mgfishing.eu/2866/slamatore-da-pesca-in-plastica.jpg;"Slamatore da Pesca in Plastica";;Slamatori;0.000000;2.4;14;0
1707;https://www.mgfishing.eu/2865/baiting-needles-set-.jpg;"Baiting Needles Set";4990207;Home;4.836066;5.9;8;0
1706;https://www.mgfishing.eu/2864/punta-fora-boilies-lineaeffe.jpg;"Punta Fora Boilies Lineaeffe";4990222;"Pasture Boilies";2.049179;2.5;5;0
1705;https://www.mgfishing.eu/2862/pinza-lineaffe-carbon-steel.jpg;"Pinza Lineaffe Carbon Steel";8425100;"Forbici e Pinze";8.114754;9.9;1;0
1704;https://www.mgfishing.eu/2861/ami-legati-trota-lago-lineaeffe.jpg;"Ami Legati Trota Lago Lineaeffe";;Home;2.049179;2.5;1;0
1703;https://www.mgfishing.eu/2860/vetrino-pesca-trota.jpg;"Vetrino Pesca Trota";;Home;2.049179;2.5;49;0
1702;https://www.mgfishing.eu/2859/sacchetti-pva-.jpg;"Sacchetti PVA";;Home;0.000000;5.9;20;0
1701;https://www.mgfishing.eu/2858/esca-granchio-in-silicone.jpg;"Esca Granchio In silicone";5099452;Home;0.811475;0.99;6;0
1700;https://www.mgfishing.eu/2857/tubicini-silicone-verdi-150mt-200mm.jpg;"Tubicini Silicone Verdi 1,50mt 2.00mm";5619092;Home;0.811475;0.99;4;0
1699;https://www.mgfishing.eu/2847/bobina-cavetto-in-acciaio-termosaldante.jpg;"Bobina Cavetto in Acciaio Termosaldante 10mt";;"Cavetti in Acciaio";0.000000;3.5;19;0
1698;https://www.mgfishing.eu/2845/terminale-in-acciaio-per-pesci-serra.jpg;"Terminale in Acciaio per Pesci Serra";5645510;"Cavetti in Acciaio";2.450820;2.99;2;0
1697;https://www.mgfishing.eu/2844/pasturato-spomb-lineaeffe-super-carp-rocket.jpg;"Pasturatore Spomb Lineaeffe Super Carp Rocket";4922945;Pasturatori;9.754098;11.9;3;0
1696;https://www.mgfishing.eu/2841/filo-elastico.jpg;"Filo Elastico";;"Accessori Da Pesca";2.868852;3.5;6;0
1695;https://www.mgfishing.eu/2840/kit-2-mulinelli-trabucco-dayton-8000.jpg;"Kit 2 Mulinelli Trabucco Dayton 8000";;"Mulinelli Surf Casting e CarpFishing";40.901639;49.9;5;0
1694;https://www.mgfishing.eu/2833/kit-eging-completo-canna-blue-crab-mulinello-trabucco-hydrus-4000-totanareoppai-omaggio.jpg;"Kit Eging Completo Canna Blue Crab + Mulinello Trabucco Hydrus 4000 + Totanare/Oppai Omaggio";;"Kit Spinning";36.803279;44.9;0;1
1693;https://www.mgfishing.eu/2832/contametri-lineaeffe.jpg;"Contametri Lineaeffe";3000899;Home;11.200000;11.2;1;0
1692;https://www.mgfishing.eu/2827/testa-guadino-ovale-lineaeffe.jpg;"Testa Guadino Ovale Lineaeffe";6103230;Home;12.213115;14.9;4;0
1691;https://www.mgfishing.eu/2825/testa-guadino-pieghevole-lineaeffe.jpg;"Testa Guadino Pieghevole Lineaeffe";6103405;Home;9.754098;11.9;4;0
1690;https://www.mgfishing.eu/2824/bilancella-per-vivo-lineaeffe.jpg;"Bilancella Per Vivo Lineaeffe";;"Reti da pesca";10.245902;12.5;4;0
1689;https://www.mgfishing.eu/2821/lampada-frontale-a-batteria-lineaeffe-.jpg;"Lampada frontale a batteria Lineaeffe";7599384;Lampade;4.016393;4.9;10;0
1688;https://www.mgfishing.eu/2820/mulinello-trout-area-haru-1000.jpg;"Mulinello Trout Area Haru 1000";;"Mulinelli Surf Casting e CarpFishing";24.508197;29.9;0;1
1687;https://www.mgfishing.eu/2818/box-avvolgilenza-completo.jpg;"Box Avvolgilenza Completo";4996433;Home;7.786885;9.5;8;0
1686;https://www.mgfishing.eu/2817/ossigenatore-a-batteria-lineaeffe.jpg;"Ossigenatore a Batteria Lineaeffe";8700060;Ossigenatori;9.754098;11.9;2;0
1685;https://www.mgfishing.eu/2816/scatola-porta-minuteria-lineaeffe-.jpg;"Scatola Porta Minuteria Lineaeffe";;Home;4.016393;4.9;5;0
1684;https://www.mgfishing.eu/2815/cestino-nassa-in-metallo-lineaeffe.jpg;"Cestino Nassa in metallo Lineaeffe";;Home;12.213115;14.9;2;0
1683;https://www.mgfishing.eu/2814/secchiello-porta-esca.jpg;"Secchiello Porta Esca";6550011;Home;2.868852;3.5;5;0
1682;https://www.mgfishing.eu/2813/porta-nassa-impermeabile-lineaeffe.jpg;"Porta Nassa Impermeabile Lineaeffe";;Home;13.032787;15.9;2;0
1681;https://www.mgfishing.eu/2812/rod-pod-carpfishing-lineaeffe.jpg;"Rod Pod Carpfishing Lineaeffe";;"Tripode Pesca";28.606557;34.9;2;0
1680;https://www.mgfishing.eu/2805/kit-carpfishing-lineaeffe-crucial-carp-mulinello-vigor-hide.jpg;"Kit Carpfishing Lineaeffe Crucial Carp + Mulinello Vigor Hide";;"Kit Carpfishing";0.000000;37.9;12;0
1679;https://www.mgfishing.eu/2802/canna-carpfishing-lineaeffe-crucial-carp.jpg;"Canna Carpfishing Lineaeffe Crucial Carp";2724137;"Canne Da Carpfishing";16.311475;19.9;8;0
1678;https://www.mgfishing.eu/2798/mulinello-carpfishing-lineaeffe-vigor-hide.jpg;"Mulinello Carpfishing Lineaeffe Vigor Hide";;"Mulinelli Surf Casting e CarpFishing";15.491803;18.9;5;0
1677;https://www.mgfishing.eu/2797/guadino-carpfishing-completo-lineaeffe-carp-net-.jpg;"Guadino Carpfishing Completo Lineaeffe Carp Net";6101875;Home;30.245902;36.9;2;0
1676;https://www.mgfishing.eu/2796/manico-guadino-next-2-lineaeffe.jpg;"Manico Guadino Next 2 Lineaeffe";;Home;0.000000;16.9;13;0
1675;https://www.mgfishing.eu/2795/manico-guadino-lineaeffe-next.jpg;"Manico Guadino Lineaeffe Next";;Home;0.000000;17.9;20;0
1674;https://www.mgfishing.eu/2794/fiocina-a-5-punte-lineaeffe.jpg;"Fiocina a 5 punte Lineaeffe";6320011;Home;9.426230;11.5;0;1
1673;https://www.mgfishing.eu/2793/cappello-con-luce-frontale-ricaricabile.jpg;"Cappello con luce frontale ricaricabile";;Lampade;8.114754;9.9;1;0
1672;https://www.mgfishing.eu/2792/reggicanna-telescopico-rock-80cm.jpg;"Reggicanna Telescopico Rock 80cm";6313081;Home;6.475410;7.9;1;0
1671;https://www.mgfishing.eu/2790/canna-inglese-lineaeffe-x-match-telematch.jpg;"Canna Inglese Lineaeffe X-Match Telematch";2868440;Home;47.459016;57.9;2;0
1670;https://www.mgfishing.eu/2789/canna-beach-ledgering-fishing-ferrari-beach-queen-.jpg;"Canna Beach Ledgering Fishing Ferrari Beach Queen";2248542;Home;57.295082;69.9;3;0
1669;https://www.mgfishing.eu/2786/raffio-monopezzo-lineaeffe.jpg;"Raffio Monopezzo Lineaeffe";6320002;Home;26.967213;32.9;2;0
1668;https://www.mgfishing.eu/2785/canna-fissa-lineaeffe-delta.jpg;"Canna Fissa Lineaeffe Delta";;Home;0.000000;15.9;20;0
1667;https://www.mgfishing.eu/4509/mulinello-trabucco-hydrus.jpg;"Trabucco Hydrus XF - Mulinello Versatile";;"Mulinelli Da Pesca";0.000000;15.9;28;0
1666;https://www.mgfishing.eu/2782/canna-trout-area-nomura-osaka-.jpg;"Canna Trout Area Nomura Osaka";NM22200418;Home;32.704918;39.9;5;0
1665;https://www.mgfishing.eu/2779/kit-spinning-lineaeffe-xtreme-fishing-gear-artificiale-nomura-omaggio.jpg;"Kit Spinning Lineaeffe Xtreme Fishing Gear + Artificiale Nomura Omaggio";;"Kit Spinning";22.868852;27.9;0;1
1664;https://www.mgfishing.eu/2778/kit-spinning-lineaeffe-xtreme-fishing-gear-.jpg;"Kit Spinning Lineaeffe Xtreme Fishing Gear";2015371;"Kit Spinning";20.409836;24.9;-1;1
1663;https://www.mgfishing.eu/2773/canna-feeder-lineaeffe-picker-.jpg;"Canna Feeder Lineaeffe Picker";;Home;0.000000;32.9;4;0
1662;https://www.mgfishing.eu/2770/lampada-lineaeffe-ricaricabile.jpg;"Lampada Frontale Lineaeffe Ricaricabile";7599385;Lampade;12.213115;14.9;10;0
1660;https://www.mgfishing.eu/2764/asso-tapered-shock-leader-10-x-15mt-020-057.jpg;"Asso Tapered Shock Leader 10 x 15mt 0,20 - 0,57";;Home;9.754098;11.9;0;1
1659;https://www.mgfishing.eu/2758/fishing-ferrari-link-bl-evolution-beach-ledgering-420mt-120gr.jpg;"Fishing Ferrari Link BL Evolution Beach Ledgering 4,20mt 120gr";2247442;Home;53.196721;64.9;1;0
1658;https://www.mgfishing.eu/3892/canna-fishing-ferrari-gravity-450mt-80-130gr.jpg;"Canna Fishing Ferrari Gravity 4.50mt 80-130gr";2247745;Home;106.475410;129.9;2;0
1657;https://www.mgfishing.eu/2752/cassetta-pesca-lineaeffe-4-piani.jpg;"Cassetta Pesca Lineaeffe 4 Piani";6550058;"Box porta accessori";28.606557;34.9;2;0
1656;https://www.mgfishing.eu/2751/cassetta-pesca-lineaeffe-3-piani.jpg;"Cassetta Pesca Lineaeffe 3 Piani";;"Box porta accessori";22.868852;27.9;2;0
1655;https://www.mgfishing.eu/2750/cassetta-pesca-lineaeffe-2-piani.jpg;"Cassetta Pesca Lineaeffe 2 Piani";6550055;"Box porta accessori";15.163934;18.5;2;0
1654;https://www.mgfishing.eu/2749/lineaeffe-canna-moonstone-420mt-200gr.jpg;"Lineaeffe Canna Moonstone 4,20mt 200gr";;Home;16.311475;19.9;6;0
1653;https://www.mgfishing.eu/2746/alutecnos-gorilla-8v.jpg;"ALUTECNOS GORILLA 8V";;Home;488.000000;488;1;0
1652;https://www.mgfishing.eu/2742/canna-spinning-trabucco-rapture-stealth-.jpg;"Canna Spinning Trabucco Rapture Stealth";;"Canne Da Spinning";0.000000;42.9;10;0
1651;https://www.mgfishing.eu/2740/guadino-completo-trabucco-rapture-rubba-compact-net.jpg;"Guadino Completo Trabucco Rapture Rubba Compact Net";;Home;30.245902;36.9;5;0
1650;https://www.mgfishing.eu/2739/testa-guadino-trabucco-rapture-rubba-pro-net-head.jpg;"Testa Guadino Trabucco Rapture Rubba Pro Net Head";084-50-170;Home;17.950820;21.9;6;0
1649;https://www.mgfishing.eu/2738/portanassa-trabucco-impermeabile-waterproof.jpg;"Portanassa Trabucco Impermeabile Waterproof";048-37-110;Home;32.704918;39.9;1;0
1648;https://www.mgfishing.eu/4583/elastico-trabucco-hybrid-elastic-hi-stretch.jpg;"Elastico Trabucco Hybrid Elastic Hi-Stretch";;"Accessori Da Pesca";9.754098;11.9;6;0
1647;https://www.mgfishing.eu/2736/ombrellone-trabucco-ultra-shell-.jpg;"Ombrellone Trabucco Ultra Shell";;"Ombrelloni da pesca";77.786885;94.9;1;0
1646;https://www.mgfishing.eu/2735/supporto-trabucco-gnt-x-connect-eva-cross-ripple-arm.jpg;"Supporto Trabucco GNT X-Connect Eva Cross Ripple Arm";116-26-010;Home;15.983607;19.5;2;0
1645;https://www.mgfishing.eu/2734/reggicanna-trabucco-rod-rest-36.jpg;"Reggicanna Trabucco Rod Rest 36";;"Panchetti, sedie e cassettoni";19.590164;23.9;2;0
1644;https://www.mgfishing.eu/2733/bacinella-trabucco-con-supporto.jpg;"Bacinella Trabucco con supporto";116-26-180;Home;18.770492;22.9;2;0
1643;https://www.mgfishing.eu/2732/nassa-trabucco-xds-pro-keepnet.jpg;"Nassa Trabucco XDS Pro Keepnet";082-07-350;Home;45.000000;54.9;1;0
1642;https://www.mgfishing.eu/2729/testa-guadino-trabucco-gnt-black-match-fluo-mono.jpg;"Testa Guadino Trabucco GNT Black Match Fluo Mono";083-67-610;Home;19.590164;23.9;2;0
1641;https://www.mgfishing.eu/2725/elastico-ricambio-fionda-trabucco-catapult.jpg;"Elastico Ricambio Fionda Trabucco Catapult";;Home;0.000000;3.9;20;0
1640;https://www.mgfishing.eu/2745/kit-surfcasting-sampey-canna-long-beach-420mt-200gr-mulinello-shizuka-5000.jpg;"Kit Surfcasting SAMPEY Canna Long Beach 4,20mt 200gr + Mulinello a scelta";;"Kit Surfcasting";0.000000;39.9;0;1
1639;https://www.mgfishing.eu/2717/trabucco-fionda-precision-catapult.jpg;"Trabucco Fionda Precision Catapult";;Home;0.000000;17.9;9;0
1637;https://www.mgfishing.eu/2716/secchio-trabucco-blu-12-lt.jpg;"Secchio Trabucco Blu 12 LT";140-00-005;Home;10.573770;12.9;2;0
1636;https://www.mgfishing.eu/2715/galleggiante-trabucco-gnt-rocket-.jpg;"Galleggiante Trabucco GNT Rocket";;Home;0.000000;2.5;39;0
1634;https://www.mgfishing.eu/2714/galleggiante-trabucco-gnt-will.jpg;"Galleggiante Trabucco Gnt Will";;Home;0.000000;2.5;28;0
1633;https://www.mgfishing.eu/2713/galleggiante-trabucco-gnt-stark.jpg;"Galleggiante Trabucco Gnt Stark";;Home;0.000000;2.5;32;0
1632;https://www.mgfishing.eu/2712/trabucco-ami-trota-lago-hisashi-10608n.jpg;"Trabucco Ami Trota Lago Hisashi 10608N";;Home;0.000000;2.9;30;0
1631;https://www.mgfishing.eu/2710/ragot-guadino-vivo.jpg;"Ragot Guadino Vivo";;Home;8.114754;9.9;4;0
1630;https://www.mgfishing.eu/2708/trabucco-xps-ultra-strong-fc403-fluorocarbon-30mt.jpg;"Trabucco Xps Ultra Strong FC403 Fluorocarbon 30mt";;"Nylon Per Mulinello";0.000000;24.9;8;0
1629;https://www.mgfishing.eu/2706/trabucco-xps-soft-feel-150mt.jpg;"Trabucco Xps Soft Feel 150mt";;"Monofili e Trecciati";0.000000;7.5;22;0
1628;https://www.mgfishing.eu/2704/shock-leader-conico-trabucco.jpg;"Shock Leader conico Trabucco";"SHOCK LEADER TRABUCCO 10X15MT";Home;0.000000;15.9;20;0
1627;https://www.mgfishing.eu/2703/filo-trabucco-match-sinking-150mt-.jpg;"Filo Trabucco Match Sinking 150mt";;Home;0.000000;7.9;24;0
1625;https://www.mgfishing.eu/2700/raglou-ragot-hybrid-monster.jpg;"Raglou Ragot Hybrid Monster";;Home;0.000000;15.9;5;0
1624;https://www.mgfishing.eu/2699/raglou-ragot-85-cm-85gr.jpg;"Raglou Ragot 8,5 cm 8,5gr";;Siliconici;0.000000;8.9;18;0
1623;https://www.mgfishing.eu/2688/raglou-ragot-65cm-45gr.jpg;"Raglou Ragot 6,5cm 4,5gr";;Siliconici;0.000000;7.9;23;0
1622;https://www.mgfishing.eu/2686/raglou-ragot-12cm-25gr.jpg;"Raglou Ragot 12cm 25gr";;Siliconici;0.000000;10.9;19;0
1621;https://www.mgfishing.eu/2676/raglou-ragot-105cm-145gr.jpg;"Raglou Ragot 10,5cm 14,5gr";;Siliconici;0.000000;10.9;30;0
1619;https://www.mgfishing.eu/2675/trabucco-soft-plus-leader.jpg;"Trabucco Soft Plus leader";;Home;0.000000;12;33;0
1617;https://www.mgfishing.eu/2674/trabucco-xps-fluorocarbon-saltwater-.jpg;"Trabucco Xps Fluorocarbon Saltwater";;"Monofili e Trecciati";0.000000;6.9;28;0
1616;https://www.mgfishing.eu/2671/kit-bolognese-canna-trabucco-selenia-5mt-mulinello-trabucco-hydrus.jpg;"Kit Bolognese Canna Trabucco Selenia 5mt + Mulinello Trabucco Hydrus";;Home;69.590164;84.9;1;0
1615;https://www.mgfishing.eu/2670/canna-bolognese-trabucco-selenia-blx-power-5mt.jpg;"Canna Bolognese Trabucco Selenia Blx Power 5mt";120-53-050;Home;57.295082;69.9;2;0
1612;https://www.mgfishing.eu/2669/canna-bolognese-trabucco-heaven-extreme-6mt.jpg;"Canna Bolognese Trabucco Heaven Extreme 6mt";;Home;57.295082;69.9;0;1
1611;https://www.mgfishing.eu/2668/canna-trabucco-kompass-feeder-xr-continental-power.jpg;"Canna Trabucco Kompass Feeder XR Continental Power";;"Canne Feeder";0.000000;84.9;4;0
1610;https://www.mgfishing.eu/2665/mulinello-trabucco-demon-feeder-4000.jpg;"Mulinello Trabucco Demon Feeder 4000";;Home;15.163934;18.5;2;0
1609;https://www.mgfishing.eu/2661/kit-feeder-canna-trabucco-precision-carp-feeder-mulinello-trabucco-demon-feeder-4000.jpg;"Kit Feeder Canna Trabucco Precision Carp Feeder + Mulinello Trabucco Demon Feeder 4000";;Home;57.295082;69.9;2;0
1608;https://www.mgfishing.eu/2660/canna-trabucco-precision-carp-feeder-.jpg;"Canna Trabucco Precision Carp Feeder";;Home;45.000000;54.9;3;0
1607;https://www.mgfishing.eu/2659/canna-trabucco-flame-mormora-4-mt-100gr.jpg;"Canna Trabucco Flame Mormora 4 mt 100gr";;Home;49.098361;59.9;0;1
1606;https://www.mgfishing.eu/2657/canna-trabucco-aegean-cast-master-420mt-200gr.jpg;"Canna Trabucco Aegean Cast Master 4,20mt 200gr";169-26-420;Home;40.901639;49.9;7;0
1605;https://www.mgfishing.eu/2658/kit-surfcasting-canna-trabucco-aegean-420mt-200gr-mulinello-trabucco-oceanic-8000-occhiali-shimano-omaggio.jpg;"Kit Surfcasting Canna Trabucco Aegean 4,20mt 200gr + Mulinello Trabucco Oceanic 8000 + Occhiali Shimano Omaggio";;"Kit Surfcasting";68.770492;83.9;7;0
1603;https://www.mgfishing.eu/2649/shimano-isolate-pellet-hp-12mm-900g.jpg;"Shimano Isolate Pellet HP 12mm 900g";;Pellet;5.655738;6.9;3;0
1602;https://www.mgfishing.eu/2648/shimano-pellets-krill-16mm-pre-drilled.jpg;"Shimano Pellets Krill 16mm Pre-Drilled";"PELLETS KRILL 16MM PRE-DRILLED ISOKPPL16900";Pellet;5.655738;6.9;3;0
1601;https://www.mgfishing.eu/2645/shimano-borsa-travellers-wrap.jpg;"Shimano Borsa Travellers Wrap";"Shimano Borsa Travellers Wrap LUGC-03";Home;17.950820;21.9;3;0
1600;https://www.mgfishing.eu/2643/shimano-reel-case-large-.jpg;"Shimano Borsa Mulinello Reel Case Large";"SHIMANO REEL CASE LUGC-21";Home;32.704918;39.9;3;0
1599;https://www.mgfishing.eu/2640/shimano-cintura-traina-fighting-belt.jpg;"Shimano Cintura Traina Fighting Belt";"CINTURA TRAINA SHIMANO";Home;16.311475;19.9;4;0
1598;https://www.mgfishing.eu/2637/shimano-egi-case.jpg;"Shimano Borsa porta artificiali Egi Case";"SHIMANO EGI CASE LUGC-02";Home;16.311475;19.9;2;0
1597;https://www.mgfishing.eu/2634/shimano-soft-plastic-wallet.jpg;"Shimano Soft Plastic Wallet";;"Borse porta attrezzatura";22.868852;27.9;3;0
1596;https://www.mgfishing.eu/2633/shimano-lure-wallet.jpg;"Shimano Lure Wallet";"Shimano Lure Wallet LUGC-07";Home;40.901639;49.9;3;0
1595;https://www.mgfishing.eu/2632/shimano-borsa-banar-bag-medium.jpg;"Shimano Borsa Banar Bag Medium";"LUGC-16 BANAR BAG MEDIUM";Home;40.901639;49.9;3;0
1594;https://www.mgfishing.eu/2631/shimano-isolate-boilie-rn20-18mm.jpg;"Shimano Isolate Boilie RN20 18mm";"BOILIE SHIMANO ISOLATE RN20 18MM ISORN20B181000";"Pasture Boilies";11.393443;13.9;2;0
1593;https://www.mgfishing.eu/2630/shimano-pellet-isolate-.jpg;"Shimano Pellet Isolate";"PELLET SHIMANO ISOLATE 900GR";Pellet;5.655738;6.9;10;0
1592;https://www.mgfishing.eu/2629/shimano-boilies-tx1.jpg;"Shimano Boilies Tx1";"BOILES SHIMANO TX1";"Pasture Boilies";5.655738;6.9;22;0
1591;https://www.mgfishing.eu/2623/ombrellone-pesca-lineaeffe-.jpg;"Ombrellone Pesca Lineaeffe";"OMBRELLONE LINEAEFFE 6830210";"Ombrelloni da pesca";32.704918;39.9;3;0
1590;https://www.mgfishing.eu/2620/artico-canna-surfcasting-alchemy-.jpg;"Artico Canna Surfcasting Alchemy";;Home;0.000000;455;18;0
1588;https://www.mgfishing.eu/2619/rezzaglio-sparviero-da-pesca.jpg;"Rezzaglio Sparviero da Pesca";;Rezzaglio;0.000000;72;12;0
1587;https://www.mgfishing.eu/2613/oxg-nereide-420mt-200gr.jpg;"Canna da Surfcasting OXG Nereide 4,20mt 200gr";"OXG NEREIDE 4,20MT 200GR";"Canne Surfcasting";106.475410;129.9;3;0
1586;https://www.mgfishing.eu/2612/bkk-duolock-snap-51.jpg;"Bkk Duolock Snap-51";;Moschettoni;2.868852;3.5;14;0
1585;https://www.mgfishing.eu/2611/bkk-snap-girella-e-moschettone-duolock-snap-swiwel-51.jpg;"Bkk Snap Girella e Moschettone Duolock Snap Swiwel-51";;Moschettoni;2.868852;3.5;5;0
1584;https://www.mgfishing.eu/2609/mini-trave-surfcasting-.jpg;"Mini Trave Surfcasting";;Home;2.868852;3.5;1;0
1583;https://www.mgfishing.eu/2607/oxg-dorica-450mt-200gr.jpg;"Oxg Dorica 4,50mt 200gr";;Home;139.262295;169.9;2;0
1582;https://www.mgfishing.eu//shimano-canna-ultegra-surf-3-pezzi.jpg;"Shimano Canna Ultegra Surf 3 pezzi";;Home;0.000000;0;0;1
1581;https://www.mgfishing.eu/2606/shimano-pantaloncini-wear-shorts-grey.jpg;"Shimano Pantaloncini Wear Shorts Grey";;"Stivali e Scafandri da pesca";20.409836;24.9;9;0
1580;https://www.mgfishing.eu/2605/shimano-polo-wear-short-sleeve-blu.jpg;"Shimano Polo Wear Short Sleeve Blu";;"T-shirt da pesca";16.311475;19.9;11;0
1578;https://www.mgfishing.eu/2603/shimano-t-shirt-bianca.jpg;"Shimano T-Shirt Bianca";;"T-shirt da pesca";13.852459;16.9;1;0
1577;https://www.mgfishing.eu/2602/shimano-t-shirt-blu.jpg;"Shimano T-Shirt Blu";;"T-shirt da pesca";13.852459;16.9;1;0
1576;https://www.mgfishing.eu/2601/shimano-salopette-wear-bib-and-brace-non-padded.jpg;"Shimano Salopette Wear Bib and Brace Non Padded";;"Stivali e Scafandri da pesca";77.786885;94.9;1;0
1575;https://www.mgfishing.eu/2600/shimano-giacca-wear-rain-jacket-non-padded.jpg;"Shimano Giacca Wear Rain Jacket Non Padded";;"Giacche da Pesca";77.786885;94.9;1;0
1574;https://www.mgfishing.eu/2599/set-5-artificiali-minnow-traina-con-piumetta-vari-colori-9-cm-7gr-.jpg;"Set 5 Artificiali Minnow Traina con piumetta vari colori 9 cm - 7gr";;Home;15.491803;18.9;1;0
1573;https://www.mgfishing.eu/2592/-set-5-artificiali-minnow-traina-con-piumetta-vari-colori-9cm-7gr-.jpg;"Set 5 Artificiali Minnow Traina con piumetta vari colori 9cm - 7gr";;Home;15.491803;18.9;0;1
1572;https://www.mgfishing.eu/2587/porta-starlight-45mm-silicone-nero.jpg;"Porta Starlight 4,5mm silicone nero";;Home;2.295082;2.8;1;0
1571;https://www.mgfishing.eu/2586/mini-trave-surfcasting-4cm-e-7cm.jpg;"Mini Trave Surfcasting 4cm e 7cm";;Home;0.000000;3.7;11;0
1570;https://www.mgfishing.eu/2585/asso-tapered-shock-leader-10-x-15mt-023-057.jpg;"Asso Tapered Shock Leader 10 x 15mt 0,23 - 0,57";;Home;10.573770;12.9;0;1
1569;https://www.mgfishing.eu/2584/moschettoni-con-girella-mgfishing.jpg;"Moschettoni con girella MgFishing";;Home;0.000000;2.9;39;0
1568;https://www.mgfishing.eu/2583/ami-chinu-mgfishing.jpg;"Ami Chinu MgFishing";;"Ami Da Surfcasting";0.000000;2.9;36;0
1566;https://www.mgfishing.eu/2581/picchetto-reggicanna-alluminio.jpg;"Picchetto Reggicanna Alluminio";;"Picchetti Reggicanna";0.000000;12.9;50;0
1565;https://www.mgfishing.eu/2562/kit-artigianale-per-pesca-a-traina-tonni-tonnetti-lampughe-e-palamiti-pesci-spada-alletterati-modello-di-lenza-a-scelta-.jpg;"Kit Artigianale per Pesca A Traina Tonni, Tonnetti, Lampughe e Palamiti, Pesci Spada, alletterati. Modello di Lenza a Scelta!";;"Kit di esche";0.000000;17.9;90;0
1563;https://www.mgfishing.eu/2561/canna-surfcasting-trabucco-vektor-pro-surf-420mt-150gr-nuovo-modello-2024-occhiali-shimano-omaggio-.jpg;"Canna Surfcasting Trabucco Vektor Pro Surf 4,20mt 150gr nuovo modello 2024 + Occhiali Shimano Omaggio";;"Canne Surfcasting";40.901639;49.9;9;0
1562;https://www.mgfishing.eu/2557/kit-combo-surfcasting-canna-long-beach-420mt-200gr-mulinello-a-scelta.jpg;"Kit Combo surfcasting canna Long Beach 4,20mt 200gr + Mulinello a scelta";;"Kit Surfcasting";0.000000;49.9;23;0
1561;https://www.mgfishing.eu/2559/filo-tubertini-spinner-500mt.jpg;"Filo Tubertini Spinner 500mt";;Home;0.000000;26.9;11;0
1560;https://www.mgfishing.eu/2532/med-fishing-filo-distance-10-1000mt.jpg;"Med fishing Filo Distance 1.0 1000mt";;Home;0.000000;19.9;4;0
1559;https://www.mgfishing.eu/2529/shimano-speedmaster-tapered-220mt-conico-multicolor.jpg;"Shimano Speedmaster Tapered 220mt conico multicolor";;Home;0.000000;11.9;9;0
1558;https://www.mgfishing.eu/2545/kit-traina-canna-syncron-180mt-50lb-mulinello-sea-captain-300-omaggio-filo-asso-035-.jpg;"Kit Traina Canna Syncron 1,80mt 50lb + Mulinello Sea Captain 300 + omaggio filo asso 0.35";;"Kit Traina";69.590164;84.9;5;0
1557;https://www.mgfishing.eu/2513/kit-combo-canna-blue-crab-210mt-240mt-mulinello-a-scelta.jpg;"Kit Combo Canna Blue Crab 2,10mt / 2,40mt + Mulinello a scelta";;Home;0.000000;59.9;0;1
1555;https://www.mgfishing.eu/2552/canna-blue-crab-210mt240mt-9-kg.jpg;"Canna Blue Crab 2.10mt/2.40mt 9 Kg";;Home;0.000000;29.9;0;1
1553;https://www.mgfishing.eu/2502/trabucco-kit-combo-surfcasting-canna-trabucco-oceanic-4mt-150gr-mulinello-trabucco-.jpg;"Trabucco Kit Combo Surfcasting Canna Trabucco Oceanic 4mt 150gr + Mulinello Trabucco";;"Kit Surfcasting";0.000000;59.9;40;0
1552;https://www.mgfishing.eu/2489/ami-medfishing-yro-101b.jpg;"Ami Medfishing Yro 101B";;"Ami Da Surfcasting";0.000000;3.5;13;0
1551;https://www.mgfishing.eu/2483/ami-bad-bass-314.jpg;"Ami Bad Bass 314";;"Ami Da Surfcasting";0.000000;4.99;40;0
1550;https://www.mgfishing.eu/2486/ami-octopus-jaguar.jpg;"Ami Octopus Jaguar 528R";;"Ami Da Surfcasting";0.000000;3.99;30;0
1549;https://www.mgfishing.eu/2488/ami-yuki-cx09.jpg;"Ami Yuki CX09";;"Ami Da Surfcasting";0.000000;3.4;21;0
1548;https://www.mgfishing.eu/2490/moschettoni-con-girella-fishing-project-.jpg;"Moschettoni con girella Fishing Project";;Moschettoni;2.295082;2.8;0;1
1546;https://www.mgfishing.eu/2491/lineaeffe-moschettoni-con-girella-.jpg;"Lineaeffe moschettoni con girella";;Moschettoni;0.000000;1.99;9;0
1545;https://www.mgfishing.eu/2492/moschettoni-con-girella-trabucco-100-66-100.jpg;"Moschettoni con girella Trabucco";;Moschettoni;0.000000;2.9;12;0
1544;https://www.mgfishing.eu/2493/moschettone-con-girella-trabucco-.jpg;"Moschettone con girella Trabucco 100-63-080";100-63-080;Moschettoni;0.000000;1.99;29;0
1543;https://www.mgfishing.eu/2494/girelle-tubertini-tb-120ss.jpg;"Girelle Tubertini TB 120SS";;Girelle;0.000000;4.9;16;0
1542;https://www.mgfishing.eu/2471/girelle-triple-tubertini-tb-1003-mis-10.jpg;"Girelle Triple Tubertini Tb 1003 Mis. 10";;Girelle;2.868852;3.5;3;0
1541;https://www.mgfishing.eu/2495/girelle-bkk-infinity-swiwel-inox.jpg;"Girelle Bkk Infinity Swiwel Inox";;Girelle;0.000000;8.9;5;0
1540;https://www.mgfishing.eu/2496/bkk-girelle-rolling-swiwel-32.jpg;"Bkk Girelle Rolling Swiwel-32";;Girelle;0.000000;2.7;16;0
1539;https://www.mgfishing.eu/2468/girelle-reflex-tecnofish.jpg;"Girelle Reflex Tecnofish";;Home;0.000000;12.9;9;0
1538;https://www.mgfishing.eu/2498/girelle-sasame-210-a.jpg;"Girelle Sasame 210-A";;Girelle;0.000000;3.5;22;0
1537;https://www.mgfishing.eu/2465/girelle-medfishing-ps101.jpg;"Girelle Medfishing Ps101";;Home;3.196721;3.9;11;0
1536;https://www.mgfishing.eu/2499/ossigenatore-portatile-ricaricabile-akami.jpg;"Ossigenatore Portatile Ricaricabile Akami";860004;Ossigenatori;20.409836;24.9;1;0
1534;https://www.mgfishing.eu/2501/fluorcarbon-shimano-ocea-leader-50mt.jpg;"Fluorcarbon Shimano Ocea Leader 50mt";;Fluorocarbon;8.900000;8.9;90;0
1533;https://www.mgfishing.eu/2551/kit-combo-surfcasting-shimano-beastmaster-surf-j-425mt-200gr-mulinello-shimano-beastmaster-xc-14000.jpg;"Kit Combo Surfcasting Shimano Beastmaster Surf J 4,25mt 200gr + Mulinello Shimano Beastmaster xc 14000";;"Kit Surfcasting";155.655738;189.9;1;0
1532;https://www.mgfishing.eu/2548/kit-combo-traina-canna-3050lb-mulinello-stw-25-con-filo-imbobbinato.jpg;"Kit Combo Traina Canna 30/50lb + Mulinello Stw 25 con filo imbobbinato";;Home;56.557377;69;3;0
1531;https://www.mgfishing.eu/2449/lineaeffe-fodero-pro-175cm.jpg;"Lineaeffe Fodero Pro doppio scomparto 175cm";6536618;Home;31.065574;37.9;3;0
1530;https://www.mgfishing.eu/2444/kit-combo-surfcasting-colmic-electra-3lr-420mt-100-200gr-mulinello-oxg-cube-power-9000.jpg;"Kit Combo Surfcasting Colmic Electra 3lr 4,20mt 100-200gr + Mulinello Oxg Cube Power 9000";;"Kit Surfcasting";0.000000;104.9;0;1
1529;https://www.mgfishing.eu/2443/med-fishing-attacco-rapido-k-speedy-snap-.jpg;"Med Fishing Attacco Rapido k-speedy snap";;Home;3.270492;3.99;1;0
1527;https://www.mgfishing.eu/2441/trabucco-pop-up-stick-4mm-e-6mm.jpg;"Trabucco Pop Up Stick 4mm e 6mm";;"Minuteria da pesca";2.868852;3.5;4;0
1526;https://www.mgfishing.eu/2440/serbidora-stonfo-.jpg;"Serbidora Stonfo";;"Accessori Da Pesca";28.606557;34.9;1;0
1525;https://www.mgfishing.eu/2437/cassone-lineaeffe-surfcasting.jpg;"Cassone Lineaeffe Surfcasting";6533082;Sedie;24.508197;29.9;2;0
1524;https://www.mgfishing.eu/2547/kit-combo-surcasting-colmic-electra-3lr-420mt-100-200gr-mulinello-trabucco-a-scelta.jpg;"Kit Combo Surcasting Colmic Electra 3lr 4,20mt 100-200gr + Mulinello Trabucco a scelta";;"Kit Surfcasting";0.000000;89.9;0;1
1522;https://www.mgfishing.eu/2420/prodotto-test-stripe.jpg;"Test Stripe";;"Accessori Da Pesca";0.409836;0.5;99;0
1520;https://www.mgfishing.eu/2428/ledlenser-h8r-core.jpg;"Ledlenser H8r core";;Lampade;61.393443;74.9;2;0
1519;https://www.mgfishing.eu/2393/ledlenser-hf4r-core.jpg;"Ledlenser HF4R core";;Lampade;26.967213;32.9;3;0
1518;https://www.mgfishing.eu/2390/ledlenser-mh5.jpg;"Ledlenser MH5";;Lampade;36.803279;44.9;5;0
1517;https://www.mgfishing.eu/2386/ledlenser-solidline-sh1.jpg;"LedLenser Solidline SH1";;Lampade;15.491803;18.9;5;0
1516;https://www.mgfishing.eu/2381/kit-surfcasting.jpg;"Kit surfcasting 2 Trabucco vektor 4,20mt 150gr + 2 Trabucco Dayton 8000 + Minuteria";;"Kit Surfcasting";106.475410;129.9;9;0
1515;https://www.mgfishing.eu/2379/tellinaro-3-manici-75cm-retino-omaggio.jpg;"Tellinaro 3 Manici 75cm + Retino OMAGGIO";;Tellinari;106.475410;129.9;1;0
1514;https://www.mgfishing.eu/2375/kit-tellinaro-a-scelta-retino-omaggio.jpg;"Kit Tellinaro a scelta + Retino Omaggio";;Tellinari;0.000000;41.9;18;0
1513;https://www.mgfishing.eu/2374/cinturino-occhiali-pelagic.jpg;"Cinturino Occhiali Pelagic";;"Occhiali da pesca";10.573770;12.9;4;0
1512;https://www.mgfishing.eu/2373/pelagic-t-shirt-gione-marlin.jpg;"Pelagic T-Shirt Gione Marlin";;"T-shirt da pesca";0.000000;44.9;2;0
1511;https://www.mgfishing.eu/2370/pelagic-aquatek-gyotaku-.jpg;"Pelagic Aquatek Gyotaku";;"T-shirt da pesca";0.000000;69.9;3;0
1510;https://www.mgfishing.eu/2364/pelagic-aquatek-twin-beeks-ocean.jpg;"Pelagic Aquatek Twin Beeks Ocean";;"T-shirt da pesca";0.000000;69.9;3;0
1509;https://www.mgfishing.eu/2362/pelagic-aquatek-wahoo-mind.jpg;"Pelagic Aquatek Wahoo Mind";;"T-shirt da pesca";0.000000;69.9;3;0
1508;https://www.mgfishing.eu/3723/kit-combo-surfcasting-shimano-sonora-420mt-150-e-200gr-mulinello-a-scelta.jpg;"Kit Surfcasting Canna Shimano Sonora 4,20mt + Mulinello Trabucco";;"Kit Da Pesca";61.393443;74.9;25;0
1504;https://www.mgfishing.eu/2353/kit-combo-tonno-canna-shimano-beastmaster-50lb-mulinello-tica-oxean-ii-ox30-shimano-tyrnos-30.jpg;"Kit Combo Tonno Canna Shimano Beastmaster 50lb + Mulinello Tica Oxean II OX30 / Shimano Tyrnos 30";;"Kit Combo per Tonno";0.000000;279.9;2;0
1503;https://www.mgfishing.eu/2351/kit-combo-tonno-canna-shimano-beastmaster-50lb-mulinello-tica-oxean-ii-30-shimano-tyrnos-30.jpg;"Kit Combo Tonno Canna Shimano Beastmaster 50lb + Mulinello Tica Oxean II 30 / Shimano Tyrnos 30";;"Kit Combo per Tonno";0.000000;0;0;1
1502;https://www.mgfishing.eu/2343/kit-combo-surfcasting-trabucco-vektor-420mt-150gr-mulinello-trabucco.jpg;"Kit Combo Surfcasting Trabucco Vektor 4,20mt 150gr + Mulinello Trabucco";;"Kit Surfcasting";0.000000;69.9;36;0
1501;https://www.mgfishing.eu/2342/kit-combo-surfcasting-trabucco-vektor-420mt-150gr-mulinello-trabucco.jpg;"Kit Combo Surfcasting Trabucco Vektor 4,20mt 150gr + Mulinello Trabucco";;"Kit Surfcasting";0.000000;0;0;1
1499;https://www.mgfishing.eu/2338/kit-combo-tonno-canna-shimano-beastmaster-50lb-mulinello-shimano-tyrnos-30lb.jpg;"Kit Combo Tonno Canna Shimano Beastmaster 50lb + Mulinello Shimano Tyrnos 30lb";;"Kit Da Pesca";262.213115;319.9;1;0
1498;https://www.mgfishing.eu/2331/tellinaro-grande-zincato-da-pesca-45-cm-kolpo.jpg;"Tellinaro Grande Zincato Rastello Vongole Cozze Telline 45 cm Kolpo";;Tellinari;39.900000;39.9;6;0
1497;https://www.mgfishing.eu/2328/kit-pesca-tellinaro-grande-acciaio-inox-52x18x35-rete-porta-telline.jpg;"Kit Pesca Tellinaro Grande Acciaio Inox (52x18x35) + Rete Porta Telline";;Tellinari;46.900000;46.9;3;0
1494;https://www.mgfishing.eu/2327/pasturatore-da-barca-stonfo-.jpg;"Pasturatore da barca Stonfo";;Home;32.704918;39.9;3;0
1493;https://www.mgfishing.eu/2325/tripode-surf-casting-regolabile-180cm-.jpg;"Tripode Surf Casting Regolabile 180cm";;Home;30.245902;36.9;1;0
1492;https://www.mgfishing.eu/2927/seaguar-fluorocarbon-fxr-100mt.jpg;"Seaguar Fluorocarbon Fxr 100mt";;"Monofili e Trecciati";0.000000;24.9;26;0
1490;https://www.mgfishing.eu/2318/mulinello-elettrico-daiwa-leobritz-300j300jl.jpg;"Mulinello Elettrico Daiwa Leobritz 300J/300JL";;"Mulinelli Elettrici";0.000000;619.9;0;1
1489;https://www.mgfishing.eu/2317/artico-castigo-pro-445.jpg;"Artico Castigo Pro 445";;"Canne Da Bolentino";0.000000;0;5;0
1488;https://www.mgfishing.eu/2313/jatsui-cyclops-piombo-per-tecniche-verticali-e-traina-.jpg;"Jatsui Cyclops Piombo Per Tecniche Verticali e Traina";;"Esche Artificiali da Pesca";0.000000;9.9;22;0
1486;https://www.mgfishing.eu/2311/shimano-giacchetto-soft-shell-jacket.jpg;"Shimano Giacchetto Soft Shell Jacket";;"Giacche da Pesca";0.000000;94.9;0;1
1485;https://www.mgfishing.eu/2310/shimano-soft-shell-jacket-.jpg;"Shimano Soft Shell Jacket";;Home;0.000000;0;0;1
1484;https://www.mgfishing.eu/2309/shimano-felpa-pull-over-hoodie-blu-.jpg;"Felpa Shimano Pull Over Hoodie Blu";;Home;0.000000;44.9;4;0
1482;https://www.mgfishing.eu/2302/trabucco-vektor-pro-surf-150gr.jpg;"Trabucco Vektor Pro surf 150gr";;"Canne Surfcasting";0.000000;34.9;30;0
1481;https://www.mgfishing.eu/2300/rastrello-tellinaro-da-pesca-45-cm-globe-fishing.jpg;"Rastrello Tellinaro da pesca 45 cm Globe Fishing";;Tellinari;32.704918;39.9;5;0
1480;https://www.mgfishing.eu/3763/pesc-amore-sacrale-bolo-6mt-e-7mt.jpg;"Pesc'amore Sacrale Bolo";;Home;0.000000;210;2;0
1479;https://www.mgfishing.eu/2291/borsa-shimano-all-round.jpg;"Borsa Shimano All-Round";;"Borse porta attrezzatura";20.409836;24.9;9;0
1478;https://www.mgfishing.eu/3904/shimano-beastmaster-14000-xc-.jpg;"Shimano Beastmaster 14000 XC";BMBP14000XC;"Mulinelli Da Pesca";69.590164;84.9;1;0
1477;https://www.mgfishing.eu/2282/lineaeffe-canna-spinning-shizuka-sh1400-180-cm-5-25gr.jpg;"Lineaeffe Canna Spinning Shizuka SH1400 180 cm 5-25gr";B07KXXF99T;"Canne Da Pesca";24.900000;24.9;4;0
1476;https://www.mgfishing.eu/2279/shizuka-sh1400-210-m-10-30-g-canna-da-pesca-a-spinning-ideale-per-tutti-i-pesci-predatori-sia-in-mare-che-fiume-e-lago.jpg;"Shizuka SH1400 2.10 m 10-30 g";;"Canne Da Spinning";29.900000;29.9;2;0
1475;https://www.mgfishing.eu/2276/fishing-ferrari-ff-ultracast-extra-power-wwg-canna-da-pesca-surfcasting-potente-e-robusta-cima-sensibile.jpg;"Fishing Ferrari FF Ultracast Extra Power Wwg Canna da Pesca Surfcasting Potente e Robusta Cima Sensibile";;"Canne Surfcasting";53.196721;64.9;2;0
1474;https://www.mgfishing.eu/2272/mgfishing-kit-surfcasting-3-canne-trabucco-vektor-420mt-150gr-3-mulinelli-trabucco.jpg;"Kit Surfcasting 3 Canne Trabucco Vektor 4,20mt 150gr + 3 Mulinelli Trabucco Dayton 8000";B0D2L3HZPL;"Kit Surfcasting";179.900000;179.9;20;0
1473;https://www.mgfishing.eu/2271/kit-surfcasting-3-canne-trabucco-vektor-420mt-150gr-3-mulinelli-trabucco-dayton-6500.jpg;"Kit Surfcasting 3 Canne Trabucco Vektor 4,20mt 150gr + 3 Mulinelli Trabucco Dayton 6500 MGFISHING";B0D2L3DRMY;"Kit Surfcasting";169.900000;169.9;20;0
1472;https://www.mgfishing.eu/2270/kit-2-mulinelli-trabucco-oceanic-8000-con-filo-surfcasting.jpg;"Kit 2 Mulinelli Trabucco Oceanic 8000 con Filo Surfcasting";B071LNN6HB;"Mulinelli Surf Casting e CarpFishing";49.900000;49.9;7;0
1471;https://www.mgfishing.eu/2267/shimano-guaina-canna-da-pesca-all-round-doppia-rod-holdall-175-cm-x-24-cm-x-26-cm-borsa-per-il-trasporto-bacchetta-per-il-tras.jpg;"SHIMANO fodero All-Round Doppia Rod + Holdall 175 cm x 24 cm x 26 cm SHALLR11";SHALLR11;"Foderi Portacanne";79.900000;79.9;0;1
1470;https://www.mgfishing.eu/2266/canna-jatsui-purple-jigger-acid.jpg;"Canna Jatsui Purple Jigger Acid";B0BVW5R65K;"Canne Da Pesca";114.500000;114.5;1;0
1469;https://www.mgfishing.eu/2265/lineaeffe-contenitori-per-il-vivo-da-pesca-traina-cooler-48-l-58-x-34-x-36-cm-mare-barca.jpg;"Lineaeffe Igloo Contenitore Frigo 48lt";6600048;Frigoriferi;139.900000;139.9;1;0
1468;https://www.mgfishing.eu/2255/combo-2-mulinelli-trabucco-hydrus-2-mulinelli-a-scelta.jpg;"Combo 2 Mulinelli Trabucco Hydrus (2 Mulinelli a scelta)";;"Mulinelli Bolognese e Spinning";0.000000;29.9;192;0
1466;https://www.mgfishing.eu/2254/med-fishing-bait-clip-mf1.jpg;"Med Fishing Bait Clip MF1";;Moschettoni;3.688525;4.5;6;0
1465;https://www.mgfishing.eu/2253/med-fishing-molla-in-acciaio-srt-per-bait-clip.jpg;"Med Fishing Molla In acciaio SRT per Bait Clip";;Moschettoni;0.000000;5.9;9;0
1464;https://www.mgfishing.eu/2252/med-fishing-k-speedy-snap-ks107-s.jpg;"Med Fishing K-Speedy Snap KS107-S";;Moschettoni;3.196721;3.9;7;0
1463;https://www.mgfishing.eu/2251/jatsui-vertical-ball.jpg;"Jatsui Vertical Ball";;"Esche Artificiali Jig";0.000000;0;0;1
1462;https://www.mgfishing.eu/2247/jatsui-iron-minnow-150mm-sinking.jpg;"Jatsui Iron Minnow 150mm Sinking";;"Esche Artificiali Minnow";0.000000;12.7;52;0
1461;https://www.mgfishing.eu/2246/shimano-silent-assassin-80mm-flash-boost.jpg;"Shimano Silent Assassin 80mm Flash Boost";;"Esche Artificiali Minnow";0.000000;15.5;31;0
1460;https://www.mgfishing.eu/2245/shimano-ultegra-xr-14000-xtd.jpg;"Shimano Ultegra XR 14000 XTD";;"Mulinelli Surf Casting e CarpFishing";237.622951;289.9;2;0
1459;https://www.mgfishing.eu/2235/shimano-ultegra-xr-14000-xsd.jpg;"Shimano Ultegra XR 14000 XSD";"SHIMANO ULTEGRA XR 14000 XSD";"Mulinelli Surf Casting e CarpFishing";237.622951;289.9;1;0
1458;https://www.mgfishing.eu/2234/borsa-impermeabile-shimano-surf-carrybag-.jpg;"Borsa Impermeabile Shimano Surf Carrybag";SHSU07;Home;36.803279;44.9;1;0
1457;https://www.mgfishing.eu/2233/custodia-porta-minuteria-shimano-surf-rig-wallet-.jpg;"Custodia porta Minuteria Shimano Surf Rig Wallet";SHSU08;Home;16.311475;19.9;3;0
1456;https://www.mgfishing.eu/2231/custodio-porta-bobine-shimano-surf-spool-case.jpg;"Custodia Porta bobine Shimano Surf Spool Case";SHSU06;Home;16.311475;19.9;3;0
1455;https://www.mgfishing.eu/2230/borsa-porta-mulinelli-shimano-surf-reel-case.jpg;"Borsa Porta Mulinelli Shimano Surf Reel Case";SHSU05;Home;13.852459;16.9;1;0
1454;https://www.mgfishing.eu/2229/-trabucco-mulinello-sonic-xs-surf-6500.jpg;"Trabucco Mulinello Sonic XS Surf 6500";;"Mulinelli Surf Casting e CarpFishing";21.721311;26.5;0;1
1453;https://www.mgfishing.eu/2226/kit-pesca-granchi-blu-canna-mulinello-2-trappole-2-piombi-.jpg;"Kit Pesca Granchi Blu (Canna + Mulinello + 2 Trappole + 2 Piombi)";;"Kit Surfcasting";30.245902;36.9;8;0
1452;https://www.mgfishing.eu/2212/kit-combo-pesca-storione-canna-fishing-ferrari-ultracast-extra-power-mulinello-trabuccoshizukaoxg-a-scelta.jpg;"Kit Combo Pesca Storione canna Fishing Ferrari ULTRACAST Extra Power + Mulinello Trabucco/Shizuka/Oxg a scelta";;"Kit Surfcasting";0.000000;84.9;19;0
1446;https://www.mgfishing.eu/2195/kit-surfcasting-canna-trabucco-sonic-xt-surf-200gr-mulinello-trabucco-.jpg;"Kit Surfcasting Canna Trabucco Sonic Xt surf 200gr + Mulinello Trabucco";;"Kit Surfcasting";0.000000;62.9;70;0
1444;https://www.mgfishing.eu/2185/mulinello-mitchell-full-controll-mx7.jpg;"Mulinello Mitchell Full Controll MX7";;"Mulinelli Bolognese e Spinning";0.000000;134.9;0;1
1443;https://www.mgfishing.eu/2181/mulinello-fin-nor-primal-10-.jpg;"Mulinello Fin-Nor Primal 10";;"Mulinelli Per Tonno e Da Traina Rotanti";196.639344;239.9;2;0
1442;https://www.mgfishing.eu/2175/shimano-zaino-surf-rucksack.jpg;"Shimano Zaino Surfcasting";SHSU01;"Borse, zaini e foderi";81.885246;99.9;0;1
1439;https://www.mgfishing.eu/2169/centaur-assist-hook-penetrate.jpg;"Centaur Assist Hook Penetrate";;"Ami Traina Con Vivo";8.934426;10.9;10;0
1438;https://www.mgfishing.eu/2167/occhiali-shimano.jpg;"Occhiali Shimano";;"Occhiali da pesca";16.311475;19.9;0;1
1437;https://www.mgfishing.eu/2160/italcanna-greystone-180.jpg;"Italcanna Greystone 180";;"Canne Surfcasting";474.590164;579;0;1
1435;https://www.mgfishing.eu/2159/colmic-veteran-400-panchetto.jpg;"Colmic Veteran 400 panchetto";;Panieri;196.639344;239.9;0;1
1434;https://www.mgfishing.eu/2158/colmic-veteran-300-panchetto.jpg;"Colmic Veteran 300 panchetto";;Panieri;188.442623;229.9;0;1
1433;https://www.mgfishing.eu/2157/colmic-veteran-200-panchetto.jpg;"Colmic Veteran 200 panchetto";;Panieri;172.049180;209.9;0;1
1432;https://www.mgfishing.eu/2156/colmic-veteran-150.jpg;"Colmic Veteran 150 panchetto";;Panieri;163.852459;199.9;0;1
1431;https://www.mgfishing.eu/2155/colmic-veteran-100-panchetto.jpg;"Colmic Veteran 100 Panchetto";;Panieri;147.459016;179.9;0;1
1429;https://www.mgfishing.eu/4707/trabucco-warde-xs-lake-trout.jpg;"Trabucco Warden XS Lake Trout - Canna Trota Lago";;"Canne Da Pesca";0.000000;77.9;7;0
1428;https://www.mgfishing.eu/2149/trabucco-max-plus-super-sea.jpg;"Trabucco Max Plus super sea";;"Nylon Per Mulinello";0.000000;6.9;49;0
1427;https://www.mgfishing.eu/4571/trabucco-t-force-xps-ss-.jpg;"Trabucco T-Force XPS SS+ - Filo Nylon da Bobina";;"Monofili e Trecciati";0.000000;5.9;48;0
1426;https://www.mgfishing.eu/2147/trabucco-dayton-6500-surf.jpg;"Trabucco Dayton 6500 Surf";034-30-650;"Mulinelli Bolognese e Spinning";21.229508;25.9;9;0
1425;https://www.mgfishing.eu/2144/trabucco-andromeda-420mt-150gr.jpg;"Trabucco Andromeda 4,20mt 150gr";;"Canne Surfcasting";45.000000;54.9;0;1
1423;https://www.mgfishing.eu/2143/filo-trabucco-taper-line-sc-250mt-multicolor.jpg;"Filo Trabucco Taper Line SC 250mt multicolor";;"Conici Shock Leader";0.000000;14.9;11;0
1421;https://www.mgfishing.eu/2142/fodero-portacanne-lineaffe-pro-cordura-175cm.jpg;"Fodero Portacanne Lineaffe Pro cordura 175cm";;"Foderi Portacanne";22.868852;27.9;2;0
1420;https://www.mgfishing.eu/2141/mulinello-trabucco-castforce-xt-beach-5500.jpg;"Mulinello Trabucco Castforce xt beach 5500";;"Mulinelli Surf Casting e CarpFishing";57.295082;69.9;5;0
1419;https://www.mgfishing.eu/2139/trabucco-xps-surf-fp.jpg;"Trabucco Xps Surf Fp 300mt";;"Monofili e Trecciati";9.754098;11.9;15;0
1418;https://www.mgfishing.eu/2138/trabucco-xps-velvet-procast-300mt-giallo.jpg;"Trabucco Xps Velvet procast 300mt giallo";;"Nylon Per Mulinello";7.295082;8.9;68;0
1417;https://www.mgfishing.eu/2137/jatsui-sw-wtd-bad-dog-.jpg;"Jatsui sw wtd bad dog";;"Esche Artificiali da Pesca";7.295082;8.9;20;0
1416;https://www.mgfishing.eu/2136/shimano-jig-flat-light-.jpg;"Shimano Jig Flat Light";;"Esche Artificiali Jig";8.114754;9.9;106;0
1415;https://www.mgfishing.eu/2133/jatsui-kabo-squid-killer-calamaro.jpg;"Jatsui Kabo squid Killer Calamaro";;"Totanare e Polpare";9.754098;11.9;24;0
1414;https://www.mgfishing.eu/2132/jatsui-artificiali-prime-calamaro-.jpg;"Jatsui Artificiali Prime Calamaro";;"Totanare e Polpare";8.934426;10.9;47;0
1413;https://www.mgfishing.eu/2131/totanare-fishing-ferrari-thunder-squid-30.jpg;"Totanare Fishing Ferrari Thunder Squid 3.0";;"Totanare e Polpare";2.377049;2.9;31;0
1412;https://www.mgfishing.eu/2130/totanara-fishing-ferrari-black-edition.jpg;"Totanara Fishing Ferrari Black Edition 3.0";;"Totanare e Polpare";2.377049;2.9;30;0
1411;https://www.mgfishing.eu/2129/totanara-fishing-ferrari-redhead-edition.jpg;"Totanara Fishing Ferrari RedHead Edition";;"Totanare e Polpare";2.377049;2.9;54;0
1410;https://www.mgfishing.eu/2127/set-10-totanare-box-porta-artificiali.jpg;"Set 10 Totanare + Box porta artificiali";;"Totanare e Polpare";16.311475;19.9;5;0
1409;https://www.mgfishing.eu/2125/set-10-totanare-miste.jpg;"Set 10 Totanare Miste";;"Totanare e Polpare";12.295082;15;7;0
1408;https://www.mgfishing.eu/2124/soft-crabs-granchio-in-silicone.jpg;"Soft Crabs Granchio in silicone";;"Totanare e Polpare";2.049179;2.5;24;0
1406;https://www.mgfishing.eu/2123/akami-squid-sinker-15gr-confezione-3-pezzi-.jpg;"Akami Squid Sinker 15gr confezione 3 Pezzi";;"Totanare e Polpare";4.918033;6;5;0
1405;https://www.mgfishing.eu/2122/olympus-egi-sinker-.jpg;"Olympus Egi Sinker";;"Totanare e Polpare";3.278689;4;5;0
1403;https://www.mgfishing.eu/2121/jatsui-totanara-rush-egi-rubber-30.jpg;"Jatsui Totanara rush egi rubber 3.0";;"Totanare e Polpare";6.147541;7.5;16;0
1401;https://www.mgfishing.eu/2118/lampade-profondita-duel-.jpg;"Lampade Profondità Duel";;"Avvisatori Abboccata e Starlight";4.016393;4.9;20;0
1399;https://www.mgfishing.eu/2117/lampade-di-profondita.jpg;"Lampade di Profondità";;"Avvisatori Abboccata e Starlight";6.500000;6.5;20;0
1397;https://www.mgfishing.eu/2116/gabbietta-totanara-acciaio-inox-.jpg;"Gabbietta totanara acciaio inox";;"Totanare e Polpare";1.803279;2.2;9;0
1396;https://www.mgfishing.eu/2115/totanara-profondita-sele-octopus-hook.jpg;"Totanara profondità sele octopus hook";;"Totanare e Polpare";2.377049;2.9;5;0
1395;https://www.mgfishing.eu/2114/totanara-di-profondita-.jpg;"Totanara di profondità";;"Totanare e Polpare";2.049179;2.5;5;0
1394;https://www.mgfishing.eu/2113/lineaeffe-abyss-17cm-150gr.jpg;"Lineaeffe Abyss 17cm 150gr";;"Totanare e Polpare";4.836066;5.9;5;0
1393;https://www.mgfishing.eu/2112/lineaeffe-octopus-hook-.jpg;"Lineaeffe Octopus Hook";5999020;"Totanare e Polpare";2.868852;3.5;3;0
1392;https://www.mgfishing.eu/2111/kit-pesca-bolentino-di-profondita-canna-power-boat-kgn-1000-trecciato-1000mt.jpg;"Kit Pesca Bolentino di profondità Canna Power Boat + Kgn 1000 + 1000 mt Trecciato e Lampade Omaggio";;"Kit Bolentino";442.622951;540;4;0
1391;https://www.mgfishing.eu/2103/lineaeffe-kit-top-carp-carpfishing-combo-3.jpg;"Lineaeffe Kit Top Carp Carpfishing combo 3";;"Kit Carpfishing";155.655738;189.9;3;0
1390;https://www.mgfishing.eu/2102/lineaeffe-kit-completo-da-carpfishing-top-carp-.jpg;"Lineaeffe Kit completo da Carpfishing Top Carp combo 2";;"Kit Carpfishing";180.245902;219.9;3;0
1389;https://www.mgfishing.eu/2097/mulinello-sea-captain-300-filo-asso-040mm-1000mt-omaggio-scelta-nel-menu-a-tendina.jpg;"Mulinello sea captain 300 + Filo asso 0,40mm 1000mt omaggio (Scelta nel menu a tendina)";;"Mulinelli Per Tonno e Da Traina Rotanti";0.000000;43.8;20;0
1388;https://www.mgfishing.eu/2087/trabucco-canna-zaratan-live-acid.jpg;"Trabucco Canna Zaratan Live acid";;"Canne Da Traina";0.000000;165;4;0
1384;https://www.mgfishing.eu/2084/canna-trabucco-rapture-pro-area-xlake-05-5gr-xls642-ul.jpg;"Canna Trabucco Rapture Pro Area Xlake 0,5-5gr Xls642-Ul";;"Canne Da Trota";43.360656;52.9;5;0
1383;https://www.mgfishing.eu/2080/kit-trout-area-canna-trabucco-rapture-pro-area-xlake-05-5gr-mulinello-a-scelta.jpg;"Kit Trout Area Canna Trabucco Rapture pro area xlake 0,5-5gr + Mulinello a scelta";;"Kit Trota";0.000000;64.9;28;0
1380;https://www.mgfishing.eu/2077/ricambi-ed-accessori-per-cassone-da-pesca-surfcasting.jpg;"Ricambi ed Accessori per Cassone da pesca Surfcasting";;"Accessori per panchetti e sedie";0.000000;4.9;18;0
1379;https://www.mgfishing.eu/2068/canna-astore-x-t-boat-strong-telescopica-250gr-4mt-con-blocco-a-320mt-5-sezioni-2-vette.jpg;"Canna Astore X T-Boat strong Telescopica 250gr 4mt con blocco a 3,20mt 5 sezioni + 2 Vette";162-21-700;"Canne Da Bolentino";135.163934;164.9;1;0
1378;https://www.mgfishing.eu/5142/trabucco-canna-seatalisman-dynamic-surf-4206-420mt-200gr-.jpg;"Trabucco Seatalisman Dynamic Surf - Canna Telescopica Surfcasting";;"Canne Da Pesca";0.000000;59.9;5;0
1377;https://www.mgfishing.eu/2060/trabucco-oracle-revolution-surf-4506-450mt-200gr.jpg;"Trabucco Oracle Revolution Surf";;"Canne Surfcasting";0.000000;86.9;4;0
1376;https://www.mgfishing.eu/2056/trabucco-zaratan-live-acid-4-12-lb.jpg;"Trabucco Zaratan live acid 4-12 lb";;"Canne Da Traina";135.245902;165;3;0
1375;https://www.mgfishing.eu/2053/cassone-seat-box-mitchell-con-2-vaschette-cuscino-e-tracolla.jpg;"Cassone Seat Box MITCHELL con 2 vaschette, Cuscino e Tracolla";;Sedie;57.295082;69.9;0;1
1374;https://www.mgfishing.eu/2052/trabucco-pastura-xp3000-vari-tipi-disponibili-nel-menu-a-tendina.jpg;"Trabucco Pastura XP3000 3 KG";;Pasture;0.000000;8.9;19;0
1372;https://www.mgfishing.eu/2045/trabucco-pastura-gnt-match-expert-diversi-tipi-disponibili-nel-menu-a-tendina.jpg;"TRABUCCO Pastura GNT match expert";;Pasture;0.000000;4.9;71;0
1370;https://www.mgfishing.eu/2044/trabucco-pastura-gnt-match-expert-carpa-gold-1-kg.jpg;"Trabucco Pastura GNT match expert CARPA GOLD 1 Kg";;Pasture;4.016393;4.9;14;0
1369;https://www.mgfishing.eu/2040/l.jpg;"Canna Bolognese Lineaeffe Artistic Superior Bolo";;"Canne Bolognese";0.000000;64;9;0
1367;https://www.mgfishing.eu/2036/girelle-da-pesca-mgfishing.jpg;"Girelle da Pesca MGFISHING";;Girelle;2.377049;2.9;24;0
1366;https://www.mgfishing.eu/2033/mg-fishing-ami-da-pesca-.jpg;"MG FISHING ami da pesca";;"Ami Da Bolognese";2.377049;2.9;17;0
1365;https://www.mgfishing.eu/2029/contametri-da-pesca-globe-fishing.jpg;"Contametri da pesca Globe Fishing";;"Accessori Da Pesca";11.200000;11.2;4;0
1364;https://www.mgfishing.eu/2023/starlight-elettronico-a-led-da-45mm-a-batteria-con-caricatore-usb.jpg;"Starlight Elettronico a Led da 4,5mm a Batteria ricaricabili con caricatore USB";;"Avvisatori Abboccata e Starlight";0.000000;4.9;21;0
1362;https://www.mgfishing.eu/2017/oxg-klodia-430mt-80-160gr.jpg;"OXG Klodia 4,30mt 80-160gr";;"Canne Surfcasting";77.786885;94.9;2;0
1361;https://www.mgfishing.eu/2015/-mulinello-oxg-cube-power-hx9000-con-bobina-di-ricambio-.jpg;"Mulinello OXG cube power HX9000 con bobina di ricambio";;"Mulinelli Surf Casting e CarpFishing";45.000000;54.9;2;0
1360;https://www.mgfishing.eu/2004/trabucco-kit-pesca-surfcasting-canna-trabucco-andromeda-420mt-200gr-mulinello-a-scelta-.jpg;"TRABUCCO kit pesca surfcasting Canna TRABUCCO Andromeda 4,20mt 200gr + Mulinello a scelta";;"Kit Surfcasting";0.000000;69.9;10;0
1359;https://www.mgfishing.eu/2003/mulinello-yuki-tyan-8000-sw.jpg;"Yuki Tyan 8000 SW - Mulinello Surfcasting";XC-TY80;"Mulinelli Da Pesca";90.081967;109.9;1;0
1358;https://www.mgfishing.eu/2002/akami-fodero-porta-canna-akrbt04-misura-cm-19x16x162-.jpg;"Fodero Portacanne Akami con Tripode 175 cm";AKRBT04;"Borse, zaini e foderi";81.885246;99.9;3;0
1357;https://www.mgfishing.eu/2000/-guadino-completo-da-barca-.jpg;"Guadino completo da barca";;Guadini;0.000000;29.9;2;0
1354;https://www.mgfishing.eu/1999/kit-combo-surfcasting-2-colmic-altura-3kw-420mt-100-200gr-2-mulinelli-trabucco-dayton-6500-gia-imbobbinati.jpg;"Kit Combo surfcasting 2 COLMIC ELECTRA 3KW 4,20mt 100-200gr + 2 Mulinelli TRABUCCO DAYTON 6500 già imbobinati";;"Kit Surfcasting";126.967213;154.9;0;1
1353;https://www.mgfishing.eu/1998/italcanna-aspide-mp150.jpg;"Italcanna Aspide Mp150";;"Canne Surfcasting";736.885246;899;0;1
1352;https://www.mgfishing.eu/1997/asso-invisibible-pink-30mt.jpg;"Asso Invisible Pink 30mt Fluorocarbon";;Fluorocarbon;0.000000;19.9;15;0
1351;https://www.mgfishing.eu/1996/trabucco-kronos-power-cast-4203-250gr.jpg;"Trabucco Kronos Power Cast 4203 250gr";;"Canne Da Carpfishing";64.754098;79;4;0
1350;https://www.mgfishing.eu/1995/trabucco-firebird-k-surf-4203-250gr.jpg;"Trabucco Firebird K-Surf 4203 250gr";;"Canne Surfcasting";106.475410;129.9;1;0
1347;https://www.mgfishing.eu/1993/trabucco-oracle-progress-beach-4503-100gr.jpg;"Trabucco Oracle Progress Beach 4503 100gr";;"Canne Surfcasting";90.081967;109.9;4;0
1346;https://www.mgfishing.eu/1992/canna-da-pesca-bolentino-seppie-calamari-totani-barca-eging-180mt-100gr.jpg;"Canna da Pesca Bolentino Seppie Calamari Totani Barca - Eging 1.80Mt 100Gr";B0CLVRKWGG;"Canne Da Eging";29.900000;29.9;10;0
1345;https://www.mgfishing.eu/1965/ledlenser-ml6-led-lanterna-ricaricabile-con-batteria-al-litio-18650-750-lumen-anabbagliate-brevettato-fino-a-240-ore-di-au.jpg;"Ledlenser ML6 LED Lanterna, ricaricabile con batteria al litio 18650, 750 lumen, anabbagliate (brevettato), fino a 240 ore di au";B07FD2VPJ3;Lampade;64.840000;64.84;6;0
1344;https://www.mgfishing.eu/1964/filo-asso-casting-3-bobine-da-1000mt-nelle-misure-1-bobina-030-1-bobina-035-ed-1-bobina-040.jpg;"Filo Asso Casting 3 Bobine da 1000mt nelle misure 1 bobina 0,30 1 bobina 0,35 ed 1 bobina 0,40";B0CST11P9P;"Nylon Per Mulinello";29.900000;29.9;9;0
1343;https://www.mgfishing.eu/1962/mulinello-yuki-kiso-reel-8000.jpg;"Mulinello Yuki Kiso 8000";B0917T9HRZ;"Mulinelli Surf Casting e CarpFishing";69.900000;69.9;0;1
1342;https://www.mgfishing.eu/1961/trabucco-xps-taper-line-sc-multicolor-surfcasting-023-057-250-mt.jpg;"TRABUCCO XPS TAPER LINE SC MULTICOLOR SURFCASTING 0,23-0,57 250 MT";B08ZKR3SJW;"Conici Shock Leader";24.900000;24.9;5;0
1341;https://www.mgfishing.eu/1960/trabucco-xps-taper-line-sc-multicolor-surfcasting-023-057-250-mt.jpg;"TRABUCCO XPS TAPER LINE SC MULTICOLOR SURFCASTING 0,23-0,57 250 MT";B08ZKR3SJW;"Conici Shock Leader";24.900000;24.9;0;1
1340;https://www.mgfishing.eu/1959/combo-kit-surfcasting-canna-hyperion-420mt-200gr-mulinello-shizuka-sk7-7000-gia-imbobbinato.jpg;"Combo Kit Surfcasting Canna Hyperion 4,20mt 200gr + Mulinello Shizuka sk7 7000 gia imbobbinato";;"Kit Surfcasting";57.295082;69.9;10;0
1339;https://www.mgfishing.eu/1958/canna-globe-fishing-hyperion-420m-200g.jpg;"Canna Globe Fishing Hyperion 4.20m 200g";;"Canne Surfcasting";36.803279;44.9;0;1
1338;https://www.mgfishing.eu/1957/canna-aqs-ponente-surf-420mt-160gr.jpg;"Canna Aqs Ponente Surf 4,20mt 160gr";;"Canne Surfcasting";45.000000;54.9;4;0
1337;https://www.mgfishing.eu/1954/trabucco-gnt-net-head-speed-rubba-.jpg;"Trabucco Gnt Net Head Speed Rubba";;Guadini;16.311475;19.9;5;0
1335;https://www.mgfishing.eu/1952/2-lenze-da-traina-professionali.jpg;"2 Lenze da Traina Professionali";;"Accessori Da Pesca";20.409836;24.9;30;0
1333;https://www.mgfishing.eu/1950/berretto-lana-italcanna.jpg;"BERRETTO LANA ITALCANNA";;"Cappelli da pesca";15.491803;18.9;6;0
1332;https://www.mgfishing.eu/1948/artificiali-lurenzo-espetit-heavy-by-fishus.jpg;"Artificiali Lurenzo Espetit Heavy by Fishus";;"Esche Artificiali Minnow";13.032787;15.9;2;0
1331;https://www.mgfishing.eu/1946/kit-combo-trota-lago-lineaeffe-canna-mulinello-fodero-minuteria-cappello.jpg;"Kit Combo Trota Lago Lineaeffe Canna Platinum 10-25gr + Mulinello vigor jade +Fodero + Minuteria + cappello";;"Kit Trota";73.762295;89.99;0;1
1330;https://www.mgfishing.eu/1942/yuki-a6-dsc-plus-sensitive-450mt-100-250gr.jpg;"Yuki A6 DSC Sensitive 4,50 Mt 100-250gr - Canna Surfcasting";"YUKI A6 DSC 4,50MT CSSDS645";"Canne Surfcasting";131.065574;159.9;1;0
1329;https://www.mgfishing.eu/1939/yuki-aron-surf-420mt-100-250gr.jpg;"Yuki Aron Surf 4,20mt 100-250gr";;"Canne Surfcasting";57.295082;69.9;0;1
1328;https://www.mgfishing.eu/1935/yuki-saikou-a5-dsc-420mt-100-250gr.jpg;"Yuki Saikou A5 DSC 4,20mt 100-250gr";CSSDA542;"Canne Da Pesca";167.950820;204.9;0;1
1327;https://www.mgfishing.eu/1934/filo-yuki-taper-line-cast-220mt.jpg;"Filo Yuki Taper Line cast 220mt";;"Conici Shock Leader";0.000000;16.9;12;0
1325;https://www.mgfishing.eu/1930/tuta-termica-yuki-watersuit-.jpg;"Tuta Termica Yuki Watersuit";;"Tute Termiche";94.180328;114.9;2;0
1324;https://www.mgfishing.eu/1927/stivale-eva-yuki.jpg;"STIVALI EVA YUKI";;"Stivali e Scafandri da pesca";0.000000;39.9;1;0
1323;https://www.mgfishing.eu/1926/picchetto-yuki-alluminio-175cm-giallo.jpg;"Picchetto Yuki alluminio 175cm Giallo";;"Canne Da Pesca";16.311475;19.9;1;0
1321;https://www.mgfishing.eu/7166/carrello-yuki-in-alluminio-con-ruote-grandi.jpg;"Carrello Yuki in alluminio con ruote grandi - Carrello Porta Attrezzatura";;"Carrelli Da Pesca";146.639344;178.9;3;0
1320;https://www.mgfishing.eu/4176/fodero-portacanne-yuki-stiff-tripod-.jpg;"Fodero portacanne YUKI stiff tripod";"FODERO YUKI CON TRIPODE";"Foderi Portacanne";98.278689;119.9;2;0
1319;https://www.mgfishing.eu/1923/manico-guadino-carbon-lineaeffe-telenet-5mt-.jpg;"Manico Guadino carbon Lineaeffe Telenet 5mt e 6mt";;Guadini;0.000000;44.9;2;0
1317;https://www.mgfishing.eu/3909/asso-tapered-line-multicolor-220-mt.jpg;"Asso Tapered 220mt Multicolor Filo Conico";;"Monofili e Trecciati";0.000000;13.9;26;0
1316;https://www.mgfishing.eu/1920/canna-nomura-rhyme-casting-slow-pitch.jpg;"Canna Nomura Rhyme Casting Slow Pitch";;"Canne Da Traina";159.000000;159;1;0
1315;https://www.mgfishing.eu/1919/canna-nomura-maze-.jpg;"Canna Nomura Maze Casting Slow Pitch";;"Canne Da Traina";169.000000;169;1;0
1314;https://www.mgfishing.eu/1917/pasturatore-stonfo-da-barca-a-sgancio.jpg;"Pasturatore Stonfo Da Barca a Sgancio";;Home;39.900000;39.9;1;0
1313;https://www.mgfishing.eu/5502/ami-jaguar-tanago.jpg;"Ami Jaguar Tanago";;"Ami Traina Con Vivo";0.000000;2.9;84;0
1312;https://www.mgfishing.eu/1914/ami-jaguar-live-surf.jpg;"Ami Jaguar Live Surf";;"Ami Da Surfcasting";0.000000;2.9;28;0
1311;https://www.mgfishing.eu/1911/ami-bkk-inline-heavy-circle-ss.jpg;"Ami Bkk Inline Heavy Circle- SS";;"Ami Big Game";0.000000;6;8;0
1310;https://www.mgfishing.eu/1908/ami-bkk-heavy-circle-ss.jpg;"Ami Bkk Heavy Circle-SS";;"Ami Big Game";0.000000;5.9;1;0
1309;https://www.mgfishing.eu/1906/ami-vmc-red-dentex-back-.jpg;"Ami Vmc Red Dentex Back +";;"Ami Traina Con Vivo";0.000000;7.9;6;0
1308;https://www.mgfishing.eu/1904/ami-vmc-red-dentex-front-.jpg;"Ami Vmc Red Dentex Front +";;"Ami Traina Con Vivo";0.000000;7.9;6;0
1307;https://www.mgfishing.eu/1902/ami-hayabusa-eb29171-.jpg;"Ami Hayabusa EB29171";;"Ami Girelle e Moschettoni";0.000000;5.5;1;0
1305;https://www.mgfishing.eu/1899/ami-bkk-octopus-.jpg;"Ami Bkk Octopus beak 5/0 e 6/0";;"Ami Girelle e Moschettoni";0.000000;5;10;0
1304;https://www.mgfishing.eu/1898/owner-super-mutu-5127-151-50.jpg;"Owner Super Mutu 5127-151 5/0";;"Ami Big Game";11.900000;11.9;4;0
1303;https://www.mgfishing.eu/1897/owner-mutu-circle-hook-50-5163-151.jpg;"Owner Mutu Circle hook 5/0 5163-151";;"Ami Big Game";11.900000;11.9;3;0
1302;https://www.mgfishing.eu/1895/owner-mutu-circle-hook-5163-161.jpg;"Owner Mutu Circle Hook 5163-161";;"Ami Big Game";6.900000;6.9;4;0
1301;https://www.mgfishing.eu/1894/ami-owner-tournament-mutu-circle-5174-151-50.jpg;"Ami Owner Tournament Mutu Circle 5174-151 5/0";;"Ami Big Game";11.900000;11.9;4;0
1300;https://www.mgfishing.eu/1892/-ami-sasame-heavy-circle-st-f-414-girellati.jpg;"AMI Sasame Heavy Circle St F-414 Girellati";;"Ami Big Game";12.500000;12.5;2;0
1299;https://www.mgfishing.eu/1891/guanti-da-pesca-mustad-.jpg;"Guanti da Pesca Mustad";;"Guanti da pesca";31.900000;31.9;1;0
1298;https://www.mgfishing.eu/1889/guanti-da-pesca-rapala.jpg;"Guanti Da Pesca Rapala";;"Guanti da pesca";0.000000;31.9;0;1
1297;https://www.mgfishing.eu/1888/guanto-da-pesca-rapala.jpg;"GUANTO DA PESCA RAPALA";;Home;0.000000;0;0;1
1296;https://www.mgfishing.eu/1885/ami-bkk-red-octopus-beak-b-25.jpg;"AMI BKK RED OCTOPUS BEAK B-25";;"Ami Traina Con Vivo";0.000000;5;16;0
1295;https://www.mgfishing.eu/1883/ami-bkk-monster-circle.jpg;"Ami Bkk Monster Circle";;"Ami Big Game";0.000000;11.9;16;0
1294;https://www.mgfishing.eu/1881/ami-mustad-circle-39960d.jpg;"AMI MUSTAD CIRCLE 39960D";;"Ami Big Game";0.000000;7;16;0
1293;https://www.mgfishing.eu/1877/amo-mustad-demon-circle-39950np-bn.jpg;"AMO MUSTAD DEMON CIRCLE 39950NP-BN";;"Ami Big Game";0.000000;4.5;19;0
1292;https://www.mgfishing.eu/1875/bobine-rely-type-20-con-galletto-frizione-incluso.jpg;"Bobine Rely Type 2.0 Con galletto frizione incluso";;"Mulinelli Da Pesca";28.900000;28.9;13;0
1291;https://www.mgfishing.eu/1867/italcanna-revolver-150gr-.jpg;"Italcanna Revolver 150gr";;"Canne Surfcasting";475.327869;579.9;1;0
1290;https://www.mgfishing.eu/1864/trabucco-canna-bolognese-hydrus-bls-twin-force.jpg;"Trabucco Canna Bolognese Hydrus BLS twin force";;"Canne Bolognese";0.000000;54.9;0;1
1289;https://www.mgfishing.eu/1862/lineaeffe-standard-master-bolo.jpg;"Lineaeffe Standard Master Bolo";;"Canne Bolognese";0.000000;39.9;9;0
1287;https://www.mgfishing.eu/1860/kit-surfcasting-2-canne-shimano-sonora-200gr-2-mulinelli-trabucco-sonic-8000-con-filo-gia-caricato.jpg;"Kit surfcasting 2 canne Shimano Sonora 200gr + 2 Mulinelli Trabucco Sonic 8000 con filo gia caricato";;"Kit Surfcasting";159.000000;159;15;0
1286;https://www.mgfishing.eu/3734/canna-surfcasting-shimano-sonora-150gr-e-200gr-420mt.jpg;"Canna Surfcasting Shimano Sonora 4,20mt";;"Canne Da Pesca";40.901639;49.9;0;1
1285;https://www.mgfishing.eu/1858/tataki-jatsui-rush-rubber.jpg;"TATAKI JATSUI RUSH RUBBER";;"Esche Artificiali da Pesca";5.655738;6.9;25;0
1284;https://www.mgfishing.eu/1851/trabucco-pulse-spinmaster-5-20gr-210cm8-25gr-230cm.jpg;"Trabucco Pulse Spinmaster 5-20gr 210cm/8-25gr 230cm";;"Canne Surfcasting";36.803279;44.9;1;0
1282;https://www.mgfishing.eu/7782/trabucco-kit-surfcasting-canna-trabucco-avalon-150-gr-mulinello-trabucco-avalon-6500-.jpg;"Trabucco Kit surfcasting Canna Trabucco Avalon 150 gr + Mulinello trabucco Avalon 6500";;"Kit Da Pesca";49.098361;59.9;9;0
1280;https://www.mgfishing.eu/1848/trabucco-kit-surfcasting-2-canne-trabucco-avalon-150gr-2-mulinelli-trabucco-avalon-6500-con-filo-gia-caricato.jpg;"Kit Surfcasting Canna Trabucco Avalon 4 MT + Mulinello Avalon 6500";;"Kit Da Pesca";106.475410;129.9;8;0
1279;https://www.mgfishing.eu/1846/shimano-canna-beastmaster-cx-standup-spiral-165m-5-5-50lb.jpg;"Shimano Canna Beastmaster CX Standup Spiral 1,65m 5'5"" 50lb";;"Canne Big Game Drifting";105.737705;129;1;0
1278;https://www.mgfishing.eu/1845/filo-daiwa-brave-finesse.jpg;"Filo Daiwa Brave Finesse";;Fluorocarbon;0.000000;14.9;14;0
1276;https://www.mgfishing.eu/1844/-seaguar-fluorocarbon-fxr-100-mt.jpg;"SEAGUAR FLUOROCARBON FXR 50 MT";;Fluorocarbon;0.000000;49;5;0
1275;https://www.mgfishing.eu/1843/filo-fluorocarbon-sunline-siglon-fc-sv-1-50mt-pink.jpg;"Filo Fluorocarbon Sunline Siglon FC SV-1 50mt Pink";;Fluorocarbon;0.000000;29.5;10;0
1273;https://www.mgfishing.eu/1841/filo-trabucco-super-elite-t1-50mt.jpg;"Trabucco Super Elite T1";;"Nylon Per Mulinello";0.000000;7.9;20;0
1272;https://www.mgfishing.eu/1840/filo-fluorocarbon-take-akashi-50mt.jpg;"Filo Fluorocarbon Take akashi 50mt";;Fluorocarbon;0.000000;6.9;217;0
1271;https://www.mgfishing.eu/1839/filo-track-line-promatch-made-in-japan-per-terminali-mare-fiume-lago.jpg;"Filo Track Line promatch made in japan per terminali mare fiume lago";;"Conici Shock Leader";0.000000;6.9;23;0
1270;https://www.mgfishing.eu/1838/filo-track-line-promatch-.jpg;"Filo Track Line Promatch";;"Conici Shock Leader";0.000000;10.86;35;0
1269;https://www.mgfishing.eu/1837/trecciato-shimano-kairiki-300-mt-multicolor.jpg;"Trecciato Shimano kairiki 300 mt multicolor";;Trecciato;0.000000;24.9;0;1
1266;https://www.mgfishing.eu/1834/filo-trabucco-xps-ultra-fc-403-fluorocarbon-50mt.jpg;"FILO TRABUCCO XPS ULTRA FC 403 fluorocarbon 50mt";;"Monofili e Trecciati";0.000000;10;27;0
1264;https://www.mgfishing.eu/1828/kit-aeroplanino-tricolore.jpg;"Kit aeroplanino Tricolore";;"Esche Artificiali da Pesca";31.885246;38.9;5;0
1262;https://www.mgfishing.eu/1823/italcanna-hexagon-r3-150gr-e-200gr.jpg;"Italcanna Hexagon R3 150gr e 200gr";;"Canne Surfcasting";0.000000;379;0;1
1260;https://www.mgfishing.eu/1820/mulinello-tica-forcejig-fj5hl-leva-sinistra.jpg;"Mulinello Tica Forcejig FJ5HL leva sinistra";;"Mulinelli Per Tonno e Da Traina Rotanti";89.262295;108.9;0;1
1259;https://www.mgfishing.eu/1817/kit-spinning-canna-shimano-vengeance-sea-bass-10-50gr-mulinello-shimano-fx-3000-1-space-minnow-1-shimano-silent-assassin.jpg;"Kit spinning Canna shimano vengeance sea bass 10-50gr + Mulinello Shimano fx 3000 + 1 space minnow + 1 Shimano silent assassin!";;"Kit Spinning";139.900000;139.9;2;0
1258;https://www.mgfishing.eu/1814/startek-kit-eging-canna-eging-capture-2m-mulinello-shizuka-3000-3-totanare-omaggio.jpg;"Starter Kit Eging canna Eging Capture 2m + Mulinello shizuka 3000 + 3 totanare omaggio!";;"Kit Spinning";40.901639;49.9;4;0
1257;https://www.mgfishing.eu/1813/piombi-da-pesca.jpg;"Piombi da pesca";;"Piombi da pesca";0.000000;1.9;8960;0
1256;https://www.mgfishing.eu/1812/-portacanna-oceanwolf-per-gommone.jpg;"PORTACANNA OCEANWOLF – PER GOMMONE";;"Accessori Da Pesca";176.229508;215;1;0
1255;https://www.mgfishing.eu/1810/cintura-da-combattimento-black-magic.jpg;"Cintura da combattimento Black Magic";;"Cinture Combattimento";278.606557;339.9;0;1
1254;https://www.mgfishing.eu/1809/-alutecnos-pancera-portacanna.jpg;"ALUTECNOS PANCERA PORTACANNA";;Home;131.147539;160;0;1
1253;https://www.mgfishing.eu/1808/-cintura-renale-da-combattimento-alutecnos.jpg;"CINTURA RENALE DA COMBATTIMENTO ALUTECNOS";;Home;90.081967;109.9;0;1
1252;https://www.mgfishing.eu/1807/filo-asso-casting-1000-mt.jpg;"Filo Asso Casting 1000 mt";;"Nylon Per Mulinello";0.000000;7.9;0;1
1251;https://www.mgfishing.eu/1806/filo-asso-casting-1000-mt.jpg;"Filo Asso Casting 1000 mt";;"Nylon Per Mulinello";0.000000;0;0;1
1250;https://www.mgfishing.eu/1803/shimano-fliegen-ci4-35-sd.jpg;"Shimano Fliegen Ci4+ 35 SD";;"Mulinelli Surf Casting e CarpFishing";335.245902;409;0;1
1249;https://www.mgfishing.eu/1802/kit-spallaccio-per-cassone-surf.jpg;"Kit Spallaccio per Cassone Surf";;"Accessori per panchetti e sedie";61.393443;74.9;1;0
1248;https://www.mgfishing.eu/1801/bulox-reel-cover-neoprene-per-mulinelli-rotanti.jpg;"Bulox Reel Cover Neoprene Per Mulinelli Rotanti";;Home;0.000000;6.9;16;0
1246;https://www.mgfishing.eu/1796/tica-seamentor-5000m.jpg;"Tica Seamentor 5000M";;"Mulinelli Surf Casting e CarpFishing";57.295082;69.9;5;0
1245;https://www.mgfishing.eu/1795/tica-oxean-ii-5l-manovella-sinistra.jpg;"Tica Oxean II 5L Manovella Sinistra";;"Mulinelli Per Tonno e Da Traina Rotanti";106.475410;129.9;0;1
1244;https://www.mgfishing.eu/1794/falcon-blue-fighter-boat-series-ma-330-mt-.jpg;"Falcon Blue Fighter Boat Series MA 3,30 mt";;"Canne Da Pesca";109.016393;133;1;0
1243;https://www.mgfishing.eu/1793/falcon-blue-fighter-boat-310m-2kg.jpg;"Falcon Blue Fighter Boat 3.10m 2Kg";;"Canne Da Bolentino";103.278689;126;1;0
1242;https://www.mgfishing.eu/1792/hercules-boat-strong-2kg-270mt.jpg;"HERCULES BOAT STRONG 2kg 2,70mt";;"Canne Da Traina";138.524590;169;1;0
1241;https://www.mgfishing.eu/1791/trabucco-polo-gnt-dry-tek.jpg;"Trabucco POLO GNT DRY-TEK";;"T-shirt da pesca";0.000000;17.9;9;0
1240;https://www.mgfishing.eu/1790/kit-surfcasting-trabucco-avalon-150-gr-trabucco-dayton-6500.jpg;"Kit Surfcasting Trabucco Avalon 150 gr + Trabucco Dayton 6500";;"Kit Surfcasting";53.196721;64.9;5;0
1239;https://www.mgfishing.eu/1779/kalamy-squid-175.jpg;"KALAMY SQUID 175";;"Esche Artificiali da Pesca";0.000000;22.9;17;0
1237;https://www.mgfishing.eu/1769/shimano-bull-s-eye-9120.jpg;"Shimano Bull's Eye 9120";;"Mulinelli Surf Casting e CarpFishing";245.819672;299.9;0;1
1236;https://www.mgfishing.eu/1768/lineaeffe-squiddy-xl-180mt-150gr.jpg;"Lineaeffe Squiddy XL 1,80mt 150gr";;"Canne Da Spinning";28.606557;34.9;10;0
1235;https://www.mgfishing.eu/1767/lineaeffe-squiddy-100gr-180mt-100gr.jpg;"Lineaeffe Squiddy 100gr 1,80mt 100gr";;"Canne Da Spinning";24.508197;29.9;2;0
1234;https://www.mgfishing.eu/1763/led-lenser-mh3.jpg;"LED LENSER MH3";;Lampade;26.967213;32.9;3;0
1233;https://www.mgfishing.eu/1757/totanare-di-profondita-in-ottone-e-teflon-3-corone-e-2-corone.jpg;"Totanare di Profondità in Ottone e Teflon 3 Corone e 2 Corone";;Home;0.000000;65;12;0
1230;https://www.mgfishing.eu/1754/oxg-lagherta.jpg;"OXG Lagherta 4,50mt 200gr";;"Canne Surfcasting";114.672131;139.9;2;0
1229;https://www.mgfishing.eu/1752/falcon-hollow-core-pe8-300mt.jpg;"Falcon Hollow Core pe8 300mt";;Trecciato;113.934426;139;1;0
1228;https://www.mgfishing.eu/1747/ragot-ossigenatore-pesca-vivo-ricaricabile-portatile-.jpg;"Ragot Ossigenatore Pesca Vivo Ricaricabile Portatile";;Ossigenatori;24.508197;29.9;2;0
1227;https://www.mgfishing.eu/1876/bobine-akami-rely-nylon-shallow-cast-type-15.jpg;"Bobine Akami Rely Nylon Shallow Cast Type 1,5";;"Mulinelli Da Pesca";12.900000;12.9;2;0
1216;https://www.mgfishing.eu/1733/bobine-rely.jpg;"Bobine Akami Rely Alluminio Shallow Cast Type 1,5";;"Mulinelli Da Pesca";22.868852;27.9;22;0
1209;https://www.mgfishing.eu/1789/rapala-squid.jpg;"Rapala squid";;"Esche Artificiali Traina";6.967213;8.5;19;0
1206;https://www.mgfishing.eu//tremarella-trabucco-hydrus-.jpg;"TRABUCCO TREMARELLA HYDRUS 2-8/3-10/4-12/6-15/10-20/15-30 GR";;"Kit Da Pesca";44.900000;44.9;29;0
1205;https://www.mgfishing.eu/2828/lineaeffe-carrello-con-ruote-pieghevole.jpg;"Carrello Da pesca Lineaeffe con ruote pieghevoli";6538005;"Carrelli Da Pesca";45.000000;54.9;7;0
1204;https://www.mgfishing.eu/1724/trappola-granchi-blu-set-da-3-trappole.jpg;"Trappola granchi Blu set da 3 trappole";;"Nasse e Reti";12.213115;14.9;9;0
1203;https://www.mgfishing.eu/1723/trappola-granchi-blu-set-da-2-trappole.jpg;"Trappola Granchi Blu set da 2 Trappole";;"Nasse e Reti";9.754098;11.9;14;0
1202;https://www.mgfishing.eu/1722/shimano-ultegra-xsc-ci4.jpg;"Shimano Ultegra Xsc ci4+ 14000";;"Mulinelli Surf Casting e CarpFishing";208.934426;254.9;0;1
1201;https://www.mgfishing.eu/1721/trabucco-mulinello-sonic-8000.jpg;"Trabucco Mulinello Sonic 8000";;"Mulinelli Surf Casting e CarpFishing";21.229508;25.9;8;0
1200;https://www.mgfishing.eu/2430/colmic-kit-surfcasting-canna-colmic-electra-3kw-100-200gr-mulinello-trabucco-sonic-8000-con-filo-gia-caricato.jpg;"Colmic Kit Surfcasting Canna Colmic electra 3lr 100-200gr + Mulinello Trabucco Sonic 8000 con filo gia caricato";;"Kit Surfcasting";73.688525;89.9;0;1
1199;https://www.mgfishing.eu/2555/colmic-electra-3kw-100-200gr.jpg;"Colmic Electra 3lr 100-200gr";;"Canne Da Pesca";79.900000;79.9;0;1
1198;https://www.mgfishing.eu/1717/zaino-abu-garcia-impermeabile-.jpg;"Zaino Abu Garcia impermeabile";;"Borse, zaini e foderi";113.934426;139;0;1
1197;https://www.mgfishing.eu/1716/canna-aqs-nipawin-kx-180g.jpg;"Aqs Nipawin Kx 4,20mt 180gr";;"Canne Surfcasting";81.885246;99.9;0;1
1196;https://www.mgfishing.eu/3082/paracadute-da-pesca-30-cordini.jpg;"Paracadute Da Pesca 30 Cordini";;Home;179.508197;219;2;0
1195;https://www.mgfishing.eu/3083/paracadute-da-pesca-24-cordini.jpg;"Paracadute Da Pesca 24 cordini";;Home;163.114754;199;0;1
1193;https://www.mgfishing.eu/1710/mulinello-shimano-plays-4000.jpg;"Mulinello Shimano Plays 4000";;"Mulinelli Elettrici";532.786885;650;1;0
1192;https://www.mgfishing.eu/1708/aqs-freelander-kx-450mt-200gr.jpg;"AQS Freelander KX 4,50mt 200gr";;"Canne Da Pesca";67.950820;82.9;0;1
1191;https://www.mgfishing.eu/1706/aqs-freelander-kx-.jpg;"Aqs Freelander KX 4,20mt 200gr";;"Canne Da Pesca";79.900000;79.9;0;1
1189;https://www.mgfishing.eu/1705/mulinello-shimano-fx3000.jpg;"Mulinello Shimano FX";;"Mulinelli Bolognese e Spinning";18.770492;22.9;9;0
1188;https://www.mgfishing.eu/1704/-colmic-trout-hero-az-7-20-40gr-spedizione-gratuita.jpg;"COLMIC TROUT HERO AZ. 7 20-40gr spedizione gratuita!";;"Canne Da Trota";61.393443;74.9;0;1
1187;https://www.mgfishing.eu/1703/-colmic-trout-hero-az-6-15-30gr-spedizione-gratuita.jpg;"COLMIC TROUT HERO AZ. 6 15-30gr spedizione gratuita!";;"Canne Da Trota";61.393443;74.9;1;0
1186;https://www.mgfishing.eu/1702/-colmic-trout-hero-az-5-10-20-gr.jpg;"COLMIC TROUT HERO AZ. 5 10-20 gr spedizione gratuita!";;"Canne Da Trota";57.295082;69.9;1;0
1185;https://www.mgfishing.eu/1701/-colmic-trout-hero-az-4-.jpg;"COLMIC TROUT HERO AZ. 4 8-15GR spedizione gratuita!";;"Canne Da Trota";57.295082;69.9;1;0
1184;https://www.mgfishing.eu/1700/-colmic-trout-hero-az-3-4-10gr-spedizione-gratuita.jpg;"COLMIC TROUT HERO AZ. 3  4-10gr spedizione gratuita!";;"Canne Da Trota";57.295082;69.9;1;0
1183;https://www.mgfishing.eu/1699/colmic-trout-hero-az1-2-5-gr-spedizione-gratuita.jpg;"COLMIC TROUT HERO AZ.1 2-5 GR spedizione gratuita!";;"Canne Da Trota";57.295082;69.9;1;0
1182;https://www.mgfishing.eu/1698/-colmic-trout-hero-az-1-2-5gr-spedizione-gratuita.jpg;"COLMIC TROUT HERO AZ. 2 3-8gr spedizione gratuita!";;"Canne Da Trota";57.295082;69.9;1;0
1181;https://www.mgfishing.eu/1695/kit-bolognese-lineaeffe-artistic-bolo-7-mt-mulinello-shimano-fx3000.jpg;"Kit Bolognese lineaeffe artistic bolo 7 mt + mulinello Shimano fx3000";;"Kit Bolognese";81.147541;99;3;0
1180;https://www.mgfishing.eu/1694/ombrellone-da-pesca-trabucco-gnt-x-pro.jpg;"Ombrellone da pesca Trabucco gnt x pro";;"Ombrelloni da pesca";81.147541;99;2;0
1179;https://www.mgfishing.eu/1692/ombrellone-da-pesca-trabucco-xtr-surf-shelter-230.jpg;"Ombrellone Trabucco XTR Surf Shelter 230";108-52-450;"Ombrelloni da pesca";61.393443;74.9;2;0
1176;https://www.mgfishing.eu/1688/kit-surfcasting-shizuka-sh1700-mulinello-trabucco-sonic-8000.jpg;"Kit surfcasting shizuka sh1700 + mulinello trabucco sonic 8000";;"Kit Surfcasting";57.295082;69.9;2;0
1175;https://www.mgfishing.eu/1687/shimano-beastmaster-fx-surf-tele-425-mt-200-gr.jpg;"Shimano Beastmaster FX Surf Tele 4,25 MT";;"Canne Da Pesca";0.000000;79.9;2;0
1173;https://www.mgfishing.eu/1684/kit-pesca-surfcasting-trabucco-andromeda-390-mt-200-gr-mulinello-trabucco-sonic-8000-surf-mg-fishing-.jpg;"Kit Pesca surfcasting Trabucco Andromeda 3,90 mt 200 gr + Mulinello trabucco Sonic 8000 Surf MG Fishing";;"Kit Surfcasting";65.491803;79.9;2;0
1172;https://www.mgfishing.eu/1681/trabucco-kit-pesca-surfcasting-canna-trabucco-andromeda-390-mt-mulinello-shizuka-sk-7000.jpg;"Trabucco kit pesca surfcasting canna trabucco andromeda 3,90 mt + mulinello shizuka sk 7000";;"Kit Surfcasting";61.393443;74.9;2;0
1171;https://www.mgfishing.eu/1680/trabucco-rapture-set-di-8-spoon-2-da-4gr-2-da-3gr-2-da-25gr-2-da-2gr-da-trota-lago-spinning-.jpg;"Trabucco Rapture Set di 8 Spoon 2 da 4gr, 2 da 3gr, 2 da 2,5gr, 2 da 2gr da Trota Lago Spinning";;Home;26.967213;32.9;1;0
1170;https://www.mgfishing.eu/1677/daiwa-ninja-200-gr-420-mt-tica-scepter-9000-gtb-doppia-bobina-filo-asso-035-omaggio.jpg;"Daiwa ninja 200 gr 4.20 mt + tica scepter 9000 gtb doppia bobina+ filo asso 0,35 omaggio";"Daiwa ninja 200gr + tica scepter + filo asso 0,35";"Kit Surfcasting";138.524590;169;0;1
1168;https://www.mgfishing.eu/4196/-bolognese-fishing-ferrari-poseidon-5-mt-.jpg;"Bolognese Fishing Ferrari Poseidon";;"Canne Bolognese";0.000000;69.9;5;0
1167;https://www.mgfishing.eu/1671/trabucco-kit-surfcasting-canna-vektor-4-m-150-gr-mulinello-dayton-sw-6500-mg-fishing.jpg;"Trabucco Kit Surfcasting Canna Vektor 4 m 150 Gr + Mulinello Dayton SW 6500 mg fishing";;"Kit Surfcasting";40.901639;49.9;7;0
1166;https://www.mgfishing.eu/1670/2-nasse-nassa-trappola-da-pesca-mare-mg-fishing.jpg;"2 NASSE Nassa Trappola da Pesca Mare MG Fishing";;"Nasse e Reti";17.950820;21.9;1;0
1164;https://www.mgfishing.eu/1669/4-nasse-trappola-da-pesca-mare-mg-fishing.jpg;"4 NASSE Trappola da Pesca Mare MG Fishing";;"Nasse e Reti";65.573769;80;2;0
1163;https://www.mgfishing.eu/1667/trabucco-kit-2-mulinello-sonic-8000-mg-fishing-.jpg;"Trabucco Kit 2 Mulinello sonic 8000 mg fishing";;"Mulinelli Surf Casting e CarpFishing";40.901639;49.9;5;0
1162;https://www.mgfishing.eu/1664/kit-combo-surfcasting-canna-shimano-alivio-420-mt-225-gr-mulinello-trabucco-sonic-8000.jpg;"Kit combo surfcasting canna shimano Alivio 4.20 mt 225 gr + Mulinello trabucco sonic 8000";;"Kit Surfcasting";81.147541;99;1;0
1160;https://www.mgfishing.eu/1660/kit-canna-maver-galaxy-telesurf-420-mt-190-gr-mulinello-trabucco-sonic-surf-8000-.jpg;"Kit Canna maver Galaxy telesurf 4.20 mt 190 gr + Mulinello trabucco Sonic Surf 8000";;"Kit Surfcasting";94.180328;114.9;0;1
1159;https://www.mgfishing.eu/1656/kit-artigianale-2-aeroplanini-e-1-octupus-gia-montati.jpg;"Kit Artigianale 2 aeroplanini e 1 octupus gia montati";;"Esche Artificiali Traina";19.900000;19.9;2;0
1158;https://www.mgfishing.eu/1652/fodero-riggido-a-2-scomparti-.jpg;"Fishing Ferrari Fodero Rigido Doppio Scomparto";6534816;"Borse, zaini e foderi";45.000000;54.9;0;1
1157;https://www.mgfishing.eu/1651/shimano-canna-beastmaster-cx-standup-spiral-3050.jpg;"shimano canna BeastMaster CX Standup Spiral 30/50";;"Canne Da Traina";89.900000;89.9;1;0
1156;https://www.mgfishing.eu/1645/shimano-plays-600.jpg;"SHIMANO PLAYS 600";;"Mulinelli Elettrici";499.000000;499;0;1
1155;https://www.mgfishing.eu/1641/shimano-speedmaster-25ldii-.jpg;"SHIMANO SPEEDMASTER 25LDII";;"Mulinelli Per Tonno e Da Traina Rotanti";289.000000;289;0;1
1154;https://www.mgfishing.eu/1654/shimano-ocea-jigger-f-custom-1501-hg.jpg;"Shimano Ocea Jigger F Custom 1501 HG";;"Mulinelli Per Tonno e Da Traina Rotanti";459.000000;459;1;0
1152;https://www.mgfishing.eu/1636/tica-dolphin-sgr-9000.jpg;"TICA DOLPHIN SGR 9000";;"Mulinelli Surf Casting e CarpFishing";88.000000;88;0;1
1151;https://www.mgfishing.eu/1634/tica-wily-wl9000.jpg;"TICA WILY WL9000";;"Mulinelli Surf Casting e CarpFishing";54.000000;54;3;0
1150;https://www.mgfishing.eu/1630/jlc-calamar-180-gr.jpg;"JLC CALAMAR 180 GR";;Siliconici;0.000000;19.5;8;0
1149;https://www.mgfishing.eu/1628/jlc-xoco-150-gr.jpg;"JLC XOCO 150 GR";;Home;19.500000;19.5;4;0
1147;https://www.mgfishing.eu/1624/jlc-xipi-180-gr.jpg;"JLC XIPI 180 GR";;Siliconici;19.500000;19.5;8;0
1146;https://www.mgfishing.eu/3890/tica-oxean-ii-new-model-ox5ox10ox5l-.jpg;"TICA Oxean II";;"Mulinelli Per Tonno e Da Traina Rotanti";0.000000;114.9;4;0
1144;https://www.mgfishing.eu/1619/tica-oxean-ox30-nuovo-modello.jpg;"Tica Oxean OX30 (nuovo modello)";;"Mulinelli Per Tonno e Da Traina Rotanti";190.000000;190;2;0
1143;https://www.mgfishing.eu/1615/mulinello-tica-giant-g14000.jpg;"TICA GIANT mulinello G 14000";;"Mulinelli Surf Casting e CarpFishing";129.900000;129.9;0;1
1142;https://www.mgfishing.eu/1612/mulinello-tica-titan-t14000.jpg;"MULINELLO TICA TITAN T14000";;"Mulinelli Surf Casting e CarpFishing";119.000000;119;0;1
1141;https://www.mgfishing.eu/1610/canna-bolentino-hercules-boat-3mt-50-200-gr.jpg;"CANNA BOLENTINO HERCULES BOAT 3MT 50-200 GR";;"Canne Da Bolentino";159.000000;159;1;0
1139;https://www.mgfishing.eu/1607/canna-italcanna-baltimora-2-612lbs-1220-e-2030lbs.jpg;"Italcanna Baltimora 2";;"Canne Da Traina";0.000000;245;4;0
1138;https://www.mgfishing.eu/1606/italcanna-black-slim-lb-612-lb-1220-traina.jpg;"Italcanna Black Slim ( Lb 6/12 Lb 12/20 ) - TRAINA";;"Canne Da Traina";0.000000;320;0;1
1137;https://www.mgfishing.eu/1603/tripode-alluminio-telescopico-surf-casting-con-vaschetta-.jpg;"Tripode Alluminio Telescopico Surf Casting CON VASCHETTA";;Home;65.000000;65;0;1
1136;https://www.mgfishing.eu/1602/shimano-ultegra-xse-3500-competition.jpg;"Shimano Ultegra XSE 3500 Competition";;"Mulinelli Surf Casting e CarpFishing";169.000000;169;1;0
1135;https://www.mgfishing.eu/1597/ocea-jigger-2001-hg.jpg;"Shimano Ocea Jigger 2001 HG";;"Mulinelli Per Tonno e Da Traina Rotanti";478.000000;478;0;1
1134;https://www.mgfishing.eu/1594/trabucco-kit-canna-hydrus-shimano-fx-3000-.jpg;"Kit Trota Lago Canna Trabucco Hydrus + Mulinello";;"Kit Trota";0.000000;54.9;74;0
1133;https://www.mgfishing.eu/1593/trabucco-kit-canna-oceanic-3pz-420-250grmulldayton-8000filo.jpg;"Trabucco Kit canna oceanic 3pz 420 250gr+mull.dayton 8000";;"Kit Surfcasting";79.990000;79.99;3;0
1132;https://www.mgfishing.eu/1592/trabucco-kit-canna-oceanic-3pz-420-250grmullsonic-8000filo.jpg;"Trabucco Kit canna oceanic 3pz 4.20 250gr+mull.Sonic 8000+filo";;"Kit Surfcasting";79.990000;79.99;1;0
1131;https://www.mgfishing.eu/1591/trabucco-kit-surfcasting-canna-oceanic-3-pezzi-420-m-250g-muloceanic-8000-filo.jpg;"Trabucco Kit Surfcasting - Canna Oceanic 3 pezzi 4,20 m 250g + Mul.oceanic 8000 +filo";;"Kit Surfcasting";65.491803;79.9;5;0
1130;https://www.mgfishing.eu/1587/kit-pesca-trota-lago-canna-lineaeffe-carbonfish-400m-5-25g-mulinello-shimano-fx-3000-minuteria-in-omaggio-.jpg;"Kit Shimano Pesca Trota Lago Canna Carbonfish 4.00m 5-25g + Mulinello Shimano FX 3000, Minuteria in OMAGGIO!";;"Kit Trota";64.900000;64.9;0;1
1129;https://www.mgfishing.eu/1581/kit-traina-canna-trabucco-mulinello-filo-asso-600mt.jpg;"Kit traina canna trabucco 20/30lb + mulinello + filo asso 600mt";;"Kit Traina";89.000000;89;0;1
1128;https://www.mgfishing.eu/1580/shimano-kairiki-8-capi-multicolor-300-mt-trecciato.jpg;"Trecciato Shimano Kairiki 8 capi 300mt multicolor";;"Monofili e Trecciati";29.900000;29.9;78;0
1126;https://www.mgfishing.eu/1579/daiwa-j-braid-x8-multicolor-300-mt.jpg;"J-braid X8 Daiwa Multicolor 300 Mt";;Trecciato;0.000000;34;4;0
1125;https://www.mgfishing.eu/1578/daiwa-j-braid-x8-multicolor-500m-042mm.jpg;"Daiwa J-braid X8 Multicolor 500m. 0.42mm";;Trecciato;54.000000;54;2;0
1123;https://www.mgfishing.eu/1574/italcanna-revolver-180-gr-3-pz.jpg;"ITALCANNA REVOLVER 180 GR 3 PZ";;"Canne Surfcasting";474.590164;579;2;0
1122;https://www.mgfishing.eu/1573/shimano-canna-aerlex-surf-hybrid-3-pz.jpg;"SHIMANO CANNA AERLEX SURF HYBRID 3 PZ (200GR E 150 GR)";;"Canne Surfcasting";0.000000;145;3;0
1121;https://www.mgfishing.eu/1570/italcanna-vitium-cr-180-gr.jpg;"ITALCANNA VITIUM CR 180 GR";;"Canne Surfcasting";530.000000;530;1;0
1120;https://www.mgfishing.eu/1568/kit-trabucco-tremarella-hydrus-con-mulinello-trabucco-hydrus.jpg;"Trabucco Kit canna hydrus +mulinello 3000 hydrus";;"Kit Trota";79.900000;79.9;55;0
1119;https://www.mgfishing.eu/1563/tremarella-trabucco-hydrus-.jpg;"TRABUCCO TREMARELLA HYDRUS 2-8/3-10/4-12/6-15/10-20/15-30 GR";;"Kit Trota";59.900000;59.9;0;1
1118;https://www.mgfishing.eu/1562/lineaeffe-tripode-in-alluminio-surf-casting-170-cm-.jpg;"Lineaeffe Tripode in Alluminio Surf Casting 170 cm";;"Tripode Pesca";89.000000;89;0;1
1117;https://www.mgfishing.eu/1561/serbidora-da-barca-sugoi.jpg;"SERBIDORA DA BARCA SUGOI";;"Picchetti Reggicanna";39.000000;39;0;1
1116;https://www.mgfishing.eu/1559/canne-shimano-speedmaster-425450-surf-h-hybrid-3-pz.jpg;"CANNE SHIMANO SPEEDMASTER 4,25/4,50 SURF H HYBRID 3 PZ";;"Canne Surfcasting";0.000000;230.58;2;0
1113;https://www.mgfishing.eu/2848/trabucco-kit-canna-sonic-3pz-200grmulinello-sonic-8000.jpg;"Kit Surfcasting Completo Canna Trabucco Sonic 3pz 4,20mt 200gr + Mulinello a scelta";;"Kit Surfcasting";0.000000;62.9;11;0
1112;https://www.mgfishing.eu/1553/trabucco-sonic-3pz-200gr.jpg;"Trabucco Sonic 3pz 4,20mt 200gr";;"Canne Surfcasting";36.803279;44.9;20;0
1110;https://www.mgfishing.eu/3299/mulinello-nomura-camion-406-l-td-.jpg;"Mulinello Banax Camion 406L TD";;"Mulinelli Per Tonno e Da Traina Rotanti";163.852459;199.9;1;0
1109;https://www.mgfishing.eu/1548/shimano-vengeance-3pz-200gr-450.jpg;"shimano vengeance 3pz   225 gr 4,50";;"Canne Surfcasting";110.000000;110;0;1
1107;https://www.mgfishing.eu/1547/filo-top-match-022.jpg;"Monofilo Nylon Top Match";;"Nylon Per Mulinello";0.000000;6.9;29;0
1106;https://www.mgfishing.eu/1546/filo-1000mt-050-roial.jpg;"FILO 1000MT 0,50 ROIAL";;"Nylon Per Mulinello";18.000000;18;2;0
1104;https://www.mgfishing.eu/1542/trabucco-zaino-competition-.jpg;"Trabucco Zaino Competition";;"Borse, zaini e foderi";125.000000;125;0;1
1103;https://www.mgfishing.eu/1541/trabucco-zaino-pro-organizer.jpg;"Zaino Trabucco Pro Organizer";048-42-040;Zaini;109.754098;133.9;4;0
1102;https://www.mgfishing.eu/1538/kit-2-terminali-con-ami-bkk-red-60-e-50-.jpg;"KIT 2 TERMINALI PER I VIVO DENTICI RICCIOLE CERNIA CON AMI BKK RED 6/0 E 5/0";;Home;14.900000;14.9;3;0
1101;https://www.mgfishing.eu/1537/shimano-surf-leader-sd-ci435.jpg;"Shimano Surf Leader Sd Ci4+35";;"Mulinelli Surf Casting e CarpFishing";279.000000;279;0;1
1100;https://www.mgfishing.eu/1536/trabucco-mulinello-oceanic-8000.jpg;"TRABUCCO  MULIN. OCEANIC 8000 CON 250MT DI FILO 0.40";;"Mulinelli Surf Casting e CarpFishing";24.900000;24.9;9;0
1098;https://www.mgfishing.eu/1535/trabucco-2-pezzi-oceanic-8000.jpg;"TRABUCCO 2 PEZZI MULINELLO OCEANIC 8000";;Home;49.900000;49.9;8;0
1097;https://www.mgfishing.eu/1766/stivali-eva-rapala-30gradi.jpg;"STIVALI EVA RAPALA -30GRADI";;"Stivali e Scafandri da pesca";39.900000;39.9;6;0
1096;https://www.mgfishing.eu/1533/prodotto-test.jpg;"PRODOTTO TEST PayPal";;"Accessori Da Pesca";0.008197;0.01;12;0
1095;https://www.mgfishing.eu/1532/shimano-vengeance-3pz-200gr-425.jpg;"shimano vengeance 3pz 200gr 425";;"Canne Surfcasting";104.000000;104;1;0
1094;https://www.mgfishing.eu/1531/shimano-yasey-carryall-boat-bag.jpg;"SHIMANO ZAINO YASEY CARRYALL BOAT BAG";;Home;94.000000;94;2;0
1092;https://www.mgfishing.eu/2058/renale-metal-3-.jpg;"Renale Metal 3";;Home;69.900000;69.9;2;0
1091;https://www.mgfishing.eu/1519/pancera-metal-3-stund-up.jpg;"PANCERA METAL 3 STUND UP Spedizione Gratuita";;Home;99.000000;99;1;0
1090;https://www.mgfishing.eu/1506/shimano-ultegra-5500-xsd.jpg;"SHIMANO ULTEGRA 5500 XSD";;"Mulinelli Surf Casting e CarpFishing";159.900000;159.9;1;0
1089;https://www.mgfishing.eu/1503/mulinello-shimano-sienna.jpg;"MULINELLO SHIMANO SIENNA";;"Mulinelli Bolognese e Spinning";29.000000;29;0;1
1088;https://www.mgfishing.eu/1501/mulinello-shimano-fx-10002000250030004000.jpg;"MULINELLO SHIMANO FX 1000/2000/2500/3000/4000";;"Mulinelli Bolognese e Spinning";19.900000;19.9;8;0
1087;https://www.mgfishing.eu/1497/shimano-ultegra-xsd-3500-competition.jpg;"SHIMANO ULTEGRA XSD 3500 COMPETITION";;"Mulinelli Surf Casting e CarpFishing";139.000000;139;0;1
1086;https://www.mgfishing.eu/1496/mulinello-tica-team-tm-1212w16w30.jpg;"MULINELLO TICA TEAM TM 12/12W/16W/30";;"Mulinelli Per Tonno e Da Traina Rotanti";0.000000;199;15;0
1085;https://www.mgfishing.eu/3910/mulinello-shimano-tiagra-30-wlrsa-2-speed.jpg;"Mulinello Shimano Tiagra 30W LRSA";;Home;483.524590;589.9;1;0
1084;https://www.mgfishing.eu/1488/shimano-ultegra-xse-14000.jpg;"Mulinello Shimano Ultegra XSE 14000";;"Mulinelli Surfcasting";172.049180;209.9;1;0
1083;https://www.mgfishing.eu/1486/test.jpg;test;;Home;0.300000;0.3;2;0
1082;https://www.mgfishing.eu/1484/mulinello-slow-pitch-lexima-camion-305-l-td.jpg;"MULINELLO SLOW PITCH LEXIMA CAMION 305 L TD";;"Mulinelli Per Tonno e Da Traina Rotanti";178.000000;178;0;1
1081;https://www.mgfishing.eu/1483/rezzaglio-da-pesca-5-mt-iacco.jpg;"Rezzaglio da pesca 5 mt Iacco";;Rezzaglio;0.000000;0;0;1
1080;https://www.mgfishing.eu/1482/rapture-magneto-170-mm-32-gr.jpg;"RAPTURE MAGNETO 170 mm 32 GR";;"Rapala Minnow";8.114754;9.9;23;0
1079;https://www.mgfishing.eu/1481/jatsui-wonder-magnum-125mm.jpg;"JATSUI WONDER MAGNUM 125mm";;"Esche Artificiali Minnow";8.114754;9.9;6;0
1078;https://www.mgfishing.eu/1476/-shimano-surfleader-ci435.jpg;"Shimano Surfleader Ci4+35";;"Mulinelli Surf Casting e CarpFishing";279.000000;279;0;1
1076;https://www.mgfishing.eu/1475/nomura-momoko-mm-120-gr-44.jpg;"NOMURA MOMOKO MM. 120   GR. 44";;"Esche Artificiali Popper";12.500000;12.5;6;0
1075;https://www.mgfishing.eu/1474/popper-jatsui-sw-crazy-killer-85-mm-32-gr.jpg;"POPPER JATSUI SW CRAZY KILLER 85 mm 32 GR";;"Esche Artificiali Popper";9.900000;9.9;0;1
1074;https://www.mgfishing.eu/1473/jatsui-pencil-sinking-sw-tll-110mm-30gr.jpg;"Jatsui Pencil Sinking SW TLL 110Mm 30Gr";;"Esche Artificiali da Pesca";9.900000;9.9;5;0
1073;https://www.mgfishing.eu/1472/esca-artificiale-jatsui-sw-surface-kill-sinking-120-mm.jpg;"Esca Artificiale Jatsui  SW Surface Kill Sinking 120 mm";;"Esche Artificiali Popper";9.900000;9.9;7;0
1072;https://www.mgfishing.eu/1471/esca-artificiale-jatsui-bad-dog-30g.jpg;"Esca Artificiale Jatsui Bad Dog 30g";;"Esche Artificiali Popper";9.900000;9.9;8;0
1071;https://www.mgfishing.eu/1470/jatsui-tiger-minnow-110.jpg;"Jatsui Tiger Minnow 110 F";;"Esche Artificiali Minnow";9.900000;9.9;6;0
1070;https://www.mgfishing.eu/1469/maria-slice-70-mm-15-gr.jpg;"Maria Slice 70 Mm 15 Gr";;"Esche Artificiali Minnow";16.000000;16;8;0
1069;https://www.mgfishing.eu/1468/maria-yamashita-fla-pen-85mm-15gr-spinning.jpg;"MARIA YAMASHITA FLA-PEN 85MM 15GR SPINNING";;"Esche Artificiali Minnow";14.500000;14.5;7;0
1067;https://www.mgfishing.eu/1467/yo-zuri-pince-minnow-floating-5-cm.jpg;"YO-ZURI PIN'S MINNOW FLOATING 5 CM";;"Esche Artificiali Minnow";9.900000;9.9;16;0
1066;https://www.mgfishing.eu/1466/yo-zuri-pince-minnow-floating-5-cm.jpg;"YO-ZURI PIN'S MINNOW FLOATING 7 CM";;"Esche Artificiali Minnow";9.900000;9.9;0;1
1064;https://www.mgfishing.eu/1465/jatsui-drake-210-30-gr.jpg;"JATSUI DRAKE 210 30 GR";;"Esche Artificiali Minnow";17.900000;17.9;4;0
1063;https://www.mgfishing.eu/1464/yamashita-maria-fake-baits-130-f.jpg;"YAMASHITA MARIA FAKE BAITS 130 F";;"Esche Artificiali Minnow";16.500000;16.5;4;0
1062;https://www.mgfishing.eu/1463/yamashita-maria-blues-code-125-sinking-slim.jpg;"YAMASHITA MARIA BLUES CODE 125 SINKING SLIM";;"Esche Artificiali Minnow";19.900000;19.9;2;0
1061;https://www.mgfishing.eu/1461/maria-angel-kiss-140-mm-27-gr.jpg;"Maria Angel Kiss 140 Mm 27 Gr";;"Esche Artificiali Traina";20.500000;20.5;0;1
1060;https://www.mgfishing.eu/1460/duel-aile-magnet-105-.jpg;"DUEL AILE MAGNET 125";;"Rapala Minnow";14.500000;14.5;6;0
1059;https://www.mgfishing.eu/1459/duel-aile-magnet-105-.jpg;"DUEL AILE MAGNET 105";;"Rapala Minnow";14.500000;14.5;7;0
1058;https://www.mgfishing.eu/1458/duel-aile-magnet-105-neo-floating.jpg;"DUEL AILE MAGNET 125 NEO FLOATING";;"Rapala Minnow";14.900000;14.9;6;0
1057;https://www.mgfishing.eu/1457/duel-aile-magnet-105-neo-floating.jpg;"DUEL AILE MAGNET 105 NEO FLOATING";;"Esche Artificiali Minnow";14.900000;14.9;5;0
1055;https://www.mgfishing.eu/1453/rapala-xxxrap-cast-12.jpg;"RAPALA XXXRAP CAST 14";;"Esche Artificiali Minnow";11.900000;11.9;10;0
1054;https://www.mgfishing.eu/1451/rapala-xxxrap-cast-12.jpg;"RAPALA XXXRAP CAST 12";;"Esche Artificiali Minnow";11.900000;11.9;6;0
1053;https://www.mgfishing.eu/1450/rapala-magnum-18cm-70-gr.jpg;"RAPALA MAGNUM 18CM 70 GR";;"Rapala Minnow";18.900000;18.9;9;0
1051;https://www.mgfishing.eu/1449/bkk-nomad-dtx-f-120mm.jpg;"BKK NOMAD DTX F 120mm";;"Rapala Minnow";22.000000;22;14;0
1050;https://www.mgfishing.eu/1448/bkk-nomad-140-f.jpg;"BKK NOMAD DTX 140 F";;"Esche Artificiali Minnow";29.000000;29;6;0
1049;https://www.mgfishing.eu/1440/nomad-tackle-dtx-minnow-165s.jpg;"BKK NOMAD TACKLE DTX MINNOW 165S";;"Esche Artificiali Minnow";27.868852;34;14;0
1048;https://www.mgfishing.eu/1439/yamashita-maria-deep-snare-120mm-31-gr.jpg;"YAMASHITA MARIA DEEP SNARE 120mm 31 gr";;"Esche Artificiali Minnow";16.000000;16;10;0
1047;https://www.mgfishing.eu/1436/kit-4pz-yo-zuri-action-tinsel-polipetti-octopus-skirt.jpg;"Kit 4Pz Yo Zuri Action Tinsel Polipetti Octopus Skirt 7/10/12 Cm";;"Esche Artificiali Traina";4.000000;4;20;0
1046;https://www.mgfishing.eu/1435/contametri-.jpg;CONTAMETRI;;"Accessori Da Pesca";9.900000;9.9;2;0
1045;https://www.mgfishing.eu/1434/-kit-4-pz-luce-di-profondita-duel-verde-e-blu-bolentino.jpg;"KIT 4 PZ LUCE DI PROFONDITA' DUEL VERDE E BLU BOLENTINO";;"Avvisatori Abboccata e Starlight";12.000000;12;9;0
1044;https://www.mgfishing.eu/1433/maria-amnis-1-18-gr-120-mm.jpg;"Yamashita Maria Amnis 1 18 Gr 120 Mm Floating";;"Esche Artificiali Minnow";19.900000;19.9;4;0
1043;https://www.mgfishing.eu/1487/tellinaro-professionale-grande-medio-piccolo-grattacozze.jpg;"Tellinaro Professionale Grande Medio Piccolo Grattacozze";;Tellinari;0.000000;16.9;5;0
1041;https://www.mgfishing.eu/1428/tellinaro-professionale-cm-68-mezzaluna-con-rete-e-manico.jpg;"Tellinaro Rastrello Professionale Per Vongole Telline a Mezzaluna con Rete e Manico 75 cm";;Tellinari;106.475410;129.9;3;0
1040;https://www.mgfishing.eu/3064/daiwa-tanacom-1000e.jpg;"Daiwa Tanacom 1000";"DAIWA TANACOM 1000";"Mulinelli Elettrici";475.409836;580;1;0
1039;https://www.mgfishing.eu/1832/ff-kgn-1000-hi-speed-2bb.jpg;"Fishing Ferrari KGN 1000 Mulinello Elettrico";"FF KGN 1000 Mulinello Elettrico";"Mulinelli Elettrici";352.459016;430;4;0
1038;https://www.mgfishing.eu/1422/ff-kgn-500-s-6-bb.jpg;"Fishing Ferrari KGN 500s Mulinello Elettrico";;"Mulinelli Elettrici";344.180328;419.9;2;0
1037;https://www.mgfishing.eu/1420/combo-uskk-3050lbs-penn-squall-50-2s.jpg;"KIT DRIFTING USKK 30/50LBS + PENN SQUALL 50 2S";;"Kit Traina";368.032787;449;0;1
1036;https://www.mgfishing.eu/1418/zetz-f-lead-90mm-sinking-26-gr.jpg;"ZETZ F-LEAD 90mm Sinking 26 GR";;"Esche Artificiali Minnow";17.900000;17.9;12;0
1035;https://www.mgfishing.eu/1417/zetz-hunnel-30-gr.jpg;"ZETZ HUNNEL 30 GR";;"Esche Artificiali Traina";15.900000;15.9;7;0
1033;https://www.mgfishing.eu/1415/nomura-izu-slow-pitch-80-100-gr.jpg;"NOMURA IZU SLOW PITCH 80-100 GR";;"Esche Artificiali Jig";4.900000;4.9;15;0
1032;https://www.mgfishing.eu/1414/maria-metal-flicker.jpg;"Yamashita Maria Metal Flicker 100-120-150 gr";;"Esche Artificiali Jig";14.800000;14.8;8;0
1031;https://www.mgfishing.eu/1412/slow-batt-zetz-s.jpg;"SLOW BATT ZETZ S 100-130-150 GR";;"Esche Artificiali Jig";17.900000;19.4;8;0
1029;https://www.mgfishing.eu/1409/lineaeffe-acid-trolling-2050-lbs.jpg;"FISHING FERRARI ACID TROLLING 10/30 LBS";;"Canne Big Game Drifting";94.262295;115;1;0
1028;https://www.mgfishing.eu/1403/lineaeffe-acid-trolling-2050-lbs.jpg;"FISHING FERRARI ACID TROLLING 20/50 LBS";;"Canne Big Game Drifting";97.540984;119;5;0
1027;https://www.mgfishing.eu/1400/white-marlin-10kg-15kg.jpg;"WHITE MARLIN 10KG-15KG";;"Canne Da Traina";122.131148;149;4;0
1024;https://www.mgfishing.eu/1395/shimano-stund-up-tld-50-lbs.jpg;"SHIMANO STUND UP  TLD 50 LBS";;"Canne Big Game Drifting";0.000000;0;0;1
1023;https://www.mgfishing.eu/1392/shimano-vengeance-stund-up-816-1620-2030-3050-lbs.jpg;"SHIMANO VENGEANCE STUND UP 8/16-16/20-20/30-30/50 LBS";;"Canne Big Game Drifting";44.900000;54.9;2;0
1022;https://www.mgfishing.eu/1389/fin-nor-marquesa-5080-lbs.jpg;"FIN NOR MARQUESA 50/80 LBS";;"Canne Big Game Drifting";204.098361;249;1;0
1021;https://www.mgfishing.eu/1388/trabucco-zaratan-5080-lbs.jpg;"Trabucco Canna Zaratan 50-80 lb";;"Canne Big Game Drifting";195.000000;195;3;0
1020;https://www.mgfishing.eu/1387/shimano-catana-trolling-6121620-lbs.jpg;"SHIMANO TYRNOS TROLLING LITE 6/12/16/20 LBS";;"Canne Big Game Drifting";169.000000;169;0;1
1018;https://www.mgfishing.eu/1377/shimano-catana-trolling-6121620-lbs.jpg;"SHIMANO CATANA TROLLING 6/12/16/20 LBS";;"Canne Big Game Drifting";87.000000;87;7;0
1016;https://www.mgfishing.eu/1372/italcanna-bellator-50-lbs.jpg;"ITALCANNA BELLATOR 50 LBS";;"Canne Big Game Drifting";294.262295;359;0;1
1015;https://www.mgfishing.eu/1515/canna-uskk-tuna-top-supreme-3050-lbs-.jpg;"CANNA USKK TUNA TOP SUPREME 30/80 LBS ANELLI FUJI SIC";;"Canne Big Game Drifting";240.000000;240;0;1
1014;https://www.mgfishing.eu/1514/canna-uskk-tuna-top-supreme-3050-lbs-.jpg;"CANNA USKK TUNA TOP SUPREME 30/60 LBS ANELLI FUJI SIC";;"Canne Big Game Drifting";240.000000;240;1;0
1013;https://www.mgfishing.eu/1507/canna-uskk-tuna-top-supreme-3050-lbs-.jpg;"CANNA USKK TUNA TOP SUPREME 30/50 LBS ANELLI FUJI SIC";;"Canne Big Game Drifting";240.000000;240;1;0
1011;https://www.mgfishing.eu/1364/mulinello-da-traina-shakespeare-stw2025.jpg;"MULINELLO DA TRAINA SHAKESPEARE STW20/25";;"Mulinelli Per Tonno e Da Traina Rotanti";27.900000;27.9;4;0
1010;https://www.mgfishing.eu/1362/kit-2-pz-mulinello-da-traina-shakespeare-stw2025.jpg;"KIT 2 PZ MULINELLO DA TRAINA SHAKESPEARE STW20/25";;"Mulinelli Per Tonno e Da Traina Rotanti";44.900000;44.9;4;0
1008;https://www.mgfishing.eu/1359/fishing-ferrari-avenger-trolling-812162030-lbs.jpg;"FISHING FERRARI AVENGER TROLLING 8/12/16/20/30 LBS";;"Canne Big Game Drifting";123.000000;123;5;0
1007;https://www.mgfishing.eu/1357/fishing-ferrari-special-tuna-30lbs-e-50-lbs.jpg;"FISHING FERRARI SPECIAL TUNA 30lbs e 50 lbs";;"Canne Big Game Drifting";69.590164;84.9;2;0
1006;https://www.mgfishing.eu/1354/fishing-ferrari-special-pelagic-12lbs20-lbs.jpg;"FISHING FERRARI SPECIAL PELAGIC 12lbs/20 lbs";;"Canne Da Traina";68.000000;68;4;0
1005;https://www.mgfishing.eu/1353/alutecnos-gorilla-6-v-black-manovella-sinistra.jpg;"ALUTECNOS GORILLA 30 W_2 S BLACK";;Home;538.524590;657;0;1
1004;https://www.mgfishing.eu/1351/alutecnos-gorilla-6-v-black-manovella-sinistra.jpg;"ALUTECNOS GORILLA 30 W_2 S VERDE";;Home;538.524590;657;0;1
1003;https://www.mgfishing.eu/1349/alutecnos-gorilla-6-v-black-manovella-sinistra.jpg;"ALUTECNOS GORILLA 30 W_2 S SILVER";;Home;538.524590;657;0;1
1002;https://www.mgfishing.eu/1347/alutecnos-gorilla-6-v-black-manovella-sinistra.jpg;"ALUTECNOS GORILLA 30 W_2 S NERO-BLU";;Home;538.524590;657;0;1
1001;https://www.mgfishing.eu/1345/alutecnos-gorilla-6-v-black-manovella-sinistra.jpg;"ALUTECNOS GORILLA 30 W_2 S RED-SILVER";;Home;538.524590;657;0;1
1000;https://www.mgfishing.eu/1343/alutecnos-gorilla-6-v-black-manovella-sinistra.jpg;"ALUTECNOS GORILLA 30 W_2 S RED";;Home;538.524590;657;0;1
999;https://www.mgfishing.eu/1341/alutecnos-gorilla-6-v-black-manovella-sinistra.jpg;"ALUTECNOS GORILLA 30 W_2 S BLU";;Home;538.524590;657;0;1
998;https://www.mgfishing.eu/1339/alutecnos-gorilla-6-v-black-manovella-sinistra.jpg;"ALUTECNOS ALBACORE 30W_2S BLU-SILVER Contattare per la disponibilità";;Home;494.262295;603;0;1
997;https://www.mgfishing.eu/1337/alutecnos-gorilla-6-v-black-manovella-sinistra.jpg;"ALUTECNOS ALBACORE 50 2 S GOLD";;Home;466.393443;569;0;1
996;https://www.mgfishing.eu/1335/alutecnos-gorilla-6-v-black-manovella-sinistra.jpg;"ALUTECNOS ALBACORE 50 2 S SILVER";;Home;466.393443;569;0;1
995;https://www.mgfishing.eu/1333/alutecnos-gorilla-6-v-black-manovella-sinistra.jpg;"ALUTECNOS ALBACORE 50 2 S BLACK";;Home;466.393443;569;0;1
994;https://www.mgfishing.eu/1524/alutecnos-gorilla-6-v-black-manovella-sinistra.jpg;"ALUTECNOS GORILLA 30 2S RED";;"Mulinelli Per Tonno e Da Traina Rotanti";710.000000;710;0;1
993;https://www.mgfishing.eu/1329/alutecnos-gorilla-6-v-black-manovella-sinistra.jpg;"ALUTECNOS GORILLA 30 2S SILVER";;"Mulinelli Per Tonno e Da Traina Rotanti";581.967213;710;0;1
992;https://www.mgfishing.eu/1327/alutecnos-gorilla-6-v-black-manovella-sinistra.jpg;"ALUTECNOS GORILLA 30 2S BLACK";;Home;539.344262;658;0;1
991;https://www.mgfishing.eu/1325/alutecnos-gorilla-6-v-black-manovella-sinistra.jpg;"ALUTECNOS GORILLA 30_ 2 S BLU";;Home;539.344262;658;0;1
990;https://www.mgfishing.eu/1323/alutecnos-gorilla-6-v-black-manovella-sinistra.jpg;"ALUTECNOS GORILLA 30 2S BLU-SILVER";;Home;539.344262;658;0;1
989;https://www.mgfishing.eu/1522/alutecnos-gorilla-6-v-black-manovella-sinistra.jpg;"ALUTECNOS GORILLA 20V W_ 2 S SILVER";;"Mulinelli Per Tonno e Da Traina Rotanti";629.000000;629;1;0
988;https://www.mgfishing.eu/1317/alutecnos-gorilla-6-v-black-manovella-sinistra.jpg;"ALUTECNOS GORILLA 20V W_ 2 S BLACK";;Home;467.213115;570;0;1
987;https://www.mgfishing.eu/1315/alutecnos-gorilla-6-v-black-manovella-sinistra.jpg;"ALUTECNOS GORILLA 20V W_ 2 S GUN METAL";;Home;467.213115;570;0;1
986;https://www.mgfishing.eu/1313/alutecnos-gorilla-6-v-black-manovella-sinistra.jpg;"ALUTECNOS GORILLA 20V W_ 2 S BLU";;Home;467.213115;570;0;1
985;https://www.mgfishing.eu/1311/alutecnos-gorilla-6-v-black-manovella-sinistra.jpg;"ALUTECNOS GORILLA 20 V_ 2 S VERDE";;Home;467.213115;570;0;1
984;https://www.mgfishing.eu/1309/alutecnos-gorilla-6-v-black-manovella-sinistra.jpg;"ALUTECNOS GORILLA 20 V_ 2 S BLACK";;Home;467.213115;570;0;1
983;https://www.mgfishing.eu/1307/alutecnos-gorilla-6-v-black-manovella-sinistra.jpg;"ALUTECNOS GORILLA 20 V BLU";;Home;376.229508;459;0;1
982;https://www.mgfishing.eu/1305/alutecnos-gorilla-6-v-black-manovella-sinistra.jpg;"ALUTECNOS GORILLA 20 V SILVER";;Home;558.000000;558;1;0
981;https://www.mgfishing.eu/1303/alutecnos-gorilla-6-v-black-manovella-sinistra.jpg;"ALUTECNOS ALBACORE 20 GOLD-MANOVELLA SINISTRA";;Home;368.032787;449;0;1
980;https://www.mgfishing.eu/1301/alutecnos-gorilla-6-v-black-manovella-sinistra.jpg;"ALUTECNOS GORILLA 12V BLACK";;Home;377.049180;460;0;1
979;https://www.mgfishing.eu/1298/alutecnos-gorilla-6-v-black-manovella-sinistra.jpg;"ALUTECNOS GORILLA 12V GUN METAL";;Home;377.049180;460;0;1
978;https://www.mgfishing.eu/1296/alutecnos-gorilla-6-v-black-manovella-sinistra.jpg;"ALUTECNOS GORILLA 12V BLU";;Home;377.049180;460;0;1
977;https://www.mgfishing.eu/1293/alutecnos-gorilla-6-v-black-manovella-sinistra.jpg;"ALUTECNOS GORILLA 12 BLU";;Home;358.196722;437;0;1
976;https://www.mgfishing.eu/1289/alutecnos-gorilla-6-v-black-manovella-sinistra.jpg;"ALUTECNOS GORILLA 12 ROSSO";;Home;358.196722;437;0;1
975;https://www.mgfishing.eu/1287/alutecnos-gorilla-6-v-black-manovella-sinistra.jpg;"ALUTECNOS GORILLA 8 V BLACK-MANOVELLA SINISTRA";;Home;359.836066;439;0;1
974;https://www.mgfishing.eu/1285/alutecnos-gorilla-6-v-black-manovella-sinistra.jpg;"ALUTECNOS GORILLA 8 V BLACK";;Home;322.950820;394;0;1
973;https://www.mgfishing.eu/1283/alutecnos-gorilla-6-v-black-manovella-sinistra.jpg;"ALUTECNOS GORILLA 8 V BLU";;Home;322.950820;394;0;1
972;https://www.mgfishing.eu/1281/alutecnos-gorilla-6-v-black-manovella-sinistra.jpg;"ALUTECNOS GORILLA 6 V SILVER";;Home;495.000000;495;1;0
971;https://www.mgfishing.eu/1279/alutecnos-gorilla-6-v-black-manovella-sinistra.jpg;"ALUTECNOS GORILLA 6 V BLACK- MANOVELLA SINISTRA";;Home;343.442623;419;0;1
970;https://www.mgfishing.eu/1278/shimano-ultegra-c14-xtc.jpg;"SHIMANO ULTEGRA C14 XTC";;"Mulinelli Surf Casting e CarpFishing";236.885246;289;0;1
969;https://www.mgfishing.eu/3935/shimano-tyrnos-162020ii3030ii5050iilrsa.jpg;"Mulinello Shimano Tyrnos";;"Mulinelli Per Tonno e Da Traina Rotanti";0.000000;219.9;5;0
967;https://www.mgfishing.eu/1272/shimano-speedmaster-12-ldii16ldii20ii25ii.jpg;"SHIMANO SPEEDMASTER 8 LD II/ 10LD II/ 12 LD_II/16LD_II/20_II/25_II";;"Mulinelli Per Tonno e Da Traina Rotanti";260.000000;260;4;0
966;https://www.mgfishing.eu/1269/shimano-tld-1520253050.jpg;"SHIMANO TLD 15/20/20II/25/30II/50II/50IILRSA spedizione compresa";;"Mulinelli Per Tonno e Da Traina Rotanti";0.000000;129;9;0
965;https://www.mgfishing.eu/1267/shimano-nexave-2500300040005000.jpg;"SHIMANO NEXAVE 2500/3000/4000/5000";;"Mulinelli Bolognese e Spinning";44.000000;44;3;0
964;https://www.mgfishing.eu/1265/shimano-aerlex-10000-xsb.jpg;"SHIMANO AERLEX 10000 XSB";;"Mulinelli Surf Casting e CarpFishing";83.000000;83;0;1
963;https://www.mgfishing.eu/1262/shimano-nasci-c3000-hg.jpg;"SHIMANO NASCI C3000 HG";;"Mulinelli Bolognese e Spinning";63.114754;77;0;1
962;https://www.mgfishing.eu/1259/shimano-nasci-2500-shg.jpg;"SHIMANO NASCI 2500 SHG";;"Mulinelli Bolognese e Spinning";61.475410;75;0;1
961;https://www.mgfishing.eu/1258/shimano-vanford-c-3000.jpg;"SHIMANO VANFORD 5000 XG";;"Mulinelli Bolognese e Spinning";194.000000;194;0;1
960;https://www.mgfishing.eu/1257/shimano-vanford-c-3000.jpg;"SHIMANO VANFORD 4000 XG";;"Mulinelli Bolognese e Spinning";189.000000;189;0;1
959;https://www.mgfishing.eu/1256/shimano-vanford-c-3000.jpg;"SHIMANO VANFORD C 3000";;"Mulinelli Bolognese e Spinning";182.000000;182;0;1
958;https://www.mgfishing.eu/1254/shimano-stradic-c3000fl.jpg;"SHIMANO STRADIC 5000 XG";;"Mulinelli Surf Casting e CarpFishing";151.639344;185;0;1
957;https://www.mgfishing.eu/1249/shimano-stradic-c3000fl.jpg;"SHIMANO STRADIC 4000 XG";;"Mulinelli Surf Casting e CarpFishing";159.016393;194;1;0
955;https://www.mgfishing.eu/1246/shimano-stradic-c3000fl.jpg;"SHIMANO STRADIC C3000FL";;"Mulinelli Surf Casting e CarpFishing";138.524590;169;0;1
954;https://www.mgfishing.eu/1244/-mulinello-shimano-beast-master-10000-xb.jpg;"MULINELLO SHIMANO BEAST MASTER 10000 XB";;"Mulinelli Surf Casting e CarpFishing";69.900000;69.9;0;1
953;https://www.mgfishing.eu/1240/borsa-portalenze-nomura.jpg;"Borsa Portalenze Nomura";;"Borse porta attrezzatura";8.114754;9.9;2;0
951;https://www.mgfishing.eu/1239/borsa-portalenze-nomura-narita.jpg;"Borsa Portalenze Nomura Narita Nm80000001";;"Borse porta attrezzatura";10.573770;12.9;2;0
950;https://www.mgfishing.eu/1237/zaino-multitasca-tubertini.jpg;"ZAINO MULTITASCA TUBERTINI";;Zaini;45.081967;55;2;0
949;https://www.mgfishing.eu/1236/borsa-termica-shimano-.jpg;"BORSA TERMICA SHIMANO";;Zaini;28.688525;35;2;0
948;https://www.mgfishing.eu/1234/zaino-shimano-carryall-medium-multitasca.jpg;"SHIMANO ZAINO CARRYALL SHYSO7 MEDIUM MULTITASCA";;Zaini;75.000000;75;2;0
947;https://www.mgfishing.eu/1241/zaino-borsa-shimano-yasei-multitasca-con-scatole.jpg;"Shimano Borsa Yasei RUCKSACK Shys06 Multitasca Con Scatole";;Zaini;52.000000;52;0;1
946;https://www.mgfishing.eu/1227/borsa-shimano-spinning-porta-artificiali-.jpg;"BORSA SHIMANO SPINNING PORTA ARTIFICIALI TG L";;Home;31.967213;39;0;1
945;https://www.mgfishing.eu/1225/combo-spinning-shimano-siennamulinello-sienna-con-filo-in-bobina.jpg;"Kit Spinning Completo Shimano Sienna + Mulinello Sienna";;"Kit Spinning";54.000000;54;0;1
944;https://www.mgfishing.eu/1223/combo-shimano-canna-fx-xt-mulinello-fx-2500-con-filo-in-bobina.jpg;"Kit Shimano Canna Fx Xt+ Mulinello Fx 2500";;"Canne Da Spinning";55.000000;55;0;1
943;https://www.mgfishing.eu/1221/shimano-bassterra-spinning.jpg;"SHIMANO BASSTERRA SPINNING";;"Canne Da Spinning";65.000000;65;1;0
942;https://www.mgfishing.eu/4206/canna-shimano-nexave-spinning.jpg;"Canna Shimano Nexave Spinning";;"Canne Da Pesca";0.000000;64.9;3;0
941;https://www.mgfishing.eu/1217/canna-shimano-nasci-spinning.jpg;"CANNA SHIMANO NASCI SPINNING";;"Canne Da Spinning";105.000000;105;0;1
939;https://www.mgfishing.eu/1214/shimano-vengeance-sea-bass-spinning.jpg;"SHIMANO VENGEANCE SEA BASS SPINNING";;"Canne Da Spinning";39.000000;39;0;1
938;https://www.mgfishing.eu/1212/shimano-canna-da-viaggio-spinning-stc.jpg;"SHIMANO CANNA DA VIAGGIO SPINNING S.T.C.";;"Canne Da Spinning";109.000000;109;0;1
936;https://www.mgfishing.eu/1209/-kit-eging-6-colori-totanare-squid-diki-diki-30.jpg;"KIT EGING 18 COLORI TOTANARE SQUID DIKI DIKI 3.0";;"Esche Artificiali Bolentino";18.770492;22.9;2;0
935;https://www.mgfishing.eu/1208/-kit-eging-6-colori-totanare-squid-diki-diki-30.jpg;"KIT EGING 12 COLORI TOTANARE SQUID DIKI DIKI 3.0";;"Esche Artificiali Bolentino";14.344262;17.5;2;0
934;https://www.mgfishing.eu/1207/-kit-eging-6-colori-totanare-squid-diki-diki-30.jpg;"KIT EGING 6 COLORI TOTANARE SQUID DIKI DIKI 3.0";;"Esche Artificiali Bolentino";8.114754;9.9;2;0
933;https://www.mgfishing.eu/1205/totanare-shimano-flash-boost-sephia-clinch-30.jpg;"Totanare Shimano Clinch flash boost";;"Totanare e Polpare";10.245902;12.5;10;0
931;https://www.mgfishing.eu/1203/totanare-shimano-sephia-clinch-303025.jpg;"TOTANARE SHIMANO SEPHIA CLINCH 3.5/3.0/2.5";;"Totanare e Polpare";12.500000;12.5;25;0
930;https://www.mgfishing.eu/1199/space-minnow-jatsui-7-gr-14-gr-28-gr-.jpg;"SPACE MINNOW JATSUI 7 GR, 14 GR, 28 GR";;"Esche Artificiali Bolentino";7.900000;7.9;18;0
927;https://www.mgfishing.eu/1198/real-fish-jlc-150-gr-e-200-gr.jpg;"REAL FISH JLC 150 GR E 200 GR";;"Esche Artificiali Bolentino";18.770492;22.9;4;0
925;https://www.mgfishing.eu/1197/jatsui-vertical-balls-120-gr.jpg;"JATSUI VERTICAL BALLS 120 GR";;"Esche Artificiali Bolentino";9.900000;9.9;4;0
924;https://www.mgfishing.eu/1191/monofilo-crystal.jpg;"MONOFILO CRYSTAL 1000 MT";;"Nylon Per Mulinello";2.900000;2.9;12;0
922;https://www.mgfishing.eu/1189/kit-bolognese-7-mt-fodero-mulinello-2-ami-stopper-3-starlight-portastarlight-2-set-galleggianti-cappello.jpg;"KIT BOLOGNESE 7 MT + FODERO + MULINELLO + 2 AMI + STOPPER + 3 STARLIGHT + PORTASTARLIGHT + 2 SET GALLEGGIANTI + CAPPELLO";;"Kit Bolognese";45.073770;54.99;-1;1
921;https://www.mgfishing.eu/1188/mulinello-vigor-gem-con-filo.jpg;"KIT N° 4  MULINELLI VIGOR GEM 2000 CON FILO";;Home;14.672131;17.9;2;0
920;https://www.mgfishing.eu/1187/mulinello-vigor-gem-con-filo.jpg;"MULINELLO VIGOR GEM 2000 CON FILO";;Home;4.016393;4.9;2;0
919;https://www.mgfishing.eu/1186/mulinello-shizuka-sk8-70-con-filo.jpg;"MULINELLO SHIZUKA SK8 70 CON FILO";;Home;13.852459;16.9;2;0
917;https://www.mgfishing.eu/1185/tripode-alluminio-telescopico-2-mt-con-sacca.jpg;"Tripode Alluminio telescopico surfcasting";6313042/N;Home;49.098361;59.9;3;0
916;https://www.mgfishing.eu/1184/panchetto-ul-match.jpg;"PANCHETTO UL MATCH";;Panieri;109.000000;109;2;0
915;https://www.mgfishing.eu/1183/panchetto-lite-station-con-gambe-maggiorate-30-mm.jpg;"PANCHETTO LITE STATION CON GAMBE MAGGIORATE 30 mm";;Panieri;119.900000;119.9;0;1
914;https://www.mgfishing.eu/1182/special-tuna-circle-track.jpg;"SPECIAL TUNA CIRCLE TRACK";;"Ami Girelle e Moschettoni";9.900000;9.9;4;0
913;https://www.mgfishing.eu/1181/ami-circle-drifting-kaptura-conf-5pz.jpg;"AMI CIRCLE DRIFTING KAPTURA CONF. 5PZ";;"Ami Big Game";3.934426;4.8;4;0
912;https://www.mgfishing.eu/1180/tica-cybernetic-ggat-10000.jpg;"TICA CYBERNETIC GGAT 10000";;"Mulinelli Surf Casting e CarpFishing";71.311475;87;2;0
911;https://www.mgfishing.eu/1178/tica-scepter-gtb-9000.jpg;"Tica Scepter GTB 9000";;"Mulinelli Surf Casting e CarpFishing";0.000000;59.9;9;0
910;https://www.mgfishing.eu/1171/aqs-vivo-real-squid-20-cm-150-gr.jpg;"AQS VIVO REAL SQUID 20 CM 150 GR";;"Esche Artificiali Bolentino";13.852459;16.9;6;0
909;https://www.mgfishing.eu/1170/shimano-kabura-kyorin-baku-baku-100-gr80-gr.jpg;"Shimano Kabura Kyorin baku baku 100 gr/80 gr GIALLO FLUO";;Home;10.245902;12.5;4;0
908;https://www.mgfishing.eu/1168/shimano-kabura-kyorin-baku-baku-100-gr80-gr.jpg;"Shimano Kabura Kyorin baku baku 100 gr/80 gr GOLD";;Home;10.245902;12.5;4;0
907;https://www.mgfishing.eu/1166/shimano-kabura-kyorin-baku-baku-100-gr80-gr.jpg;"Shimano Kabura Kyorin baku baku 100 gr/80 gr Orange";;Home;10.245902;12.5;4;0
905;https://www.mgfishing.eu/1165/shimano-tai-kabura-flat-baku-baku.jpg;"Shimano tai kabura flat baku baku 100 gr / 80 gr RED GOLD";;Home;10.245902;12.5;4;0
904;https://www.mgfishing.eu/1163/shimano-tai-kabura-flat-baku-baku.jpg;"Shimano tai kabura flat baku baku 100 gr / 80 gr ORANGE";;Home;10.245902;12.5;4;0
903;https://www.mgfishing.eu/1159/shimano-tai-kabura-flat-baku-baku.jpg;"Shimano tai kabura flat baku baku 100 gr / 80 gr RED";;Home;10.245902;12.5;4;0
902;https://www.mgfishing.eu/1158/laccetto-di-sicurezza-seeker-rod-lock.jpg;"LACCETTO DI SICUREZZA SEEKER ROD LOCK";;"Accessori Da Pesca";14.900000;14.9;20;0
901;https://www.mgfishing.eu/1157/shimano-silent-assassin-flash-boost.jpg;"Shimano SILENT ASSASSIN 140mm gr 25 floating Flash Boost";;"Esche Artificiali Minnow";16.900000;16.9;16;0
900;https://www.mgfishing.eu/1156/shimano-silent-assassin-flash-boost.jpg;"Shimano SILENT ASSASSIN 140mm gr 28 Sinking Flash Boost";;"Esche Artificiali Minnow";16.900000;16.9;15;0
899;https://www.mgfishing.eu/1155/shimano-silent-assassin-flash-boost.jpg;"Shimano SILENT ASSASSIN 129mm gr 26 Sinking Flash Boost";;"Esche Artificiali Minnow";16.900000;16.9;14;0
897;https://www.mgfishing.eu/1154/shimano-silent-assassin-flash-boost.jpg;"Shimano SILENT ASSASSIN 129mm gr 24 floating Flash Boost";;"Esche Artificiali Minnow";14.672131;17.9;16;0
896;https://www.mgfishing.eu/1152/stivale-scafandro-in-pvc-verde-lineaeffe.jpg;"STIVALE SCAFANDRO IN PVC VERDE LINEAEFFE";;"Stivali e Scafandri da pesca";45.000000;45;0;1
895;https://www.mgfishing.eu/1151/lineaeffe-scafandro-chest-wader-black-pvc.jpg;"LINEAEFFE SCAFANDRO CHEST WADER BLACK PVC";;"Stivali e Scafandri da pesca";28.688525;35;-1;1
894;https://www.mgfishing.eu/1150/stivali-coscia-lineaeffe-.jpg;"STIVALI COSCIA LINEAEFFE";;"Stivali e Scafandri da pesca";32.704918;39.9;4;0
893;https://www.mgfishing.eu/1149/waders-scafandro-in-neoprene-ff-vedius.jpg;"WADERS / SCAFANDRO IN NEOPRENE Ff VEDIUS";;"Stivali e Scafandri da pesca";72.950820;89;-2;1
892;https://www.mgfishing.eu/1148/stivali-demar-in-eva-verdi-con-termofodera.jpg;"stivali Demar in eva verdi con termofodera";;"Stivali e Scafandri da pesca";36.885246;45;14;0
891;https://www.mgfishing.eu/1147/stivali-lineaeffe-neri-con-termofodera.jpg;"stivali lineaeffe neri con termofodera";;"Stivali e Scafandri da pesca";31.967213;39;13;0
889;https://www.mgfishing.eu/1146/bkk-diablo-.jpg;"bkk Lone diablo";;"Ami Big Game";9.426230;11.5;6;0
887;https://www.mgfishing.eu/1142/bkk-moster-circle-ami-con-girella.jpg;"BKK MOSTER CIRCLE AMI CON GIRELLA 6/0";;"Ami Big Game";9.754098;11.9;5;0
886;https://www.mgfishing.eu/1136/italcanna-terranova-220-gr-450-mt.jpg;"ITALCANNA TERRANOVA 170 GR 4,50 MT";;"Canne Surfcasting";323.770492;395;1;0
885;https://www.mgfishing.eu/1134/italcanna-terranova-220-gr-450-mt.jpg;"Italcanna Terranova 4,50mt 220gr";;"Canne Da Pesca";344.262295;420;1;0
884;https://www.mgfishing.eu/1132/italcanna-tricolore-180gr-440-mt.jpg;"ITALCANNA TRICOLORE 180GR 4,40 MT";;"Canne Surfcasting";435.000000;435;2;0
883;https://www.mgfishing.eu/1128/italcanna-dynamis-fsh.jpg;"Italcanna Dynamis FSH";;"Canne Surfcasting";409.016393;499;0;1
881;https://www.mgfishing.eu/1126/trabucco-4-bobine-monofilo-max-plus-bolo-150-mt.jpg;"Trabucco 4 bobine Monofilo Max Plus Bolo 150 mt";B08V19GC3W;"Nylon Per Mulinello";0.000000;0;0;1
880;https://www.mgfishing.eu/1125/kit-trabucco-scatolina-stagna-ami-girelle-stopper.jpg;"Kit Trabucco scatolina Stagna + ami girelle Stopper";B08GCHF6QF;Home;0.000000;0;0;1
878;https://www.mgfishing.eu/1123/kit-bolognese-advance-canna-summer-bolo-mulinello-e-filo.jpg;"Kit bolognese Advance Canna Summer bolo + Mulinello e Filo";B09C8FT7W2;"Kit Da Pesca";39.000000;39;0;1
877;https://www.mgfishing.eu/1122/kolpo-kit-pesca-traina-costiera-completo-canna-mulinello-6-artificiali-canna-150-mt-mulinello-con-filo-50-lb-6-minnow.jpg;"Kit Pesca Traina Costiera Completo Canna Mulinello 6 Artificiali, Canna 1.50 mt, mulinello con filo 50 lb, 6 minnow.";B0989SQ7VL;"Kit Da Pesca";79.000000;79;2;0
875;https://www.mgfishing.eu/1119/trabucco-4-bobine-monofilo-max-plus-bolo-150-mt.jpg;"Trabucco 4 bobine Monofilo Max Plus Bolo 150 mt";B08V19GC3W;Home;0.000000;0;0;1
874;https://www.mgfishing.eu/1118/kit-3-piombipiombo-portoghese-con-astina.jpg;"Kit 3 PIOMBI,Piombo Portoghese con ASTINA";B082KYXPH7;"Piombi da pesca";12.210000;3;0;1
873;https://www.mgfishing.eu/1117/kit-4-pezzi-esca-artificiale-traina-octopus-rigs-piombato-bianco-blu-verde-blu-con-terminale-da-050-lungo-7-metri-ancorotto-d.jpg;"Kit 4 pezzi Esca Artificiale Traina Octopus Rigs Piombato bianco/blu + verde/blu Con Terminale da 0.50 lungo 7 metri Ancorotto D";B082BG3MS5;"Esche Artificiali Traina";12.900000;12.9;46;0
870;https://www.mgfishing.eu/1114/kolpo-kit-per-la-pesca-a-jig-completo-pronto-pesca-light-jig-canna-in-carbonio-mulinello-con-filo-7-jig.jpg;"Kit per la Pesca a jig, Completo Pronto Pesca Light jig, Canna in Carbonio + Mulinello con Filo + 7 jig";B095WH61HR;"Kit Da Pesca";69.000000;69;0;1
867;https://www.mgfishing.eu/1109/kit-3-piombipiombo-portoghese-con-astina.jpg;"Kit 3 PIOMBI,Piombo Portoghese con ASTINA";B082KYXPH7;"Piombi da pesca";12.210000;3;0;1
858;https://www.mgfishing.eu/1099/kit-spinning-canna-superlative-spin-240-30-gr-mulinello-shimano-fx-2500.jpg;"Kit Spinning Canna Superlative Spin 240 30 gr + Mulinello Shimano FX 2500";B0972QM3XZ;"Kit Spinning";59.000000;59;2;0
857;https://www.mgfishing.eu/1098/kit-spinning-canna-superlative-spin-210-30-gr-mulinello-shimano-fx-2500.jpg;"Kit Spinning Canna Superlative Spin 210 30 gr + Mulinello Shimano FX 2500";B0972RZZK8;"Kit Spinning";56.000000;56;2;0
856;https://www.mgfishing.eu/1097/kit-eging-canna-soleil-boat-180-mulinello-arya-4000.jpg;"Kit Eging Canna Soleil Boat 1.80 + Mulinello Arya 4000";B097BRG436;"Kit Da Pesca";59.000000;59;2;0
853;https://www.mgfishing.eu/1094/sea-mulinello-6000-pesca-in-mare-con-corpo-in-alluminio-6-cuscinetti-prima-scelta-per-la-pesca-professionale-in-mare.jpg;"Sea Mulinello 6000 Pesca in Mare con Corpo in Alluminio 6 Cuscinetti, Prima scelta per la pesca professionale in mare";B097N51JSG;Home;106.480000;106.48;0;1
850;https://www.mgfishing.eu/1091/kit-pesca-canna-tuttofare-telescopica-400-mt-mulinello-arya-4000.jpg;"Kit Pesca Canna Tuttofare Telescopica 4.00 mt + Mulinello Arya 4000";B097BYFXQW;"Kit Da Pesca";54.000000;54;0;1
849;https://www.mgfishing.eu/1090/lampada-frontale-3w-cree-led-fascio-200-mt.jpg;"Lampada Frontale 3W Cree Led Fascio 200 mt";B097JX3HBN;Home;18.770000;18.77;0;1
848;https://www.mgfishing.eu/1089/fq-mulinello-da-pesca-frizione-anteriore-montato-con-cuscinetto-in-acciaio-corpo-e-grafite-ad-alta-densita-e-filo-imbobinato-m.jpg;"FQ Mulinello da Pesca Frizione Anteriore, Montato con cuscinetto in acciaio corpo e grafite ad alta densita e filo imbobinato, M";B097N3DSSN;Home;24.900000;29.9;0;1
846;https://www.mgfishing.eu/1085/cassetta-porta-attrezzatura-30x16x16cm-colore-soggetto-a-disponibilita.jpg;"Cassetta porta attrezzatura, 30x16x16Cm, colore soggetto a disponibilità";B097PDRHQL;Home;28.610000;28.61;0;1
843;https://www.mgfishing.eu/1082/lampada-frontale-3w-cree-led-fascio-200-mt.jpg;"Lampada Frontale 3W Cree Led Fascio 200 mt";B097JX3HBN;Lampade;18.770000;18.77;0;1
842;https://www.mgfishing.eu/1081/kit-surfcasting-2-pz-more-surf-420-mt-200-gr-2-pz-mulinello-nanga-sw-6000-fodero-lineaeffe-175-cm-tripode-surfcasting-2-p.jpg;"Kit Surfcasting 2 Pz More Surf 4.20 mt 200 gr + 2 Pz Mulinello Nanga SW 6000 + Fodero Lineaeffe 175 cm + Tripode Surfcasting 2 p";B097YH1GYH;"Kit Da Pesca";149.000000;149;0;1
841;https://www.mgfishing.eu/1080/kit-surfcasting-2-canna-vektor-4-mt-150-gr-2-dayton-8000-tripode-surfcasting-2-posti-in-alluminio-150-cm-fod.jpg;"Kit Surfcasting 2 Canna Vektor 4 mt 150 Gr + 2 Dayton 8000 + Tripode Surfcasting 2 posti in Alluminio 150 cm + Fodero Lineaeffe";B097YL7512;"Kit Surfcasting";199.900000;199.9;2;0
840;https://www.mgfishing.eu/1079/kit-surfcasting-2-pz-more-surf-420-mt-200-gr-2-pz-mulinello-nanga-sw-6000-fodero-lineaeffe-175-cm.jpg;"Kit Surfcasting 2 Pz More Surf 4.20 mt 200 gr + 2 Pz Mulinello Nanga SW 6000 + Fodero Lineaeffe 175 cm";B097YL7G94;"Kit Da Pesca";126.000000;126;0;1
839;https://www.mgfishing.eu/1078/kit-surfcasting-2-pz-more-surf-420-mt-200-gr-2-pz-mulinello-nanga-sw-6000.jpg;"Kit Surfcasting 2 Pz More Surf 4.20 mt 200 gr + 2 Pz Mulinello Nanga SW 6000";B097YLDWQK;"Kit Da Pesca";107.000000;107;2;0
838;https://www.mgfishing.eu/1077/kit-pesca-traina-2-canna-2-mulinello-con-filo-2-cintura.jpg;"Kit pesca traina 2 canna + 2 mulinello King Sea 8000+ 2 cintura per traina";B098B41LQR;"Kit Traina";149.000000;149;2;0
837;https://www.mgfishing.eu/1075/lampada-a-led-special-cap-lampada-per-visiera-berretto.jpg;"Lampada a Led Special Cap - Lampada per visiera berretto";B097Y56KGJ;Lampade;16.310000;16.31;0;1
836;https://www.mgfishing.eu/1074/kit-surfcasting-canna-vektor-4-m-150-gr-mulinello-king-sea-8000.jpg;"Kit Surfcasting Canna Vektor 4 m 150 Gr + Mulinello King Sea 8000";B097YJ3T9H;"Kit Da Pesca";64.000000;64;2;0
830;https://www.mgfishing.eu/1068/yamashiro-cintura-combattimento-pesca-traina.jpg;"Yamashiro Cintura Combattimento Pesca Traina";B0987VDHVZ;"Kit Da Pesca";19.900000;19.9;2;0
829;https://www.mgfishing.eu/1067/palo-bilancia-470-trappola-ad-ombrello-95-cm.jpg;"Palo Bilancia 4.70 + Trappola ad Ombrello 95 cm";B0987WS4KC;"Canne Fisse";57.300000;57.3;0;1
828;https://www.mgfishing.eu/1064/kolpo-cintura-per-la-pesca-a-traina-e-bolentino.jpg;"Cintura per la Pesca a Traina e Bolentino";B0987XJSCC;"Kit Da Pesca";12.000000;12;2;0
826;https://www.mgfishing.eu/1060/demar-chest-wader-a-bretelle-stivale-scafandro-tripla-saldatura-44.jpg;"Demar Chest Wader a Bretelle Stivale Scafandro Tripla Saldatura (44)";B0989S11JB;"Stivali e Scafandri da pesca";69.000000;69;3;0
822;https://www.mgfishing.eu/1056/combo-traina-1-canna-custom-12-25-lb-1-mulinello-sea-captain.jpg;"Combo Traina 1 Canna Custom 12-25 lb + 1 Mulinello Sea Captain";B098B2KPTW;"Kit Traina";72.950000;72.95;0;1
821;https://www.mgfishing.eu/1055/esche-artificiali-octopus-classic-blue-and-white-15-pz-75-mm.jpg;"Esche Artificiali Octopus Classic Blue And White 15 pz 75 mm";B098F5D4R5;Home;16.310000;16.31;0;1
818;https://www.mgfishing.eu/1045/kolpo-titan-master-game-bag-borsa-da-pesca-36x14-h-30-cm.jpg;"Titan Master Game Bag borsa da pesca 36x14 h 30 cm";B09998WSMZ;Home;29.000000;29;0;1
817;https://www.mgfishing.eu/1044/kit-10-pezzi-yamashiro-bro-artificiale-affondante-7-cm-8-gr.jpg;"kit 10 pezzi Yamashiro Bro Artificiale Affondante 7 cm 8 gr";B099JXW8Y9;Home;23.000000;23;0;1
816;https://www.mgfishing.eu/1043/kit-10-pezzi-yamashiro-life-hard-minnow-artificiale-galleggiante-14-cm-22-gr.jpg;"kit 10 pezzi Yamashiro Life Hard Minnow Artificiale Galleggiante 14 cm 22 gr";B099K2L782;"Kit Da Pesca";29.900000;29.9;1;0
815;https://www.mgfishing.eu/1042/kit-8-pezzi-yamashiro-bro-artificiale-galleggiante-7-cm-8-gr.jpg;"kit 8 pezzi Yamashiro Bro Artificiale Galleggiante 7 cm 8 gr";B099K49KV8;"Kit Da Pesca";19.900000;19.9;0;1
814;https://www.mgfishing.eu/1041/kit-6-pezzi-yamashiro-rubble-crankbait-rattling-light-spinning-47-cm-33-gr.jpg;"kit 6 pezzi Yamashiro Rubble Crankbait Rattling Light Spinning 4,7 cm 3.3 gr";B099K6TJZM;Home;19.900000;19.9;0;1
813;https://www.mgfishing.eu/1040/kit-6-pz-yamashiro-bomber-artificiale-spinning-traina-galleggiante-12-gr-125-mm.jpg;"Kit 6 pz Yamashiro Bomber Artificiale Spinning Traina Galleggiante 12 gr 125 mm";B099KCZ9LH;"Kit Da Pesca";24.900000;24.9;2;0
812;https://www.mgfishing.eu/1039/kit-8-pezzi-yamashiro-shallo-artificiale-da-pesca-spinning-12-gr-11-cm.jpg;"kit 8 pezzi Yamashiro Shallo Artificiale da Pesca Spinning 12 gr 11 cm";B099KH9SQ4;"Kit Da Pesca";23.000000;23;2;0
811;https://www.mgfishing.eu/1038/kit-10-pezzi-yamashiro-bro-artificiale-affondante-7-cm-8-gr.jpg;"kit 10 pezzi Yamashiro Bro Artificiale Affondante 7 cm 8 gr";B099JXW8Y9;Home;31.970000;31.97;0;1
810;https://www.mgfishing.eu/1037/kit-6-pezzi-yamashiro-bedrock-minnow-traina-e-spinning-10-cm-94-gr.jpg;"kit 6 pezzi Yamashiro Bedrock Minnow Traina e Spinning 10 cm 9,4 gr";B099KTTWZ6;"Kit Da Pesca";19.900000;19.9;2;0
809;https://www.mgfishing.eu/1036/kit-da-pesca-completo-per-la-pesca-con-2-canne-270-mt-2-poggia-canne-2-mulinelli-filo-e-lenze.jpg;"Kit da pesca - Completo per la Pesca con 2 Canne 2.70 mt + 2 Poggia Canne + 2 Mulinelli Filo e Lenze";B099ZSZWQY;"Kit Da Pesca";69.000000;69;0;1
808;https://www.mgfishing.eu/1035/box-porta-accessori-super-box.jpg;"Box porta accessori 502 - Super Box";B09BCPN9D4;"Borse porta attrezzatura";89.000000;89;1;0
807;https://www.mgfishing.eu/1034/super-box.jpg;"Super Box";B09BCQMM7R;"Borse porta attrezzatura";69.000000;69;3;0
804;https://www.mgfishing.eu/1029/kolpo-piatto-porta-esche-ed-accessori-realizzato-in-alluminio-fornita-di-picchetto-dimensioni-325-x-285-x-3-cm.jpg;"piatto porta esche ed accessori, realizzato in alluminio, fornita di picchetto Dimensioni 32.5 x 28,5 x 3 cm";B09BR85HMP;"Porta pesci";25.000000;25;0;1
803;https://www.mgfishing.eu/1028/super-box.jpg;"Super Box";B09BCQMM7R;Home;32.130000;32.13;0;1
802;https://www.mgfishing.eu/1027/kit-spinning-kolpo-superlative-spin-canna-da-pesca-spinning-30-gr-240-mt-mulinello-trabucco-hydrus-fd-3000.jpg;"Kit Spinning  Superlative Spin Canna da Pesca Spinning 30 gr 2.10 Mt + Mulinello Trabucco Hydrus FD 3000";B09BZ9F5HV;"Kit Spinning";40.901639;49.9;0;1
800;https://www.mgfishing.eu/1025/kit-spinning-kolpo-superlative-spin-30-gr-240-mt-mulinello-shimano-fx-c3000.jpg;"Kit Spinning shimano fx mulinello +  Superlative Spin 30 gr 2.10 Mt + Mulinello Shimano FX C3000";;"Kit Spinning";59.900000;59.9;0;1
799;https://www.mgfishing.eu/1024/kit-spinning-kolpo-superlative-spin-canna-da-pesca-spinning-30-gr-270-mt-mulinello-shimano-fx-c300.jpg;"Kit Spinning  Superlative Spin Canna da Pesca Spinning 30 gr 2.70 Mt + Mulinello Shimano FX C300";B09BZG3B3W;"Kit Spinning";49.900000;49.9;0;1
798;https://www.mgfishing.eu/1023/kit-spinning-kolpo-superlative-spin-canna-da-pesca-spinning-30-gr-270-mt-trabucco-sonic-fd-3000.jpg;"Kit Spinning  Superlative Spin Canna da Pesca Spinning 30 gr 2.70 Mt + Trabucco Sonic FD 3000";B09BZGJ97X;"Kit Spinning";39.000000;39;2;0
797;https://www.mgfishing.eu/1020/yamashiro-spoon-oro-argento-kit-da-12-pezzi.jpg;"Yamashiro Spoon Oro Argento Kit da 12 pezzi completo di scatola";B09C1Z1BSL;"Kit Da Pesca";19.900000;19.9;2;0
792;https://www.mgfishing.eu/1015/testa-guadino-ovale-rete-nylon-6-mm-50-cm.jpg;"Testa Guadino Ovale Rete Nylon 6 mm 50 cm";B09C28Z98B;"Rete Ricambio Guadini";15.570000;15.57;0;1
791;https://www.mgfishing.eu/1014/guadino-pesca-richiudibile-tascabile.jpg;"Guadino Pesca Richiudibile Tascabile";B09C29HMMY;Home;14.900000;14.9;0;1
790;https://www.mgfishing.eu/1013/testa-guadino-in-alluminio-50-cm-rete-larga-27-mm.jpg;"Testa Guadino in Alluminio 50 cm - Rete Larga 27 mm";B09C2BNNQ9;"Rete Ricambio Guadini";23.770000;23.77;0;1
789;https://www.mgfishing.eu/1012/testa-guadino-alluminio-50-cm-rete-fitta-4-mm.jpg;"Testa Guadino Alluminio 50 cm - Rete Fitta 4 mm";B09C2CNVZF;"Rete Ricambio Guadini";14.900000;14.9;2;0
788;https://www.mgfishing.eu/1011/testa-per-guadino-rotonda-diametro-50-mm.jpg;"Testa Per Guadino Rotonda Diametro 50 mm";B09C2D3L9J;"Rete Ricambio Guadini";21.310000;21.31;0;1
787;https://www.mgfishing.eu/1010/guadino-seppia-da-barca-telescopico-235-mt.jpg;"Guadino Seppia da Barca Telescopico 2.35 mt";B09C2D65PR;Home;19.900000;19.9;2;0
786;https://www.mgfishing.eu/1009/palo-guadino-alluminio-chiusura-a-torsione-65-119-cm.jpg;"Palo Guadino Alluminio Chiusura a Torsione 65-119 cm";B09C2FK916;Home;9.900000;9.9;2;0
785;https://www.mgfishing.eu/1008/testa-guadino-galleggiante-rete-in-nylon-con-maglia-fine.jpg;"Testa Guadino Galleggiante - Rete in Nylon con Maglia Fine";B09C2FPVH7;"Rete Ricambio Guadini";25.000000;25;2;0
784;https://www.mgfishing.eu/1007/kolpo-manico-guadino-pulsante-98-cm.jpg;"Manico Guadino Pulsante 98 cm";B09C2G3PQH;Home;13.110000;13.11;0;1
783;https://www.mgfishing.eu/1006/kolpo-testa-guadino-rotonda-nylon-45-cm.jpg;"Testa Guadino Rotonda Nylon 45 cm maglia 5mm";B09C2H43SX;"Rete Ricambio Guadini";19.900000;19.9;2;0
782;https://www.mgfishing.eu/1005/kit-spinning-canna-legend-210-mt-10-30-gr-mulinello-yory-14-cuscinetti.jpg;"Kit Spinning Canna Legend 2.10 mt 10-30 gr + Mulinello Yory 14 Cuscinetti";B09C6D7TLB;"Kit Da Pesca";48.360000;48.36;0;1
779;https://www.mgfishing.eu/1002/kit-pesca-leadgering-con-canna-mulinello-e-filo.jpg;"Kit Pesca Leadgering Con Canna Mulinello e Filo";B09C6GKCSP;Home;79.000000;79;0;1
777;https://www.mgfishing.eu/1000/kit-bolognese-3pz-canne-4mt-3pz-mulinelli-con-filo-tutta-pesca.jpg;"Kit Bolognese 3pz Canne 4mt + 3pz Mulinelli Con Filo Tutta Pesca";B09C8KCHH4;"Kit Da Pesca";79.000000;79;0;1
776;https://www.mgfishing.eu/999/kit-per-la-pesca-completo-tutto-fare-mare-lago-barca.jpg;"Kit per la Pesca Completo Tutto Fare Mare Lago Barca";B09C8N231L;"Kit Da Pesca";29.900000;29.9;2;0
775;https://www.mgfishing.eu/998/kit-pesca-trainetta-canna-speed-boat-mulinello-da-pesca-nanga-sw-6000.jpg;"Kit Pesca Trainetta Canna Speed Boat + Mulinello da pesca Nanga SW 6000";B09C8P139P;"Kit Da Pesca";39.000000;39;2;0
774;https://www.mgfishing.eu/997/35-ami-da-pesca-serie-mr19-gambo-corto-pesca-in-mare.jpg;"35 Ami da Pesca Serie MR19 Gambo Corto Pesca in Mare";B09C8S64JW;Home;23.770000;23.77;0;1
773;https://www.mgfishing.eu/996/kit-pesca-fondo-bolentino-high-performance-sele-canna-da-pesca-da-barca-mulinello-arya-6000.jpg;"Kit Pesca Fondo Bolentino High Performance Sele canna da pesca da barca + Mulinello Arya 6000";B09C8QP7Z3;Home;39.000000;44;0;1
772;https://www.mgfishing.eu/995/kit-seppia-canna-mulinello-filo-6-totanare.jpg;"Kit Seppia Canna + Mulinello Filo + 6 Totanare";B09C8TMHG9;"Kit Da Pesca";48.360000;48.36;2;0
771;https://www.mgfishing.eu/994/kit-seppia-canna-mulinello-filo-6-totanare-e-guadino.jpg;"Kit Seppia Canna + Mulinello Filo + 6 Totanare e Guadino";B09C8TMYFX;"Kit Da Pesca";56.560000;56.56;0;1
770;https://www.mgfishing.eu/993/kit-combo-pesca-bolentino-canna-mulinello-filo-3pz-lenze.jpg;"Kit Combo Pesca Bolentino Canna + Mulinello Filo + 3pz Lenze";B09C8RYZZ8;"Kit Da Pesca";59.000000;69;0;1
769;https://www.mgfishing.eu/992/3pz-bobine-blue-power-filo-da-pesca-100-mt.jpg;"3pz Bobine Blue Power Filo da Pesca 100 mt";B09C8V87FH;Home;16.310000;16.31;0;1
768;https://www.mgfishing.eu/991/kit-bolognese-canna-da-pesca-summer-5-mt-mulinello-arya.jpg;"Kit Bolognese Canna Da Pesca Summer 5 mt + Mulinello Arya";B09C8VZKNJ;Home;39.000000;39;0;1
767;https://www.mgfishing.eu/990/kit-pesca-dalla-barca-completo-canna-210-mt-mulinello-arya-4000-lenza-2-pz-piombi-plastificati-a-pera.jpg;"Kit Pesca dalla Barca Completo Canna 2.10 mt + Mulinello Arya 4000 + Lenza + 2 pz Piombi plastificati a pera";B09C8W9TS1;"Kit Da Pesca";56.560000;56.56;0;1
766;https://www.mgfishing.eu/989/stock-250-ami-assortiti.jpg;"Stock 250 ami Assortiti";B09CD71SJN;Home;18.770000;18.77;0;1
765;https://www.mgfishing.eu/988/kit-seppia-canna-mulinello-filo-6-totanare-e-guadino.jpg;"Kit Seppia Canna + Mulinello Filo + 6 Totanare e Guadino";B09C8TMYFX;"Kit Da Pesca";56.560000;56.56;0;1
761;https://www.mgfishing.eu/984/kit-trota-lago-canna-in-carbonio-huron-trout-mulinello-nanga.jpg;"Kit Trota Lago Canna in Carbonio Huron Trout + Mulinello Nanga";B09CDN747D;"Kit Da Pesca";79.000000;84;0;1
760;https://www.mgfishing.eu/983/kit-pesca-trota-lago-canna-in-carbonio-mulinello-spock-e-filo.jpg;"Kit Pesca Trota Lago Canna in Carbonio + Mulinello Spock e Filo";B09CGXYT4J;"Kit Da Pesca";59.000000;59;2;0
759;https://www.mgfishing.eu/982/kit-pesca-alla-trota-lago-canna-da-pesca-razer-10-25-gr-mulinello-nanga-e-filo.jpg;"Kit Pesca alla Trota Lago Canna da Pesca Razer 10-25 gr + Mulinello Nanga e Filo";B09CGYYJHC;"Kit Da Pesca";49.000000;49;0;1
758;https://www.mgfishing.eu/981/kit-pesca-trota-lago-canna-prima-truot-2-6-gr-in-carbonio-mulinello-9-cuscinetti.jpg;"Kit Pesca Trota Lago Canna Prima Truot 2-6 gr in Carbonio + Mulinello 9 Cuscinetti";B09CH2NB2K;"Kit Da Pesca";39.000000;39;0;1
757;https://www.mgfishing.eu/980/kit-pesca-trota-lago-canna-mulinello-arya-e-filo.jpg;"Kit Pesca Trota Lago Canna + Mulinello Arya e Filo";B09CH3MKGX;"Kit Da Pesca";59.000000;59;10;0
755;https://www.mgfishing.eu/978/kit-surfcasting-shimano-sonora-surf-te-420-200g-kolpo-mulinello-pesca-surfcasting-king-sea-8000.jpg;"Kit shimano Surfcasting  Sonora Surf Tele 420 200g + Mulinello Surfcasting King Sea 8000";B09CL2L28B;"Kit Surfcasting";59.000000;59;0;1
754;https://www.mgfishing.eu/977/kit-surfcasting-shimano-sonora-surf-te-420-200g-mulinello-vektor-fd-6500-nessuno-unica.jpg;"Kit Surfcasting Shimano Sonora Surf Te 420-200g + Mulinello Vektor FD 6500 Nessuno Unica";B09CL9LVM1;"Kit Da Pesca";69.900000;69.9;0;1
751;https://www.mgfishing.eu/974/kit-surfcasting-shimano-sonora-surf-te-420-200g-shizuka-mulinello-da-pesca-imbobinato-sk7-7000-kolpo-puntale-k-race-surfcast.jpg;"Kit shimano Surfcasting  Sonora Surf Te 420-200g + SHIZUKA Mulinello Imbobinato SK7 7000 +  Puntale K-Race Surfcast";B09CTKDHGZ;"Kit Da Pesca";69.000000;69;0;1
750;https://www.mgfishing.eu/973/kit-surfcasting-shimano-sonora-surf-te-420-200g-mulinello-vektor-fd-6500-nessuno-unica-kolpo-puntale-k-race-surfcasting-blu.jpg;"Kit shimano Surfcasting  Sonora Surf Te 420-200g + Mulinello Vektor FD 6500  +  Puntale K-Race Surfcasting";B09CTM4RJ9;"Kit Da Pesca";69.000000;69;0;1
748;https://www.mgfishing.eu/971/kit-surfcasting-shimano-sonora-surf-te-420-200g-mulinello-vektor-fd-6500-nessuno-unica.jpg;"Kit shimano Surfcasting  Sonora Surf Te 420-200g + Mulinello Vektor FD 6500 Nessuno Unica";B09CL9LVM1;"Kit Da Pesca";59.000000;59;0;1
747;https://www.mgfishing.eu/970/kit-surfcasting-canna-200-gr-mulinello-king-sea-8000-filo-picchetto.jpg;"Kit Surfcasting Canna 200 gr + Mulinello King Sea 8000 Filo + Picchetto";B09CTZT4B2;"Kit Da Pesca";74.000000;74;0;1
746;https://www.mgfishing.eu/969/kit-surfcasting-canna-special-power-surf-2-sezioni-mulinello-tatler-fa-bobina-alluminio.jpg;"Kit Surfcasting Canna Special Power Surf 2 Sezioni + Mulinello Tatler FA Bobina Alluminio";B09CV33NQP;"Kit Da Pesca";56.560000;56.56;0;1
745;https://www.mgfishing.eu/968/kit-surfcasting-shizuka-sh1600-420-220g-kolpo-mulinello-pesca-surfcasting-king-sea-8000.jpg;"Kit Surfcasting Shizuka SH1600 420 220g +  Mulinello Pesca Surfcasting King Sea 8000";B09CZ8D97F;"Kit Surfcasting";59.000000;59;0;1
744;https://www.mgfishing.eu/967/kit-surfcasting-shizuka-sh1600-420-220g-mulinello-vektor-fd-6500.jpg;"Kit Surfcasting Shizuka SH1600 420 220g + Mulinello Vektor FD 6500";B09CZ9H8D3;"Kit Bolentino";59.000000;59;2;0
743;https://www.mgfishing.eu/966/kit-surfcasting-2pz-shizuka-sh1600-420-220g-2pz-lineaeffe-vigor-silk-line-7000-fd.jpg;"Kit Surfcasting 2pz Shizuka SH1600 420 220g + 2pz Lineaeffe Vigor Silk Line 7000 FD";B09D3JVN7H;"Kit Da Pesca";79.000000;79;2;0
742;https://www.mgfishing.eu/965/kit-surfcasting-shizuka-sh1600-420-220g-kolpo-mulinello-pesca-surfcasting-king-sea-8000-kolpo-puntale-k-race-surfcasting-blu.jpg;"Kit Surfcasting Shizuka SH1600 420 220g + Mulinello Pesca Surfcasting King Sea 8000 + Puntale K-Race Surfcasting Blu";B09D3NFB78;"Kit Da Pesca";59.000000;59;2;0
739;https://www.mgfishing.eu/962/kit-surfcasting-canna-special-power-surf-2-sezioni-mulinello-tatler-fa-bobina-alluminio.jpg;"Kit Surfcasting Canna Special Power Surf 2 Sezioni + Mulinello Tatler FA Bobina Alluminio";B09CV33NQP;"Kit Da Pesca";56.560000;56.56;0;1
738;https://www.mgfishing.eu/961/tatler-canna-da-pesca-loudtat-tele-270-travel-in-carbonio.jpg;"Tatler Canna da Pesca Loudtat Tele 2.70 Travel in Carbonio";B09D3T32PW;Home;64.750000;64.75;0;1
737;https://www.mgfishing.eu/960/tatler-stainless-steel-lip-grip-24-con-bilancia-15-kg.jpg;"Tatler Stainless Steel Lip Grip 24 con Bilancia 15 kg";B09D3VKQD4;"Forbici e Pinze";16.000000;16;2;0
736;https://www.mgfishing.eu/959/tatler-hero-mulinello-7-cuscinetti-frizione-anteriore.jpg;"Tatler Hero Mulinello 7 Cuscinetti Frizione Anteriore";B09D7NZCLX;"Mulinelli Bolognese e Spinning";39.000000;42;0;1
735;https://www.mgfishing.eu/958/tatler-hunter-mulinelli-da-pesca-4-cuscinetti-bobina-alluminio.jpg;"Tatler Hunter Mulinelli da Pesca 4 Cuscinetti Bobina Alluminio";B09D7PVHX2;"Mulinelli Bolognese e Spinning";29.000000;44;0;1
734;https://www.mgfishing.eu/957/tatler-canne-da-pesca-cattat-210-2-sezioni-75-150-gr.jpg;"Tatler Canne da Pesca Cattat 2.10 2 Sezioni 75-150 gr";B09D81ZZCQ;Home;32.700000;32.7;0;1
733;https://www.mgfishing.eu/956/tatler-fs-mulinello-da-pesca-3-cuscinetti-bobina-in-alluminio.jpg;"Tatler FS Mulinello da Pesca 3 Cuscinetti Bobina In Alluminio";B09D82GRT6;Home;29.900000;29.9;0;1
732;https://www.mgfishing.eu/955/tatler-magictat-canna-da-pesca-3-sez-240-mt-100-200-gr.jpg;"Tatler Magictat Canna da Pesca 3 sez 2.40 mt 100 200 gr";B09DCSHG3P;Home;39.000000;39;0;1
731;https://www.mgfishing.eu/954/tatler-canna-da-pesca-surfcasting-in-carbonio-420-mt-80-150-gr.jpg;"Tatler Canna da Pesca Surfcasting in Carbonio 4.20 mt 80 150 gr";B09DCTJ6DC;"Kit Da Pesca";49.100000;49.1;0;1
730;https://www.mgfishing.eu/953/tatler-canna-da-pesca-2-sezioni-360-mt-3-lb.jpg;"Tatler Canna da Pesca 2 Sezioni 3.60 Mt 3 lb";B09DCXC493;Home;40.900000;40.9;0;1
729;https://www.mgfishing.eu/952/tatler-tigertat-canna-da-pesca-trolling-30-80-lbs.jpg;"Tatler Tigertat Canna da Pesca Trolling 30 80 lbs";B09DCXJ4S5;Home;49.000000;49;0;1
728;https://www.mgfishing.eu/951/kit-spinning-bolognese-3pz-canne-2pz-mulinelli-fili-valigetta.jpg;"Kit Spinning Bolognese 3pz Canne + 2pz Mulinelli Fili + Valigetta";B09DD2MT5B;"Kit Da Pesca";56.560000;56.56;0;1
727;https://www.mgfishing.eu/950/kit-bolognese-canna-xrt-mulinello-galant-doppia-bobina.jpg;"Kit Bolognese Canna Xrt + Mulinello Galant Doppia Bobina";B09DD3FJCR;Home;59.000000;59;4;0
725;https://www.mgfishing.eu/948/kit-bolognese-canna-mulinello-lenze.jpg;"Kit Bolognese Canna + Mulinello + Lenze";B09DD4S12Z;Home;39.000000;49;0;1
724;https://www.mgfishing.eu/947/kit-pesca-completo-universale-per-tutte-le-tecniche-2-canne-2-mulinelli-1-fodero-1-tripode.jpg;"Kit pesca Completo Universale per Tutte le Tecniche 2 Canne + 2 Mulinelli +1 Fodero + 1 Tripode";B09DD88D59;"Kit Da Pesca";59.000000;59;0;1
723;https://www.mgfishing.eu/946/tatler-canna-da-pesca-2-sezioni-360-mt-3-lb.jpg;"Tatler Canna da Pesca 2 Sezioni 3.60 Mt 3 lb";B09DCXC493;Home;40.900000;40.9;0;1
722;https://www.mgfishing.eu/945/kit-pesca-lago-e-mare-canna-mulinello-vida-200-filo-guadino.jpg;"Kit Pesca Lago e Mare Canna + Mulinello Vida 200 Filo + Guadino";B09DG5FYG8;"Kit Da Pesca";39.000000;39;0;1
721;https://www.mgfishing.eu/944/kit-spinning-canna-soleil-light-mulinello-vida-e-filo-4-rotanti-vespa.jpg;"Kit Spinning Canna Soleil Light + Mulinello Vida e Filo + 4 Rotanti Vespa";B09DG5HYB2;"Kit Spinning";39.000000;39;2;0
720;https://www.mgfishing.eu/943/kit-spinning-canna-superlative-mulinello-cosmo.jpg;"Kit Spinning Canna Superlative + Mulinello Cosmo";B09DG86VCG;"Kit Spinning";29.000000;29;2;0
715;https://www.mgfishing.eu/938/kit-spinning-canna-soleil-light-mulinello-vida-e-filo-4-rotanti-vespa.jpg;"Kit Spinning Canna Soleil Light + Mulinello Vida e Filo + 4 Rotanti Vespa";B09DG5HYB2;"Kit Da Pesca";48.360000;48.36;0;1
713;https://www.mgfishing.eu/933/canna-carp-max-carp-rod-2-sezioni-360-mt-275-lbs.jpg;"Canna Carp Max Carp Rod 2 sezioni 3.60 mt 2.75 lbs";B09DL8H6LZ;"Canne Da Carpfishing";29.000000;29;2;0
712;https://www.mgfishing.eu/931/kolpo-power-light-da-pesca-45x39-mm-starlight-confezione-da-50-pezzi.jpg;"Power Light da Pesca 4.5x39 mm Starlight Confezione da 50 Pezzi";B09DLB3CDN;"Avvisatori Abboccata e Starlight";15.000000;15;2;0
709;https://www.mgfishing.eu/925/alberta-pesca-asta-telescopica-bolognese-canna-da-pesca-alla-trota-viaggio-ultra-spinning-luce-galleggiante-di-pesca-60m-can.jpg;"Alberta Pesca ​Asta Telescopica Bolognese Canna da Pesca alla Trota Viaggio Ultra Spinning Luce Galleggiante di Pesca-6.0m Can";B091YQDHGX;Home;0.000000;91.35;0;1
708;https://www.mgfishing.eu/924/kit-surfcasting-canna-lineaeffe-blue-wave-wtg-420mt-220g-mulinello-hikaru-force-ii-8000.jpg;"Kit Surfcasting Canna Lineaeffe Blue Wave WTG 4.20mt 220g.+ Mulinello Hikaru Force II 8000";B09JFVHVG9;"Kit Da Pesca";85.980000;85.98;0;1
707;https://www.mgfishing.eu/923/kit-eging-e-bolentino-canna-lineaeffe-deep-walker-180mt-200g-mulinello-lineaeffe-vigor-sl-fd-3000.jpg;"Kit Eging e Bolentino Canna Lineaeffe Deep Walker 1.80mt. 200g. + Mulinello Lineaeffe Vigor SL FD 3000";B09JGHRXMF;Home;49.000000;49;0;1
706;https://www.mgfishing.eu/922/kit-eging-e-bolentino-canna-lineaeffe-deep-walker-180mt-200g-mulinello-lineaeffe-vigor-mustang-3000.jpg;"Kit Eging e Bolentino Canna Lineaeffe Deep Walker 1.80mt. 200g. + Mulinello lineaeffe Vigor Mustang 3000";B09JJTHWCN;"Kit Da Pesca";57.000000;57;2;0
705;https://www.mgfishing.eu/921/kit-eging-e-bolentino-canna-lineaeffe-deep-walker-180mt-200g-mulinello-lineaeffe-vigor-smart-3000.jpg;"Kit Eging e Bolentino Canna Lineaeffe Deep Walker 1.80mt. 200g. + Mulinello lineaeffe Vigor Smart 3000";B09JK2PC58;"Kit Da Pesca";53.200000;53.2;0;1
704;https://www.mgfishing.eu/920/kit-eging-e-bolentino-canna-lineaeffe-deep-walker-180mt-200g-mulinello-lineaeffe-vigor-mustang-4000.jpg;"Kit Eging e Bolentino Canna Lineaeffe Deep Walker 1.80mt. 200g. + Mulinello lineaeffe Vigor Mustang 4000";B09JK62T3T;"Kit Da Pesca";55.000000;55;0;1
703;https://www.mgfishing.eu/919/kit-eging-e-bolentino-canna-lineaeffe-deep-walker-180mt-200g-mulinello-lineaeffe-vigor-smart-4000.jpg;"Kit Eging e Bolentino Canna Lineaeffe Deep Walker 1.80mt. 200g. + Mulinello lineaeffe Vigor smart 4000";B09JK68QLT;"Kit Da Pesca";53.200000;53.2;0;1
702;https://www.mgfishing.eu/918/kit-eging-e-bolentino-canna-lineaeffe-deep-walker-210mt-200g-mulinello-lineaeffe-vigor-boost-3000.jpg;"Kit Eging e Bolentino Canna Lineaeffe Deep Walker 2.10mt. 200g. + Mulinello lineaeffe Vigor Boost 3000";B09JK99J2H;"Canne Da Pesca";59.000000;59;2;0
701;https://www.mgfishing.eu/917/kit-eging-e-bolentino-canna-lineaeffe-deep-walker-210mt-200g-mulinello-lineaeffe-vigor-prime-3000.jpg;"Kit Eging e Bolentino Canna Lineaeffe Deep Walker 2.10mt. 200g. + Mulinello lineaeffe Vigor Prime 3000";B09JKDPQFS;"Kit Bolentino";58.930000;58.93;0;1
700;https://www.mgfishing.eu/916/kit-eging-e-bolentino-canna-lineaeffe-deep-walker-210mt-200g-mulinello-lineaeffe-blizzard-3000.jpg;"Kit Eging e Bolentino Canna Lineaeffe Deep Walker 2.10mt. 200g. + Mulinello lineaeffe Blizzard 3000";B09JKF179Y;"Kit Bolentino";58.930000;58.93;0;1
699;https://www.mgfishing.eu/915/kit-eging-e-bolentino-canna-lineaeffe-deep-walker-180mt-200g-mulinello-lineaeffe-vigor-mustang-4000.jpg;"Kit Eging e Bolentino Canna Lineaeffe Deep Walker 1.80mt. 200g. + Mulinello lineaeffe Vigor Mustang 4000";B09JK62T3T;"Kit Bolentino";57.300000;57.3;0;1
698;https://www.mgfishing.eu/914/kit-eging-e-bolentino-canna-lineaeffe-deep-walker-210mt-200g-mulinello-lineaeffe-blizzard-4000.jpg;"Kit Eging e Bolentino Canna Lineaeffe Deep Walker 2.10mt. 200g. + Mulinello lineaeffe Blizzard 4000";B09JKFVFPP;"Kit Bolentino";58.930000;58.93;0;1
697;https://www.mgfishing.eu/913/kit-eging-e-bolentino-canna-lineaeffe-deep-walker-210mt-200g-mulinello-lineaeffe-vigor-sl-fd-4000.jpg;"Kit Eging e Bolentino Canna Lineaeffe Deep Walker 2.10mt. 200g. + Mulinello lineaeffe Vigor SL FD 4000";B09JKGGG5N;"Kit Bolentino";50.740000;50.74;0;1
696;https://www.mgfishing.eu/912/kit-eging-e-bolentino-canna-lineaeffe-deep-walker-210mt-200g-mulinello-lineaeffe-vigor-prime-4000.jpg;"Kit Eging e Bolentino Canna Lineaeffe Deep Walker 2.10mt. 200g. + Mulinello lineaeffe Vigor Prime 4000";B09JKGK2KT;"Kit Bolentino";58.930000;58.93;0;1
695;https://www.mgfishing.eu/911/kit-eging-e-bolentino-canna-lineaeffe-deep-walker-210mt-200g-mulinello-lineaeffe-vigor-sl-fd-3000.jpg;"Kit Eging e Bolentino Canna Lineaeffe Deep Walker 2.10mt. 200g. + Mulinello lineaeffe Vigor SL FD 3000";B09JKGTRD7;"Kit Bolentino";50.740000;50.74;0;1
694;https://www.mgfishing.eu/910/kit-eging-e-bolentino-canna-lineaeffe-deep-walker-210mt-200g-mulinello-lineaeffe-vigor-mustang-4000.jpg;"Kit Eging e Bolentino Canna Lineaeffe Deep Walker 2.10mt. 200g. + Mulinello lineaeffe Vigor Mustang 4000";B09JKHHRVS;"Kit Da Pesca";58.930000;58.93;0;1
693;https://www.mgfishing.eu/909/kit-eging-e-bolentino-canna-lineaeffe-deep-walker-210mt-200g-mulinello-lineaeffe-vigor-mustang-3000.jpg;"Kit Eging e Bolentino Canna Lineaeffe Deep Walker 2.10mt. 200g. + Mulinello lineaeffe Vigor Mustang 3000";B09JKJ1DMW;"Kit Da Pesca";58.930000;58.93;0;1
692;https://www.mgfishing.eu/908/kit-eging-e-bolentino-canna-lineaeffe-deep-walker-200-240-m-up-to-200-g-mulinello-lineaeffe-vigor-power-4000.jpg;"Kit Eging e Bolentino Canna Lineaeffe Deep Walker 200 2.40 m - Up to 200 g + Mulinello Lineaeffe Vigor Power 4000";B09JKJ8QVG;"Canne Da Pesca";49.000000;49;2;0
691;https://www.mgfishing.eu/907/kit-eging-e-bolentino-canna-lineaeffe-deep-walker-210mt-200g-mulinello-lineaeffe-vigor-smart-4000.jpg;"Kit Eging e Bolentino Canna Lineaeffe Deep Walker 2.10mt. 200g. + Mulinello lineaeffe Vigor Smart 4000";B09JKKFYJ7;"Kit Bolentino";54.920000;54.92;0;1
690;https://www.mgfishing.eu/906/kit-eging-e-bolentino-canna-lineaeffe-deep-walker-210mt-200g-mulinello-lineaeffe-vigor-smart-4000.jpg;"Kit Eging e Bolentino Canna Lineaeffe Deep Walker 2.10mt. 200g. + Mulinello lineaeffe Vigor Smart 4000";B09JKKFYJ7;"Kit Bolentino";54.920000;54.92;0;1
689;https://www.mgfishing.eu/905/kit-eging-e-bolentino-canna-lineaeffe-deep-walker-210mt-200g-mulinello-lineaeffe-vigor-smart-3000.jpg;"Kit Eging e Bolentino Canna Lineaeffe Deep Walker 2.10mt. 200g. + Mulinello lineaeffe Vigor smart 3000";B09JKKQ2ZY;"Kit Da Pesca";54.920000;54.92;0;1
688;https://www.mgfishing.eu/904/kit-eging-e-bolentino-canna-lineaeffe-deep-walker-270mt-200g-mulinello-lineaeffe-vigor-boost-3000.jpg;"Kit Eging e Bolentino Canna Lineaeffe Deep Walker 2.70mt. 200g. + Mulinello lineaeffe Vigor Boost 3000";B09JKLQGK5;"Kit Bolentino";59.000000;59;0;1
687;https://www.mgfishing.eu/903/kit-eging-e-bolentino-canna-lineaeffe-deep-walker-200-240-m-up-to-200-g-mulinello-vigor-boost-4000.jpg;"Kit Eging e Bolentino Canna Lineaeffe Deep Walker 200 2.40 m - Up to 200 g + Mulinello Vigor Boost 4000";B09JKLYRBH;"Kit Bolentino";55.000000;55;0;1
686;https://www.mgfishing.eu/902/kit-eging-e-bolentino-canna-lineaeffe-deep-walker-200-240-m-up-to-200-g-mulinello-lineaeffe-blizzard-3000.jpg;"Kit Eging e Bolentino Canna Lineaeffe Deep Walker 200 2.40 m - Up to 200 g + Mulinello Lineaeffe Blizzard 3000";B09JKM3FG4;"Kit Bolentino";59.840000;59.84;0;1
685;https://www.mgfishing.eu/901/kit-eging-e-bolentino-canna-lineaeffe-deep-walker-200-240-m-up-to-200-g-mulinello-vigor-boost-3000.jpg;"Kit Eging e Bolentino Canna Lineaeffe Deep Walker 200 2.40 m - Up to 200 g + Mulinello Vigor Boost 3000";B09JKM3ZCG;"Kit Bolentino";59.840000;59.84;0;1
684;https://www.mgfishing.eu/900/kit-eging-e-bolentino-canna-lineaeffe-deep-walker-200-270-m-up-to-200-g-mulinello-lineaeffe-vigor-prime-3000.jpg;"Kit Eging e Bolentino Canna Lineaeffe Deep Walker 200 2.70 m - Up to 200 g + Mulinello Lineaeffe Vigor Prime 3000";B09JKMDXDV;"Kit Bolentino";62.210000;62.21;0;1
683;https://www.mgfishing.eu/899/kit-eging-e-bolentino-canna-lineaeffe-deep-walker-270mt-200g-mulinello-lineaeffe-blizzard-4000.jpg;"Kit Eging e Bolentino Canna Lineaeffe Deep Walker 2.70mt. 200g. + Mulinello lineaeffe Blizzard 4000";B09JKMLZ35;"Kit Bolentino";62.210000;62.21;0;1
682;https://www.mgfishing.eu/898/kit-eging-e-bolentino-canna-lineaeffe-deep-walker-270mt-200g-mulinello-lineaeffe-vigor-boost-4000.jpg;"Kit Eging e Bolentino Canna Lineaeffe Deep Walker 2.70mt. 200g. + Mulinello lineaeffe Vigor Boost 4000";B09JKMS97N;"Canne Da Pesca";63.000000;63;2;0
681;https://www.mgfishing.eu/897/kit-eging-e-bolentino-canna-lineaeffe-deep-walker-200-240-m-up-to-200-g-mulinello-lineaeffe-vigor-power-3000.jpg;"Kit Eging e Bolentino Canna Lineaeffe Deep Walker 200 2.40 m - Up to 200 g + Mulinello Lineaeffe Vigor Power 3000";B09JKMVGTR;"Kit Bolentino";55.740000;55.74;0;1
680;https://www.mgfishing.eu/896/kit-eging-e-bolentino-canna-lineaeffe-deep-walker-200-270-m-up-to-200-g-mulinello-lineaeffe-vigor-prime-4000.jpg;"Kit Eging e Bolentino Canna Lineaeffe Deep Walker 200 2.70 m - Up to 200 g + Mulinello Lineaeffe Vigor Prime 4000";B09JKNKNNG;"Kit Bolentino";62.210000;62.21;0;1
679;https://www.mgfishing.eu/895/kit-eging-e-bolentino-canna-lineaeffe-deep-walker-270mt-200g-mulinello-lineaeffe-blizzard-3000.jpg;"Kit Eging e Bolentino Canna Lineaeffe Deep Walker 2.70mt. 200g. + Mulinello lineaeffe Blizzard 3000";B09JKNRJWR;"Kit Bolentino";62.210000;62.21;0;1
678;https://www.mgfishing.eu/894/kit-eging-e-bolentino-canna-lineaeffe-deep-walker-200-270-m-up-to-200-g-mulinello-lineaeffe-vigor-sl-fd-3000.jpg;"Kit Eging e Bolentino Canna Lineaeffe Deep Walker 200 2.70 m - Up to 200 g + Mulinello Lineaeffe Vigor SL FD 3000";B09JKNWFJZ;"Kit Bolentino";54.020000;54.02;0;1
677;https://www.mgfishing.eu/893/kit-eging-e-bolentino-canna-lineaeffe-deep-walker-200-270-m-up-to-200-g-mulinello-lineaeffe-vigor-sl-fd-4000.jpg;"Kit Eging e Bolentino Canna Lineaeffe Deep Walker 200 2.70 m - Up to 200 g + Mulinello Lineaeffe Vigor SL FD 4000";B09JKSPSFS;"Kit Bolentino";54.020000;54.02;0;1
676;https://www.mgfishing.eu/892/kit-eging-e-bolentino-canna-lineaeffe-2-pezzi-boat-master-180m-150-g-mulinello-lineaeffe-vigor-boost-3000.jpg;"Kit Eging e Bolentino Canna Lineaeffe 2 Pezzi Boat Master 1.80m 150 g + Mulinello Lineaeffe Vigor Boost 3000";B09JKSXWCH;"Kit Da Pesca";46.000000;46;2;0
675;https://www.mgfishing.eu/891/kit-eging-e-bolentino-canna-lineaeffe-deep-walker-270mt-200g-mulinello-lineaeffe-vigor-boost-4000.jpg;"Kit Eging e Bolentino Canna Lineaeffe Deep Walker 2.70mt. 200g. + Mulinello lineaeffe Vigor Boost 4000";B09JKMS97N;"Kit Da Pesca";62.210000;62.21;0;1
674;https://www.mgfishing.eu/890/kit-eging-e-bolentino-canna-lineaeffe-2-pezzi-boat-master-180m-150-g-mulinello-lineaeffe-vigor-power-3000.jpg;"Kit Eging e Bolentino Canna Lineaeffe 2 Pezzi Boat Master 1.80m 150 g + Mulinello Lineaeffe Vigor Power 3000";B09JKWYZ5X;"Kit Da Pesca";49.100000;49.1;0;1
673;https://www.mgfishing.eu/889/kit-eging-e-bolentino-canna-lineaeffe-2-pezzi-boat-master-180m-150-g-mulinello-lineaeffe-blizzard-3000.jpg;"Kit Eging e Bolentino Canna Lineaeffe 2 Pezzi Boat Master 1.80m 150 g + Mulinello Lineaeffe Blizzard 3000";B09JNTZX3H;"Kit Da Pesca";54.020000;54.02;0;1
672;https://www.mgfishing.eu/888/kit-eging-e-bolentino-canna-lineaeffe-2-pezzi-boat-master-180m-150-g-mulinello-lineaeffe-vigor-power-4000.jpg;"Kit Eging e Bolentino Canna Lineaeffe 2 Pezzi Boat Master 1.80m 150 g + Mulinello Lineaeffe Vigor Power 4000";B09JNVSKJ9;"Kit Da Pesca";39.000000;39;2;0
671;https://www.mgfishing.eu/887/kit-eging-e-bolentino-canna-lineaeffe-2-pezzi-boat-master-180m-150-g-mulinello-lineaeffe-blizzard-4000.jpg;"Kit Eging e Bolentino Canna Lineaeffe 2 Pezzi Boat Master 1.80m 150 g + Mulinello Lineaeffe Blizzard 4000";B09JNWKST6;"Kit Da Pesca";53.200000;53.2;0;1
670;https://www.mgfishing.eu/886/kit-eging-e-bolentino-canna-lineaeffe-2-pezzi-boat-master-180m-150-g-mulinello-lineaeffe-vigor-prime-4000.jpg;"Kit Eging e Bolentino Canna Lineaeffe 2 Pezzi Boat Master 1.80m 150 g + Mulinello Lineaeffe Vigor Prime 4000";B09JNWNNXC;"Kit Da Pesca";53.200000;53.2;0;1
669;https://www.mgfishing.eu/885/kit-eging-e-bolentino-canna-lineaeffe-2-pezzi-boat-master-180m-150-g-mulinello-lineaeffe-vigor-prime-3000.jpg;"Kit Eging e Bolentino Canna Lineaeffe 2 Pezzi Boat Master 1.80m 150 g + Mulinello Lineaeffe Vigor Prime 3000";B09JNX9P6T;"Kit Da Pesca";53.200000;53.2;0;1
668;https://www.mgfishing.eu/884/kit-eging-e-bolentino-canna-lineaeffe-2-pezzi-boat-master-210m-150-g-mulinello-lineaeffe-blizzard-3000.jpg;"Kit Eging e Bolentino Canna Lineaeffe 2 Pezzi Boat Master 2.10m 150 g + Mulinello Lineaeffe Blizzard 3000";B09JNXF5TZ;"Kit Da Pesca";53.200000;53.2;0;1
667;https://www.mgfishing.eu/883/kit-eging-e-bolentino-canna-lineaeffe-2-pezzi-boat-master-180m-150-g-mulinello-lineaeffe-blizzard-4000.jpg;"Kit Eging e Bolentino Canna Lineaeffe 2 Pezzi Boat Master 1.80m 150 g + Mulinello Lineaeffe Blizzard 4000";B09JNWKST6;"Kit Da Pesca";53.200000;53.2;0;1
666;https://www.mgfishing.eu/882/kit-eging-e-bolentino-canna-lineaeffe-2-pezzi-boat-master-210-m-150-g-mulinello-lineaeffe-blizzard-4000.jpg;"Kit Eging e Bolentino Canna Lineaeffe 2 Pezzi Boat Master 2.10 m 150 g + Mulinello Lineaeffe Blizzard 4000";B09JNYFCV9;"Kit Da Pesca";53.200000;53.2;0;1
665;https://www.mgfishing.eu/881/kit-eging-e-bolentino-canna-lineaeffe-2-pezzi-boat-master-210m-150-g-mulinello-lineaeffe-vigor-power-4000.jpg;"Kit Eging e Bolentino Canna Lineaeffe 2 Pezzi Boat Master 2.10m 150 g + Mulinello Lineaeffe Vigor Power 4000";B09JNYY3J9;"Kit Da Pesca";49.100000;49.1;0;1
664;https://www.mgfishing.eu/880/kit-eging-e-bolentino-canna-lineaeffe-2-pezzi-boat-master-210m-150-g-mulinello-lineaeffe-vigor-boost-3000.jpg;"Kit Eging e Bolentino Canna Lineaeffe 2 Pezzi Boat Master 2.10m 150 g + Mulinello Lineaeffe Vigor Boost 3000";B09JNZHRQT;"Kit Da Pesca";49.000000;49;2;0
663;https://www.mgfishing.eu/879/kit-eging-e-bolentino-canna-lineaeffe-2-pezzi-boat-master-210m-150-g-mulinello-lineaeffe-vigor-prime-4000.jpg;"Kit Eging e Bolentino Canna Lineaeffe 2 Pezzi Boat Master 2.10m 150 g + Mulinello Lineaeffe Vigor Prime 4000";B09JNZRF2Q;"Kit Da Pesca";53.200000;53.2;0;1
662;https://www.mgfishing.eu/878/kit-eging-e-bolentino-canna-lineaeffe-2-pezzi-boat-master-210m-150-g-mulinello-lineaeffe-vigor-boost-4000.jpg;"Kit Eging e Bolentino Canna Lineaeffe 2 Pezzi Boat Master 2.10m 150 g + Mulinello Lineaeffe Vigor Boost 4000";B09JP1GN2P;"Kit Da Pesca";53.200000;53.2;0;1
661;https://www.mgfishing.eu/877/kit-eging-e-bolentino-canna-lineaeffe-2-pezzi-boat-master-180m-150-g-mulinello-lineaeffe-vigor-mustang-fd-3000.jpg;"Kit Eging e Bolentino Canna Lineaeffe 2 Pezzi Boat Master 1.80m 150 g + Mulinello Lineaeffe Vigor Mustang Fd 3000";B09JP1N3GK;"Kit Da Pesca";53.200000;53.2;0;1
660;https://www.mgfishing.eu/876/kit-eging-e-bolentino-canna-lineaeffe-2-pezzi-boat-master-180m-150-g-mulinello-lineaeffe-vigor-sl-fd-4000.jpg;"Kit Eging e Bolentino Canna Lineaeffe 2 Pezzi Boat Master 1.80m 150 g + Mulinello Lineaeffe Vigor SL FD 4000";B09JP1PGHQ;"Kit Da Pesca";45.000000;45;0;1
659;https://www.mgfishing.eu/875/kit-eging-e-bolentino-canna-lineaeffe-2-pezzi-boat-master-210-m-150-g-mulinello-lineaeffe-blizzard-4000.jpg;"Kit Eging e Bolentino Canna Lineaeffe 2 Pezzi Boat Master 2.10 m 150 g + Mulinello Lineaeffe Blizzard 4000";B09JNYFCV9;"Kit Da Pesca";53.200000;53.2;0;1
658;https://www.mgfishing.eu/874/kit-eging-e-bolentino-lineaeffe-canna-2-pezzi-rapid-eging-240mt-128g-mulinello-lineaeffe-vigor-boost-3000.jpg;"Kit Eging e Bolentino Lineaeffe Canna 2 Pezzi Rapid Eging 2.40mt. 128g.+ Mulinello Lineaeffe Vigor Boost 3000";B09JP2SVRB;"Kit Bolentino";61.390000;61.39;0;1
657;https://www.mgfishing.eu/873/kit-eging-e-bolentino-canna-lineaeffe-2-pezzi-boat-master-180m-150-g-mulinello-lineaeffe-vigor-mustang-fd-4000.jpg;"Kit Eging e Bolentino Canna Lineaeffe 2 Pezzi Boat Master 1.80m 150 g + Mulinello Lineaeffe Vigor Mustang Fd 4000";B09JP346ZS;"Kit Da Pesca";53.200000;53.2;0;1
656;https://www.mgfishing.eu/872/kit-eging-e-bolentino-lineaeffe-canna-2-pezzi-rapid-eging-240mt-128g-mulinello-lineaeffe-vigor-boost-4000.jpg;"Kit Eging e Bolentino Lineaeffe Canna 2 Pezzi Rapid Eging 2.40mt. 128g.+ Mulinello Lineaeffe Vigor Boost 4000";B09JP3P483;"Kit Da Pesca";61.390000;61.39;0;1
655;https://www.mgfishing.eu/871/kit-eging-e-bolentino-canna-lineaeffe-2-pezzi-boat-master-210m-150-g-mulinello-lineaeffe-vigor-sl-fd-4000.jpg;"Kit Eging e Bolentino Canna Lineaeffe 2 Pezzi Boat Master 2.10m 150 g + Mulinello Lineaeffe Vigor SL FD 4000";B09JP51JC8;"Kit Da Pesca";45.000000;45;0;1
654;https://www.mgfishing.eu/870/kit-eging-e-bolentino-canna-lineaeffe-2-pezzi-boat-master-180m-150-g-mulinello-vigor-smart-3000.jpg;"Kit Eging e Bolentino Canna Lineaeffe 2 Pezzi Boat Master 1.80m 150 g + Mulinello Vigor Smart 3000";B09JP52CVZ;"Kit Da Pesca";49.100000;49.1;0;1
653;https://www.mgfishing.eu/869/kit-eging-e-bolentino-canna-lineaeffe-2-pezzi-boat-master-180m-150-g-mulinello-vigor-smart-4000.jpg;"Kit Eging e Bolentino Canna Lineaeffe 2 Pezzi Boat Master 1.80m 150 g + Mulinello Vigor Smart 4000";B09JP536SB;"Kit Da Pesca";49.100000;49.1;0;1
652;https://www.mgfishing.eu/868/kit-eging-e-bolentino-canna-lineaeffe-2-pezzi-boat-master-210m-150-g-mulinello-lineaeffe-vigor-sl-fd-3000.jpg;"Kit Eging e Bolentino Canna Lineaeffe 2 Pezzi Boat Master 2.10m 150 g + Mulinello Lineaeffe Vigor SL FD 3000";B09JP5KX9X;"Kit Da Pesca";45.000000;45;0;1
651;https://www.mgfishing.eu/867/kit-eging-e-bolentino-canna-lineaeffe-2-pezzi-boat-master-210m-150-g-mulinello-lineaeffe-vigor-mustang-fd-4000.jpg;"Kit Eging e Bolentino Canna Lineaeffe 2 Pezzi Boat Master 2.10m 150 g + Mulinello Lineaeffe Vigor Mustang Fd 4000";B09JP5PMR9;"Kit Da Pesca";53.200000;53.2;0;1
650;https://www.mgfishing.eu/866/kit-eging-e-bolentino-canna-lineaeffe-2-pezzi-boat-master-210m-150-g-mulinello-vigor-smart-3000.jpg;"Kit Eging e Bolentino Canna Lineaeffe 2 Pezzi Boat Master 2.10m 150 g + Mulinello Vigor Smart 3000";B09JP5SKGJ;"Kit Da Pesca";49.100000;49.1;0;1
649;https://www.mgfishing.eu/865/kit-eging-e-bolentino-lineaeffe-canna-2-pezzi-rapid-eging-240mt-128g-mulinello-lineaeffe-vigor-sl-fd-4000.jpg;"Kit Eging e Bolentino Lineaeffe Canna 2 Pezzi Rapid Eging 2.40mt. 128g.+ Mulinello Lineaeffe Vigor SL FD 4000";B09JP5Z3VS;"Kit Da Pesca";53.200000;53.2;0;1
648;https://www.mgfishing.eu/864/kit-eging-e-bolentino-canna-lineaeffe-2-pezzi-boat-master-210m-150-g-mulinello-vigor-smart-4000.jpg;"Kit Eging e Bolentino Canna Lineaeffe 2 Pezzi Boat Master 2.10m 150 g + Mulinello Vigor Smart 4000";B09JP5ZCZ7;"Kit Da Pesca";49.100000;49.1;0;1
647;https://www.mgfishing.eu/863/kit-eging-e-bolentino-canna-lineaeffe-2-pezzi-boat-master-210m-150-g-mulinello-lineaeffe-vigor-mustang-fd-3000.jpg;"Kit Eging e Bolentino Canna Lineaeffe 2 Pezzi Boat Master 2.10m 150 g + Mulinello Lineaeffe Vigor Mustang Fd 3000";B09JP6L33S;"Kit Da Pesca";53.200000;53.2;0;1
646;https://www.mgfishing.eu/862/kit-eging-e-bolentino-canna-lineaeffe-2-pezzi-boat-master-240m-150-g-mulinello-lineaeffe-vigor-power-4000.jpg;"Kit Eging e Bolentino Canna Lineaeffe 2 Pezzi Boat Master 2.40m 150 g + Mulinello Lineaeffe Vigor Power 4000";B09JP6Q4LS;"Kit Da Pesca";49.100000;49.1;0;1
645;https://www.mgfishing.eu/861/kit-eging-e-bolentino-lineaeffe-canna-2-pezzi-rapid-eging-240mt-128g-mulinello-lineaeffe-vigor-mustang-3000.jpg;"Kit Eging e Bolentino Lineaeffe Canna 2 Pezzi Rapid Eging 2.40mt. 128g.+ Mulinello Lineaeffe Vigor Mustang 3000";B09JP6TDPB;"Kit Da Pesca";61.390000;61.39;0;1
644;https://www.mgfishing.eu/860/kit-eging-e-bolentino-canna-lineaeffe-2-pezzi-boat-master-240m-150-g-mulinello-lineaeffe-blizzard-4000.jpg;"Kit Eging e Bolentino Canna Lineaeffe 2 Pezzi Boat Master 2.40m 150 g + Mulinello Lineaeffe Blizzard 4000";B09JP7QSS3;"Kit Da Pesca";53.200000;53.2;0;1
643;https://www.mgfishing.eu/859/kit-eging-e-bolentino-canna-lineaeffe-2-pezzi-boat-master-240m-150-g-mulinello-lineaeffe-vigor-boost-4000.jpg;"Kit Eging e Bolentino Canna Lineaeffe 2 Pezzi Boat Master 2.40m 150 g + Mulinello Lineaeffe Vigor Boost 4000";B09JP86VJD;Home;53.000000;53;2;0
642;https://www.mgfishing.eu/858/kit-eging-e-bolentino-canna-lineaeffe-2-pezzi-boat-master-240m-150-g-mulinello-lineaeffe-vigor-boost-4000.jpg;"Kit Eging e Bolentino Canna Lineaeffe 2 Pezzi Boat Master 2.40m 150 g + Mulinello Lineaeffe Vigor Boost 4000";B09JP86VJD;"Canne Da Pesca";53.000000;53;2;0
641;https://www.mgfishing.eu/857/kit-eging-e-bolentino-canna-lineaeffe-2-pezzi-boat-master-240m-150-g-mulinello-lineaeffe-blizzard-3000.jpg;"Kit Eging e Bolentino Canna Lineaeffe 2 Pezzi Boat Master 2.40m 150 g + Mulinello Lineaeffe Blizzard 3000";B09JP8K6FL;"Kit Da Pesca";53.200000;53.2;0;1
640;https://www.mgfishing.eu/856/kit-eging-e-bolentino-lineaeffe-canna-2-pezzi-rapid-eging-240mt-128g-mulinello-lineaeffe-vigor-mustang-4000.jpg;"Kit Eging e Bolentino Lineaeffe Canna 2 Pezzi Rapid Eging 2.40mt. 128g.+ Mulinello Lineaeffe Vigor Mustang 4000";B09JP8L9MN;"Canne Da Pesca";59.000000;59;2;0
639;https://www.mgfishing.eu/855/kit-eging-e-bolentino-canna-lineaeffe-2-pezzi-boat-master-240m-150-g-mulinello-lineaeffe-vigor-boost-3000.jpg;"Kit Eging e Bolentino Canna Lineaeffe 2 Pezzi Boat Master 2.40m 150 g + Mulinello Lineaeffe Vigor Boost 3000";B09JP8VFM1;"Kit Da Pesca";53.200000;53.2;0;1
638;https://www.mgfishing.eu/854/kit-eging-e-bolentino-lineaeffe-canna-2-pezzi-rapid-eging-240mt-128g-mulinello-lineaeffe-vigor-smart-3000.jpg;"Kit Eging e Bolentino Lineaeffe Canna 2 Pezzi Rapid Eging 2.40mt. 128g.+ Mulinello Lineaeffe Vigor Smart 3000";B09JP97148;"Kit Da Pesca";57.300000;57.3;0;1
637;https://www.mgfishing.eu/853/kit-eging-e-bolentino-canna-lineaeffe-2-pezzi-boat-master-240m-150-g-mulinello-lineaeffe-vigor-power-3000.jpg;"Kit Eging e Bolentino Canna Lineaeffe 2 Pezzi Boat Master 2.40m 150 g + Mulinello Lineaeffe Vigor Power 3000";B09JP9R29G;"Kit Da Pesca";49.100000;49.1;0;1
636;https://www.mgfishing.eu/852/kit-eging-e-bolentino-canna-lineaeffe-2-pezzi-boat-master-240m-150-g-mulinello-lineaeffe-vigor-prime-3000.jpg;"Kit Eging e Bolentino Canna Lineaeffe 2 Pezzi Boat Master 2.40m 150 g + Mulinello Lineaeffe Vigor Prime 3000";B09JPB64BT;"Kit Da Pesca";53.200000;53.2;0;1
635;https://www.mgfishing.eu/851/kit-eging-e-bolentino-canna-lineaeffe-2-pezzi-boat-master-240m-150-g-mulinello-lineaeffe-vigor-boost-3000.jpg;"Kit Eging e Bolentino Canna Lineaeffe 2 Pezzi Boat Master 2.40m 150 g + Mulinello Lineaeffe Vigor Boost 3000";B09JP8VFM1;"Kit Da Pesca";53.200000;53.2;0;1
634;https://www.mgfishing.eu/850/kit-eging-e-bolentino-lineaeffe-canna-2-pezzi-rapid-eging-240mt-128g-mulinello-lineaeffe-vigor-smart-4000.jpg;"Kit Eging e Bolentino Lineaeffe Canna 2 Pezzi Rapid Eging 2.40mt. 128g.+ Mulinello Lineaeffe Vigor Smart 4000";B09JPBGC5C;"Kit Da Pesca";57.300000;57.3;0;1
633;https://www.mgfishing.eu/849/kit-eging-e-bolentino-canna-lineaeffe-2-pezzi-boat-master-240m-150-g-mulinello-lineaeffe-vigor-sl-fd-3000.jpg;"Kit Eging e Bolentino Canna Lineaeffe 2 Pezzi Boat Master 2.40m 150 g + Mulinello Lineaeffe Vigor SL FD 3000";B09JPBX66P;"Kit Da Pesca";45.000000;45;0;1
632;https://www.mgfishing.eu/848/kit-eging-e-bolentino-lineaeffe-canna-2-pezzi-rapid-eging-255mt-130g-mulinello-lineaeffe-vigor-prime-3000.jpg;"Kit Eging e Bolentino Lineaeffe Canna 2 Pezzi Rapid Eging 2.55mt. 130g.+ Mulinello Lineaeffe Vigor Prime 3000";B09JPCCK2J;"Canne Da Pesca";59.000000;59;2;0
631;https://www.mgfishing.eu/847/kit-eging-e-bolentino-canna-lineaeffe-2-pezzi-boat-master-240m-150-g-mulinello-vigor-smart-3000.jpg;"Kit Eging e Bolentino Canna Lineaeffe 2 Pezzi Boat Master 2.40m 150 g + Mulinello Vigor Smart 3000";B09JPCKWZQ;"Kit Da Pesca";49.100000;49.1;0;1
630;https://www.mgfishing.eu/846/kit-eging-e-bolentino-canna-lineaeffe-2-pezzi-boat-master-240m-150-g-mulinello-lineaeffe-vigor-sl-fd-4000.jpg;"Kit Eging e Bolentino Canna Lineaeffe 2 Pezzi Boat Master 2.40m 150 g + Mulinello Lineaeffe Vigor SL FD 4000";B09JPCL95Z;"Kit Da Pesca";45.000000;45;0;1
629;https://www.mgfishing.eu/845/kit-eging-e-bolentino-canna-shizuka-sh1000-180mt-150-g-mulinello-lineaeffe-vigor-boost-4000.jpg;"Kit Eging e Bolentino Canna Shizuka SH1000 1.80mt 150 g. + Mulinello Lineaeffe Vigor Boost 4000";B09JPCMG4B;"Kit Da Pesca";49.000000;49;2;0
628;https://www.mgfishing.eu/844/kit-eging-e-bolentino-canna-lineaeffe-2-pezzi-boat-master-240m-150-g-mulinello-lineaeffe-vigor-mustang-fd-4000.jpg;"Kit Eging e Bolentino Canna Lineaeffe 2 Pezzi Boat Master 2.40m 150 g + Mulinello Lineaeffe Vigor Mustang Fd 4000";B09JPCN9KV;"Kit Da Pesca";53.200000;53.2;0;1
627;https://www.mgfishing.eu/843/kit-eging-e-bolentino-canna-lineaeffe-2-pezzi-boat-master-240m-150-g-mulinello-lineaeffe-vigor-sl-fd-3000.jpg;"Kit Eging e Bolentino Canna Lineaeffe 2 Pezzi Boat Master 2.40m 150 g + Mulinello Lineaeffe Vigor SL FD 3000";B09JPBX66P;"Kit Da Pesca";45.000000;45;0;1
626;https://www.mgfishing.eu/842/kit-eging-e-bolentino-lineaeffe-canna-2-pezzi-rapid-eging-255mt-130g-mulinello-lineaeffe-vigor-power-3000.jpg;"Kit Eging e Bolentino Lineaeffe Canna 2 Pezzi Rapid Eging 2.55mt. 130g.+ Mulinello Lineaeffe Vigor Power 3000";B09JPD1B6P;"Kit Da Pesca";57.300000;57.3;0;1
625;https://www.mgfishing.eu/841/kit-eging-e-bolentino-canna-lineaeffe-2-pezzi-boat-master-240m-150-g-mulinello-vigor-smart-4000.jpg;"Kit Eging e Bolentino Canna Lineaeffe 2 Pezzi Boat Master 2.40m 150 g + Mulinello Vigor Smart 4000";B09JPD51NQ;"Kit Da Pesca";49.100000;49.1;0;1
624;https://www.mgfishing.eu/840/kit-eging-e-bolentino-lineaeffe-canna-2-pezzi-rapid-eging-255mt-130g-mulinello-lineaeffe-vigor-boost-3000.jpg;"Kit Eging e Bolentino Lineaeffe Canna 2 Pezzi Rapid Eging 2.55mt. 130g.+ Mulinello Lineaeffe Vigor boost 3000";B09JPDNW2S;"Kit Da Pesca";61.390000;61.39;0;1
623;https://www.mgfishing.eu/839/kit-eging-e-bolentino-canna-shizuka-sh1000-180mt-150-g-mulinello-lineaeffe-vigor-boost-3000.jpg;"Kit Eging e Bolentino Canna Shizuka SH1000 1.80mt 150 g. + Mulinello Lineaeffe Vigor Boost 3000";B09JPDXH22;"Kit Da Pesca";53.200000;53.2;0;1
622;https://www.mgfishing.eu/838/kit-eging-e-bolentino-canna-lineaeffe-2-pezzi-boat-master-240m-150-g-mulinello-lineaeffe-vigor-mustang-fd-3000.jpg;"Kit Eging e Bolentino Canna Lineaeffe 2 Pezzi Boat Master 2.40m 150 g + Mulinello Lineaeffe Vigor Mustang Fd 3000";B09JPG3SM3;"Kit Da Pesca";53.200000;53.2;0;1
621;https://www.mgfishing.eu/837/kit-eging-e-bolentino-lineaeffe-canna-2-pezzi-rapid-eging-255mt-130g-mulinello-lineaeffe-blizzard-4000.jpg;"Kit Eging e Bolentino Lineaeffe Canna 2 Pezzi Rapid Eging 2.55mt. 130g.+ Mulinello Lineaeffe Blizzard 4000";B09JPG6D4V;"Kit Da Pesca";60.660000;60.66;0;1
620;https://www.mgfishing.eu/836/kit-eging-e-bolentino-canna-shizuka-sh1000-180mt-150-g-mulinello-lineaeffe-vigor-power-4000.jpg;"Kit Eging e Bolentino Canna Shizuka SH1000 1.80mt 150 g. + Mulinello Lineaeffe Vigor Power 4000";B09JSDPR34;"Kit Da Pesca";49.100000;49.1;0;1
619;https://www.mgfishing.eu/835/kit-eging-e-bolentino-lineaeffe-canna-2-pezzi-rapid-eging-255mt-130g-mulinello-lineaeffe-vigor-power-3000.jpg;"Kit Eging e Bolentino Lineaeffe Canna 2 Pezzi Rapid Eging 2.55mt. 130g.+ Mulinello Lineaeffe Vigor Power 3000";B09JPD1B6P;"Kit Da Pesca";57.300000;57.3;0;1
618;https://www.mgfishing.eu/2341/kit-speed-eging-per-pesca-calamaro-e-seppia-canna-lineaeffe-squiddy-180m-100-g-mulinello-lineaeffe-vigor-sl-fd-4000.jpg;"Kit Speed Eging per Pesca Calamaro e Seppia Canna Lineaeffe Squiddy 1.80m 100 g + Mulinello Lineaeffe Vigor SL FD 4000";B09JWGMT14;"Kit Da Pesca";45.000000;45;1;0
617;https://www.mgfishing.eu/833/kit-speed-eging-per-pesca-calamaro-e-seppia-canna-lineaeffe-squiddy-180m-100-g-mulinello-lineaeffe-vigor-boost-3000.jpg;"Kit Speed Eging per Pesca Calamaro e Seppia Canna Lineaeffe Squiddy 1.80m 100 g + Mulinello Lineaeffe Vigor Boost 3000";B09JW72RG5;"Kit Da Pesca";49.000000;49;2;0
616;https://www.mgfishing.eu/832/kit-speed-eging-per-pesca-calamaro-e-seppia-canna-lineaeffe-squiddy-180m-100-g-mulinello-lineaeffe-vigor-boost-4000.jpg;"Kit Speed Eging per Pesca Calamaro e Seppia Canna Lineaeffe Squiddy 1.80m 100 g + Mulinello Lineaeffe Vigor Boost 4000";B09JW92BDQ;"Kit Da Pesca";49.000000;49;2;0
615;https://www.mgfishing.eu/831/kit-speed-eging-per-pesca-calamaro-e-seppia-canna-lineaeffe-squiddy-180m-100-g-mulinello-lineaeffe-blizzard-3000.jpg;"Kit Speed Eging per Pesca Calamaro e Seppia Canna Lineaeffe Squiddy 1.80m 100 g + Mulinello Lineaeffe Blizzard 3000";B09JW9CM4B;"Kit Da Pesca";53.200000;53.2;0;1
614;https://www.mgfishing.eu/830/kit-speed-eging-per-pesca-calamaro-e-seppia-canna-lineaeffe-squiddy-180m-100-g-mulinello-lineaeffe-vigor-sl-fd-3000.jpg;"Kit Speed Eging per Pesca Calamaro e Seppia Canna Lineaeffe Squiddy 1.80m 100 g + Mulinello Lineaeffe Vigor SL FD 3000";B09JWF8RN1;"Kit Da Pesca";39.000000;39;2;0
613;https://www.mgfishing.eu/829/kit-speed-eging-per-pesca-calamaro-e-seppia-canna-lineaeffe-squiddy-xl-180m-150-g-mulinello-lineaeffe-vigor-smart-4000.jpg;"Kit Speed Eging per Pesca Calamaro e Seppia Canna Lineaeffe Squiddy XL 1.80m 150 g + Mulinello Lineaeffe Vigor Smart 4000";B09JT1K5ZV;"Kit Da Pesca";49.100000;49.1;0;1
612;https://www.mgfishing.eu/828/kit-speed-eging-per-pesca-calamaro-e-seppia-canna-lineaeffe-squiddy-xl-160m-150-g-mulinello-lineaeffe-vigor-smart-3000.jpg;"Kit Speed Eging per Pesca Calamaro e Seppia Canna Lineaeffe Squiddy XL 1.60m 150 g + Mulinello Lineaeffe Vigor Smart 3000";B09JSZNZWM;"Kit Da Pesca";49.100000;49.1;0;1
611;https://www.mgfishing.eu/827/kit-speed-eging-per-pesca-calamaro-e-seppia-canna-lineaeffe-squiddy-xl-160m-150-g-mulinello-lineaeffe-vigor-smart-4000.jpg;"Kit Speed Eging per Pesca Calamaro e Seppia Canna Lineaeffe Squiddy XL 1.60m 150 g + Mulinello Lineaeffe Vigor Smart 4000";B09JSZLP7V;"Kit Da Pesca";49.100000;49.1;0;1
610;https://www.mgfishing.eu/826/kit-speed-eging-per-pesca-calamaro-e-seppia-canna-lineaeffe-squiddy-xl-180m-150-g-mulinello-lineaeffe-vigor-smart-3000.jpg;"Kit Speed Eging per Pesca Calamaro e Seppia Canna Lineaeffe Squiddy XL 1.80m 150 g + Mulinello Lineaeffe Vigor Smart 3000";B09JSYYBYL;"Kit Da Pesca";49.100000;49.1;0;1
609;https://www.mgfishing.eu/825/kit-speed-eging-calamaro-e-seppia-lineaeffe-squiddy-xl-180m-150-g-mulinello-lineaeffe-vigor-sl-fd-4000.jpg;"Kit Speed Eging per Pesca Calamaro e Seppia Canna Lineaeffe Squiddy XL 1.80m 150 g + Mulinello Lineaeffe Vigor SL FD 4000";B09JSY7C3Z;"Kit Bolentino";39.000000;39;2;0
608;https://www.mgfishing.eu/824/kit-speed-eging-per-pesca-calamaro-e-seppia-canna-lineaeffe-squiddy-xl-160m-150-g-mulinello-lineaeffe-vigor-prime-3000.jpg;"Kit Speed Eging per Pesca Calamaro e Seppia Canna Lineaeffe Squiddy XL 1.60m 150 g + Mulinello Lineaeffe Vigor Prime 3000";B09JSV4R6F;"Kit Da Pesca";53.200000;53.2;0;1
607;https://www.mgfishing.eu/823/kit-speed-eging-per-pesca-calamaro-e-seppia-canna-lineaeffe-squiddy-xl-180m-150-g-mulinello-lineaeffe-blizzard-4000.jpg;"Kit Speed Eging per Pesca Calamaro e Seppia Canna Lineaeffe Squiddy XL 1.80m 150 g + Mulinello Lineaeffe Blizzard 4000";B09JSST7Z6;"Kit Da Pesca";53.200000;53.2;0;1
606;https://www.mgfishing.eu/822/kit-speed-eging-per-pesca-calamaro-e-seppia-canna-lineaeffe-squiddy-xl-180m-150-g-mulinello-lineaeffe-blizzard-3000.jpg;"Kit Speed Eging per Pesca Calamaro e Seppia Canna Lineaeffe Squiddy XL 1.80m 150 g + Mulinello Lineaeffe Blizzard 3000";B09JSS29LF;"Kit Da Pesca";53.200000;53.2;0;1
605;https://www.mgfishing.eu/821/kit-speed-eging-per-pesca-calamaro-e-seppia-canna-lineaeffe-squiddy-160m-100-g-mulinello-lineaeffe-blizzard-4000.jpg;"Kit Speed Eging per Pesca Calamaro e Seppia Canna Lineaeffe Squiddy 1.60m 100 g + Mulinello Lineaeffe Blizzard 4000";B09JSRRWY3;"Kit Da Pesca";53.200000;53.2;0;1
604;https://www.mgfishing.eu/820/kit-speed-eging-per-pesca-calamaro-e-seppia-canna-lineaeffe-squiddy-xl-180m-150-g-mulinello-lineaeffe-vigor-boost-3000.jpg;"Kit Speed Eging per Pesca Calamaro e Seppia Canna Lineaeffe Squiddy XL 1.80m 150 g + Mulinello Lineaeffe Vigor Boost 3000";B09JSRL53M;"Kit Da Pesca";53.200000;53.2;0;1
603;https://www.mgfishing.eu/819/kit-speed-eging-per-pesca-calamaro-e-seppia-canna-lineaeffe-squiddy-xl-160m-150-g-mulinello-lineaeffe-blizzard-4000.jpg;"Kit Speed Eging per Pesca Calamaro e Seppia Canna Lineaeffe Squiddy XL 1.60m 150 g + Mulinello Lineaeffe Blizzard 4000";B09JSRFGFY;"Kit Da Pesca";53.200000;53.2;0;1
602;https://www.mgfishing.eu/818/kit-speed-eging-per-pesca-calamaro-e-seppia-canna-lineaeffe-squiddy-xl-160m-150-g-mulinello-lineaeffe-vigor-boost-3000.jpg;"Kit Speed Eging per Pesca Calamaro e Seppia Canna Lineaeffe Squiddy XL 1.60m 150 g + Mulinello Lineaeffe Vigor Boost 3000";B09JSPYW4V;"Kit Da Pesca";49.000000;49;2;0
601;https://www.mgfishing.eu/817/kit-speed-eging-per-pesca-calamaro-e-seppia-canna-lineaeffe-squiddy-xl-180m-150-g-mulinello-lineaeffe-vigor-power-4000.jpg;"Kit Speed Eging per Pesca Calamaro e Seppia Canna Lineaeffe Squiddy XL 1.80m 150 g + Mulinello Lineaeffe Vigor Power 4000";B09JSPM2ST;"Kit Da Pesca";49.100000;49.1;0;1
600;https://www.mgfishing.eu/816/kit-speed-eging-per-pesca-calamaro-e-seppia-canna-lineaeffe-squiddy-xl-160m-150-g-mulinello-lineaeffe-vigor-boost-4000.jpg;"Kit Speed Eging per Pesca Calamaro e Seppia Canna Lineaeffe Squiddy XL 1.60m 150 g + Mulinello Lineaeffe Vigor Boost 4000";B09JSNYLJD;"Kit Da Pesca";53.200000;53.2;0;1
599;https://www.mgfishing.eu/815/kit-speed-eging-per-pesca-calamaro-e-seppia-canna-lineaeffe-squiddy-160m-100-g-mulinello-lineaeffe-vigor-boost-3000.jpg;"Kit Speed Eging per Pesca Calamaro e Seppia Canna Lineaeffe Squiddy 1.60m 100 g + Mulinello Lineaeffe Vigor Boost 3000";B09JSNQ7N3;"Kit Da Pesca";53.200000;53.2;0;1
598;https://www.mgfishing.eu/814/kit-eging-e-bolentino-canna-shizuka-sh1000-210mt-150-g-mulinello-lineaeffe-vigor-sl-fd-4000.jpg;"Kit Eging e Bolentino Canna Shizuka SH1000 2.10mt 150 g. + Mulinello Lineaeffe Vigor SL FD 4000";B09JSJ8DWD;"Kit Da Pesca";45.000000;45;0;1
597;https://www.mgfishing.eu/813/kit-eging-e-bolentino-canna-shizuka-sh1000-210mt-150-g-mulinello-lineaeffe-vigor-sl-fd-3000.jpg;"Kit Eging e Bolentino Canna Shizuka SH1000 2.10mt 150 g. + Mulinello Lineaeffe Vigor SL FD 3000";B09JSHTWPZ;"Kit Da Pesca";45.000000;45;0;1
596;https://www.mgfishing.eu/812/kit-eging-e-bolentino-canna-shizuka-sh1000-180mt-150-g-mulinello-lineaeffe-blizzard-3000.jpg;"Kit Eging e Bolentino Canna Shizuka SH1000 1.80mt 150 g. + Mulinello Lineaeffe Blizzard 3000";B09JSHQLFM;"Kit Da Pesca";53.200000;53.2;0;1
595;https://www.mgfishing.eu/811/kit-eging-e-bolentino-canna-shizuka-sh1000-180mt-150-g-mulinello-lineaeffe-blizzard-3000.jpg;"Kit Eging e Bolentino Canna Shizuka SH1000 1.80mt 150 g. + Mulinello Lineaeffe Blizzard 3000";B09JSHQLFM;"Kit Da Pesca";53.200000;53.2;0;1
594;https://www.mgfishing.eu/810/kit-traina-canna-lineaeffe-travel-boat-210m-250-g-lineaeffe-mulinello-currican-braid-troll-300.jpg;"Kit Traina Canna Lineaeffe Travel Boat 2.10m 250 g + Lineaeffe Mulinello Currican Braid Troll 300";B09JWNV721;"Kit Da Pesca";77.050000;77.05;0;1
593;https://www.mgfishing.eu/809/kit-traina-canna-lineaeffe-travel-boat-210m-250-g-lineaeffe-mulinello-currican-braid-troll-500.jpg;"Kit Traina Canna Lineaeffe Travel Boat 2.10m 250 g + Lineaeffe Mulinello Currican Braid Troll 500";B09JWP946W;"Kit Da Pesca";81.150000;81.15;0;1
592;https://www.mgfishing.eu/808/kit-surfcasting-2pz-canna-vektor-4-m-150-gr-2-pz-mulinello-king-sea-8000.jpg;"Kit trabucco Surfcasting 2Pz Canna Vektor 4 m 150 Gr + 2 Pz Mulinello King Sea 8000";B097YKHYV6;"Kit Da Pesca";139.000000;139;1;0
590;https://www.mgfishing.eu/806/kit-spinning-canna-soleil-spin-mulinello-tatler-e-filo.jpg;"Kit Spinning Canna Soleil Spin + Mulinello Tatler e Filo";B09DG6BPTN;"Kit Da Pesca";48.360000;48.36;0;1
588;https://www.mgfishing.eu/802/3-pz-lenza-3-ami-pronta-top-pesca-misura-amo-4.jpg;"3 Pz Lenza 3 ami Pronta Top Pesca - Misura Amo 4";B097T9JWH4;"Kit Da Pesca";6.900000;6.9;10;0
587;https://www.mgfishing.eu/801/kolpo-bite-indicator-mk2-pesca-carpfishing-blu.jpg;"kit 4pz Bite Indicator mk2 Pesca Carpfishing (blu)rosso,giallo,verde";B0987J1XXT;"Avvisatori Abboccata e Starlight";32.000000;32;0;1
586;https://www.mgfishing.eu/1138/valigetta-porta-attrezzatura-da-pesca-misure-335x153x1458-mm-colore-soggetto-alla-disponibilita.jpg;"valigetta porta attrezzatura da pesca, Misure: 335x153x1458 mm, colore soggetto alla disponibilità";B097PCF23J;"Borse porta attrezzatura";9.900000;9.9;1;0
585;https://www.mgfishing.eu/799/kit-surfcasting-colmic-canna-altura-420-m-100-200-gr-trabucco-dayton-sw-8000.jpg;"Kit Surfcasting Colmic Canna Altura 4,20 m 100-200 Gr + Trabucco Dayton SW 8000";B09BCQ4PQF;"Kit Surfcasting";89.000000;89;0;1
584;https://www.mgfishing.eu/798/kit-surfcasting-2pz-colmic-canna-altura-420-m-100-200-gr-2pz-trabucco-dayton-sw-8000-mulinello.jpg;"Kit Surfcasting 2 Colmic Canna Altura 4,20 m 100-200 Gr+ 2 Trabucco Dayton SW 8000";B09BCT13NZ;"Kit Surfcasting";179.000000;179;-1;1
580;https://www.mgfishing.eu/794/kit-surfcasting-2-pz-canna-sonica-150-gr-420-mt-2-pz-mulinello-oceanic-8000.jpg;"Kit Surfcasting 2 PZ Canna Sonica 150 gr 420 mt + 2 PZ Mulinello Oceanic 8000";B09BW3X7D2;Home;105.740000;105.74;0;1
576;https://www.mgfishing.eu/790/kit-surfcasting-2-pz-canna-sonica-150-gr-420-mt-2-pz-mulinello-oceanic-8000.jpg;"Kit Surfcasting 2 PZ Canna Sonica 150 gr 420 mt + 2 PZ Mulinello Oceanic 8000";B09BW3X7D2;Home;105.740000;105.74;0;1
574;https://www.mgfishing.eu/788/kit-bolognese-kolpo-futura-famosa-canna-7-mt-mulinello-shimano-fx-2500.jpg;"Kit shimano Bolognese  Futura Famosa Canna 7 Mt + Mulinello Shimano FX 2500";B09C25ZNMS;"Canne Da Pesca";149.000000;149;0;1
573;https://www.mgfishing.eu/787/kit-2pz-canne-420-ambassator-surf-160-gr-2pz-mulinelli-king-sea.jpg;"Kit 2pz Canne 420 Ambassator Surf 160 gr + 2pz Mulinelli King Sea";B09C8G1MHM;"Kit Da Pesca";122.130000;122.13;0;1
572;https://www.mgfishing.eu/786/kit-carpfishing-2pz-canne-big-carp-2pz-mulinelli-oyster-1pz-fodero-portacanne.jpg;"Kit CarpFishing 2pz canne Big Carp + 2pz Mulinelli Oyster+ 1pz fodero portacanne";B09C8H4Z5H;"Canne Da Carpfishing";129.000000;129;0;1
570;https://www.mgfishing.eu/784/kit-surfcasting-2pz-canne-sele-cyclone-surf-2pz-mulinelli-arya-6000-filo.jpg;"Kit Surfcasting 2pz Canne Sele Cyclone surf + 2pz Mulinelli Arya 6000 + Filo";B09CH1H3W8;"Kit Da Pesca";113.930000;113.93;0;1
569;https://www.mgfishing.eu/783/kit-surfcasting-2pz-shimano-sonora-surf-te-420-200g-2pz-mulinello-lineaeffe-atlantic-7000.jpg;"Kit shimano Surfcasting 2pz Shimano Sonora Surf Te 420-200g + 2pz Mulinello Lineaeffe Atlantic 7000";B09CL9GXF7;"Kit Da Pesca";119.000000;119;0;1
567;https://www.mgfishing.eu/781/kit-surfcasting-2pz-shimano-sonora-surf-te-420-200g-2pz-mulinello-lineaeffe-atlantic-7000-2pz-kolpo-puntale-k-race-surfcasti.jpg;"Kit shimano Surfcasting 2pz Shimano Sonora Surf Te 420-200g + 2pz Mulinello Lineaeffe Atlantic 7000 + 2pz  Puntale  Surfcasti";B09CTLFJD5;"Kit Da Pesca";139.000000;139;0;1
566;https://www.mgfishing.eu/780/kit-surfcasting-2pz-canna-shimano-sonora-surf-te-420-200g-2-pz-kolpo-mulinello-surfcasting-king-sea-orange-8000-2pz-kolpo-pu.jpg;"Kit Surfcasting 2pz Canna Shimano Sonora S King Sea Oraurf Te 420-200g + 2 pz  Mulinello Surfcastingnge 8000 + 2pz  Pu";B09CTLY9GV;"Kit Da Pesca";139.000000;139;0;1
565;https://www.mgfishing.eu/779/kit-surfcasting-2pz-shimano-sonora-surf-te-420-200g-2pz-kolpo-mulinello-pesca-surfcasting-king-sea-8000-2pz-kolpo-puntale-k-.jpg;"Kit Surfcasting 2pz Shimano Sonora Surf Te 420-200g + 2pz  Mulinello Pesca Surfcasting King Sea 8000 + 2pz  Puntale K-";B09CTRH3RQ;"Kit Da Pesca";159.000000;159;0;1
564;https://www.mgfishing.eu/778/kit-surfcasting-2pz-shimano-sonora-surf-te-420-200g-2pz-shizuka-mulinello-da-pesca-imbobinato-sk7-7000-2pz-kolpo-puntale-k-r.jpg;"Kit Surfcasting 2pz Shimano Sonora Surf Te 420-200g + 2pz SHIZUKA Mulinello da Pesca Imbobinato SK7 7000 + 2pz  Puntale K-R";B09CTRKJV6;"Kit Da Pesca";129.000000;129;0;1
556;https://www.mgfishing.eu/769/kit-surfcasting-canna-lince-surf-mulinellotalent-sw-e-filo-sedia.jpg;"Kit Surfcasting Canna Lince surf + MulinelloTalent Sw e Filo + Sedia";B09CV41XJG;"Kit Da Pesca";99.000000;105;0;1
555;https://www.mgfishing.eu/768/kit-surfcasting-2pz-shizuka-sh1600-420-220g-2pz-mulinello-imbobinato-sk7-7000.jpg;"Kit Surfcasting 2 Shizuka SH1600 420 220g + 2 Mulinello Imbobinato SK7 7000";B09D3H7192;"Kit Surfcasting";119.900000;119.9;3;0
554;https://www.mgfishing.eu/767/kit-surfcasting-2pz-shizuka-sh1600-420-220g-2pz-lineaeffe-atlantic-8000-mulinello-da-pesca-con-filo-blu.jpg;"Kit Surfcasting 2pz Shizuka SH1600 420 220g + 2pz Lineaeffe Atlantic 8000 Mulinello da Pesca Con Filo Blu";B09D3JTC8C;"Kit Da Pesca";89.000000;89;2;0
553;https://www.mgfishing.eu/766/kit-surfcasting-2pz-shizuka-sh1600-420-220g-2pz-mulinello-vektor-fd-6500.jpg;"Kit Surfcasting 2pz Shizuka SH1600 420 220g + 2pz Mulinello Vektor FD 6500";B09D3JZZL1;"Kit Da Pesca";89.340000;89.34;0;1
552;https://www.mgfishing.eu/765/kit-spinning-canna-stratist-spin-mulinello-yory-14-cuscinetti.jpg;"Kit Spinning Canna Stratist Spin + Mulinello Yory 14 Cuscinetti";B09DD6Y9MN;"Kit Da Pesca";97.540000;97.54;0;1
551;https://www.mgfishing.eu/764/kit-surfcasting-2pz-shizuka-sh1600-420-220g-2pz-mulinello-imbobinato-sk7-7000.jpg;"Kit Surfcasting 2pz Shizuka SH1600 420 220g + 2pz Mulinello Imbobinato SK7 7000";B09D3H7192;"Kit Da Pesca";89.340000;89.34;0;1
550;https://www.mgfishing.eu/763/kit-carpfishing-stupendo-canna-360-metri-mulinello-avvisatore-2pz-poggiacanna-fodero.jpg;"Kit Carpfishing Stupendo Canna 3,60 metri+ Mulinello + Avvisatore + 2pz Poggiacanna + Fodero";B09DGJMRH8;"Canne Da Carpfishing";99.000000;99;0;1
549;https://www.mgfishing.eu/762/kit-surfcasting-2-canne-lineaeffe-blue-wave-wtg-420mt-220g-2-mulinelli-team-specialist-ts-heavy-specimen-8000.jpg;"Kit Surfcasting 2 Canne Lineaeffe Blue Wave WTG 4.20mt. 220g.+ 2 Mulinelli Team Specialist TS Heavy Specimen 8000";B09JCL9PC3;"Kit Da Pesca";184.340000;184.34;0;1
548;https://www.mgfishing.eu/761/kit-traina-lineaeffe-2-canne-ff-special-pelagic-205cm-285g-2-mulinelli-lineaeffe-jd-trolling-300-cintura-portacanna-da-train.jpg;"Kit Traina Lineaeffe 2 canne FF Special Pelagic 205cm 285g + 2 Mulinelli Lineaeffe JD Trolling 300 + Cintura Portacanna Da Train";B09JWMW2BQ;"Kit Da Pesca";219.000000;219;2;0
547;https://www.mgfishing.eu/760/kit-traina-lineaeffe-canna-live-bait-trolling-210m-80lbs-mulinello-lineaeffe-jd-trolling-cintura-portacanna-da-traina-line.jpg;"Kit Traina Lineaeffe Canna Live Bait Trolling 2.10m 8.0lbs + Mulinello Lineaeffe JD Trolling + Cintura Portacanna Da Traina Line";B09JWTKRT5;"Kit Da Pesca";139.000000;139;4;0
546;https://www.mgfishing.eu/759/kit-carpfishing-stupendo-canna-360-metri-mulinello-avvisatore-2pz-poggiacanna-fodero.jpg;"Kit Carpfishing Stupendo Canna 3,60 metri+ Mulinello + Avvisatore + 2pz Poggiacanna + Fodero";B09DGJMRH8;"Kit Da Pesca";109.000000;109;0;1
545;https://www.mgfishing.eu/756/kit-traina-lineaeffe-canna-live-bait-trolling-210m-200lbs-mulinello-lineaeffe-jd-trolling-cintura-portacanna-da-traina-lin.jpg;"Kit Traina Lineaeffe Canna Live Bait Trolling 2.10m 20.0lbs + Mulinello Lineaeffe JD Trolling + Cintura Portacanna Da Traina Lin";B09JWTKLF9;"Kit Da Pesca";149.000000;149;2;0
544;https://www.mgfishing.eu/753/kit-traina-lineaeffe-2-canne-live-bait-trolling-210m-160lbs-2pz-mulinelli-lineaeffe-jd-trolling.jpg;"Kit Traina Lineaeffe 2 Canne Live Bait Trolling 2.10m 16.0lbs +2pz Mulinelli Lineaeffe JD Trolling";B09JWWD5FS;"Kit Da Pesca";249.000000;249;4;0
543;https://www.mgfishing.eu/750/kit-traina-lineaeffe-2-canne-live-bait-trolling-210m-120lbs-2pz-mulinelli-lineaeffe-jd-trolling.jpg;"Kit Traina Lineaeffe 2 Canne Live Bait Trolling 2.10m 12.0lbs +2pz Mulinelli Lineaeffe JD Trolling";B09JWTWDLD;"Kit Da Pesca";249.000000;249;4;0
542;https://www.mgfishing.eu/747/kit-traina-lineaeffe-canna-live-bait-trolling-210m-160lbs-mulinello-lineaeffe-jd-trolling-cintura-portacanna-da-traina-lin.jpg;"Kit Traina Lineaeffe Canna Live Bait Trolling 2.10m 16.0lbs + Mulinello Lineaeffe JD Trolling + Cintura Portacanna Da Traina Lin";B09JWSX19C;"Kit Da Pesca";139.000000;139;4;0
541;https://www.mgfishing.eu/744/kit-traina-lineaeffe-2-canne-live-bait-trolling-210m-120lbs-2pz-mulinelli-lineaeffe-jd-trolling.jpg;"Kit Traina Lineaeffe 2 Canne Live Bait Trolling 2.10m 12.0lbs +2pz Mulinelli Lineaeffe JD Trolling";B09JWTWDLD;"Kit Da Pesca";249.000000;249;4;0
540;https://www.mgfishing.eu/741/kit-traina-lineaeffe-2-canne-live-bait-trolling-210m-120lbs-2pz-mulinelli-lineaeffe-jd-trolling-lineaeffe-cintura-portacann.jpg;"Kit Traina Lineaeffe 2 Canne Live Bait Trolling 2.10m 12.0lbs +2pz Mulinelli Lineaeffe JD Trolling + Lineaeffe Cintura Portacann";B09JZBPHFV;"Kit Da Pesca";259.000000;259;4;0
539;https://www.mgfishing.eu/738/kit-traina-lineaeffe-2-canne-live-bait-trolling-210m-200lbs-2pz-mulinelli-lineaeffe-jd-trolling-lineaeffe-cintura-portacann.jpg;"Kit Traina Lineaeffe 2 Canne Live Bait Trolling 2.10m 20.0lbs +2pz Mulinelli Lineaeffe JD Trolling + Lineaeffe Cintura Portacann";B09JZCXL7K;"Kit Da Pesca";259.000000;259;4;0
538;https://www.mgfishing.eu/735/kit-traina-lineaeffe-2-canne-live-bait-trolling-210m-160lbs-2pz-mulinelli-lineaeffe-jd-trolling-lineaeffe-cintura-portacann.jpg;"Kit Traina Lineaeffe 2 Canne Live Bait Trolling 2.10m 16.0lbs +2pz Mulinelli Lineaeffe JD Trolling + Lineaeffe Cintura Portacann";B09JZFBWJ9;"Kit Da Pesca";259.000000;259;4;0
537;https://www.mgfishing.eu/729/kit-traina-2-canne-islamorada-stand-up-170-m-57-20-30-lb-2pz-mulinelli-lineaeffe-jd-trolling.jpg;"Kit Traina 2 Canne Islamorada Stand Up 1.70 m-5’7” - 20-30 lb + 2pz Mulinelli Lineaeffe JD Trolling";B09JZHVKML;"Kit Da Pesca";349.900000;349.9;0;1
536;https://www.mgfishing.eu/725/kit-traina-lineaeffe-2-canne-miami-8-16-lbs-680-g-165-m-56-ft-2pz-mulinelli-lineaeffe-jd-trolling-lineaeffe-cintu.jpg;"Kit Traina Lineaeffe 2 Canne Miami 8 - 16 lbs 680 g 1.65 m - 5´6´´ ft + 2pz Mulinelli Lineaeffe JD Trolling + Lineaeffe Cintu";B09K431SZN;"Kit Da Pesca";219.900000;219.9;0;1
535;https://www.mgfishing.eu/722/kit-traina-lineaeffe-2-canne-live-bait-trolling-210m-120lbs-2pz-mulinelli-lineaeffe-jd-trolling-lineaeffe-cintura-portacann.jpg;"Kit Traina Lineaeffe 2 Canne Live Bait Trolling 2.10m 12.0lbs +2pz Mulinelli Lineaeffe JD Trolling + Lineaeffe Cintura Portacann";B09JZBPHFV;"Kit Da Pesca";379.900000;379.9;0;1
534;https://www.mgfishing.eu/720/2-x-kolpo-puntali-da-sabbia-k-race-verdi-100cm-alluminio-altamente-resistente-accessori-florescenti-viti-in-ottone.jpg;"2 x  Puntali da sabbia K-Race Verdi 100cm, alluminio altamente resistente, accessori florescenti, viti in ottone";B096K9JXSY;Puntali;18.900000;18.9;2;0
533;https://www.mgfishing.eu/719/abu-garcia-kit-scatolina-60-ami.jpg;"Abu Garcia Kit Scatolina + 60 ami";B08GCGHJ2B;Home;15.570000;15.57;0;1
532;https://www.mgfishing.eu/718/kolpo-kit-avvisatori-acustici-set-da-3-pz-pesca-carpfishing.jpg;"Kit Avvisatori Acustici Set da 3 pz Pesca Carpfishing";B0987DFNCW;"Avvisatori Abboccata e Starlight";29.000000;29;2;0
531;https://www.mgfishing.eu/717/tatler-fighttat-mulinello-spincast-100-per-canne-da-baicast.jpg;"Tatler Fighttat Mulinello Spincast 100 per Canne da Baicast";B09D3SNBY8;Home;31.970000;31.97;0;1
530;https://www.mgfishing.eu/716/abu-garcia-kit-scatolina-60-ami.jpg;"Abu Garcia Kit Scatolina + 60 ami";B08GCGHJ2B;Home;15.570000;15.57;0;1
526;https://www.mgfishing.eu/709/kit-spinning-light-special-spoon-canna-mulinello-e-filo.jpg;"Kit Spinning Light Special Spoon Canna + Mulinello e Filo";B09QCS1J8T;"Kit Da Pesca";39.000000;39;2;0
524;https://www.mgfishing.eu/704/kit-10-pezzi-yamashiro-artficiali-long-jerk-185-cm-245-gr.jpg;"kit 10 pezzi Yamashiro Artficiali Long Jerk 18.5 cm 24.5 gr";B099JXHWG2;"Esche Artificiali da Pesca";29.000000;29;2;0
521;https://www.mgfishing.eu/701/kit-surfcasting-shimano-sonora-surf-te-420-200g-shizuka-mulinello-da-pesca-imbobinato-sk7-7000.jpg;"Kit Surfcasting Shimano Sonora Surf Te 420-200g + SHIZUKA Mulinello da Pesca Imbobinato SK7 7000";B09CL47PRV;"Kit Da Pesca";59.000000;59;0;1
520;https://www.mgfishing.eu/699/yamashiro-bilancia-pesa-pesci-50-kg.jpg;"Yamashiro Bilancia Pesa Pesci 50 kg";B0987ZLBJ7;Bilance;11.900000;11.9;0;1
518;https://www.mgfishing.eu/697/mistrall-kudos-mulinelli-da-pesca-8-cuscinetti-avvolgimento-spire-incrociate.jpg;"Mistrall Kudos Mulinelli da Pesca 8 Cuscinetti Avvolgimento Spire Incrociate";B09QCRQYDS;Home;49.000000;58;0;1
517;https://www.mgfishing.eu/696/mitchell-kit-pesca-fondo-canna-mitchell-catch-50-150-gr-mulinello-6000.jpg;"Mitchell Kit Pesca Fondo Canna Mitchell Catch 50-150 gr + Mulinello 6000";B09QCTWFTK;"Kit Da Pesca";74.900000;74.9;0;1
516;https://www.mgfishing.eu/695/combo-spinning-canna-in-carbonio-10-55-gr-210-mt-mulinello-4-cuscinetti.jpg;"Combo Spinning Canna in Carbonio 10-55 gr 2.10 mt + Mulinello 4 Cuscinetti";B09QKY8YCM;"Kit Da Pesca";56.560000;56.56;0;1
515;https://www.mgfishing.eu/694/kit-surfcasting-special-power-surf-due-sezioni-360-200-gr-mulinello-dayton-sw-6500.jpg;"Kit Surfcasting Special Power Surf Due Sezioni 360 200 gr + Mulinello Dayton SW 6500";B0972S9344;"Kit Da Pesca";56.560000;56.56;0;1
512;https://www.mgfishing.eu/691/kit-speciale-surfcasting-canna-urban-surf-4mt-80-160g-mulinello-enjoy-sea-7-cuscinetti-a-sfera-schermat.jpg;"Kit Speciale Surfcasting Canna Urban Surf 4mt 80-160g + Mulinello Enjoy Sea 7 Cuscinetti a Sfera schermat";B095SKHJ1K;"Kit Da Pesca";64.750000;64.75;0;1
511;https://www.mgfishing.eu/690/kit-speed-eging-per-pesca-calamaro-e-seppia-canna-lineaeffe-squiddy-160m-100-g-mulinello-lineaeffe-vigor-sl-fd-4000.jpg;"Kit Speed Eging per Pesca Calamaro e Seppia Canna Lineaeffe Squiddy 1.60m 100 g + Mulinello Lineaeffe Vigor SL FD 4000";B09JSTKB9C;"Kit Da Pesca";45.000000;45;0;1
510;https://www.mgfishing.eu/689/kit-speed-eging-per-pesca-calamaro-e-seppia-canna-lineaeffe-squiddy-xl-180m-150-g-mulinello-lineaeffe-vigor-boost-4000.jpg;"Kit Speed Eging per Pesca Calamaro e Seppia Canna Lineaeffe Squiddy XL 1.80m 150 g + Mulinello Lineaeffe Vigor Boost 4000";B09JSPF1Y9;"Kit Da Pesca";53.200000;53.2;0;1
508;https://www.mgfishing.eu/687/kit-spinning-con-canna-in-caronio-270-mt-20-40-gr-mulinello-4000-con-filo.jpg;"Kit Spinning con canna in Caronio 2.70 mt 20/40 gr + Mulinello 4000 con Filo";B09QKWDS4N;"Kit Da Pesca";64.750000;64.75;0;1
507;https://www.mgfishing.eu/686/mitchell-kit-canna-e-mulinello-filo-feeder-270-mt-10-50-gr.jpg;"Mitchell Kit Canna e Mulinello Filo Feeder 2.70 mt 10-50 gr";B09QCVDNXS;"Kit Da Pesca";36.800000;36.8;0;1
506;https://www.mgfishing.eu/685/kit-speed-eging-per-pesca-calamaro-e-seppia-canna-lineaeffe-squiddy-160m-100-g-mulinello-lineaeffe-vigor-sl-fd-4000.jpg;"Kit Speed Eging per Pesca Calamaro e Seppia Canna Lineaeffe Squiddy 1.60m 100 g + Mulinello Lineaeffe Vigor SL FD 4000";B09JSTKB9C;"Kit Da Pesca";45.000000;45;0;1
504;https://www.mgfishing.eu/683/kit-spinning-con-canna-in-caronio-270-mt-20-40-gr-mulinello-4000-con-filo.jpg;"Kit Spinning con canna in Caronio 2.70 mt 20/40 gr + Mulinello 4000 con Filo";B09QKWDS4N;"Kit Da Pesca";64.750000;64.75;0;1
503;https://www.mgfishing.eu/682/kit-spinning-light-special-spoon-canna-mulinello-e-filo.jpg;"Kit Spinning Light Special Spoon Canna + Mulinello e Filo";B09QKXNMF4;"Kit Da Pesca";48.360000;48.36;0;1
502;https://www.mgfishing.eu/681/2kg-pastura-speciale-mare-energy-sea-sarago-orata-con-bibi-cozza-granchio.jpg;"2kg Pastura Speciale Mare Energy Sea Sarago Orata con Bibi Cozza Granchio";B09B7MBCDX;Pasture;16.310000;16.31;0;1
501;https://www.mgfishing.eu/680/kit-speed-eging-per-pesca-calamaro-e-seppia-canna-lineaeffe-squiddy-160m-100-g-mulinello-lineaeffe-blizzard-3000.jpg;"Kit Speed Eging per Pesca Calamaro e Seppia Canna Lineaeffe Squiddy 1.60m 100 g + Mulinello Lineaeffe Blizzard 3000";B09JSQN8RC;"Kit Da Pesca";53.200000;53.2;0;1
500;https://www.mgfishing.eu/678/cassetta-da-pesca-grande-misure-46x28x22-cm-colore-soggetto-a-disponibilita.jpg;"Cassetta da pesca - Grande, Misure: 46x28x22 Cm, colore soggetto a disponibilità";B097PGQYF4;"Borse porta attrezzatura";29.900000;29.9;2;0
499;https://www.mgfishing.eu/677/kit-surfcasting-ridekeasy-420-mt-mulinello-king-sea-8000.jpg;"Kit Surfcasting RideKeasy 4.20 mt + Mulinello King Sea 8000";B097BY1R24;"Kit Da Pesca";72.950000;72.95;0;1
498;https://www.mgfishing.eu/676/kit-speed-eging-per-pesca-calamaro-e-seppia-canna-lineaeffe-squiddy-160m-100-g-mulinello-lineaeffe-blizzard-3000.jpg;"Kit Speed Eging per Pesca Calamaro e Seppia Canna Lineaeffe Squiddy 1.60m 100 g + Mulinello Lineaeffe Blizzard 3000";B09JSQN8RC;"Kit Da Pesca";53.200000;53.2;0;1
497;https://www.mgfishing.eu/675/kolpo-palamito-palangaro-pronto-con-cesta-filo-madre-100mm-lunghezza-350-mt-distanza-tra-girella-le-girelle-350-mt-.jpg;"Palamito Palangaro Pronto Con Cesta, Filo Madre: 1.00mm - Lunghezza : 350 mt - Distanza tra girella le girelle: 3.50 mt -";B096JZM73G;Home;55.000000;55;0;1
495;https://www.mgfishing.eu/673/kit-speciale-surfcasting-canna-urban-surf-4mt-80-160g-mulinello-enjoy-sea-7-cuscinetti-a-sfera-schermat.jpg;"Kit Speciale Surfcasting Canna Urban Surf 4mt 80-160g + Mulinello Enjoy Sea 7 Cuscinetti a Sfera schermat";B095SKHJ1K;"Kit Surfcasting";64.750000;64.75;0;1
494;https://www.mgfishing.eu/672/kit-speed-eging-per-pesca-calamaro-e-seppia-canna-lineaeffe-squiddy-160m-100-g-mulinello-lineaeffe-vigor-sl-fd-4000.jpg;"Kit Speed Eging per Pesca Calamaro e Seppia Canna Lineaeffe Squiddy 1.60m 100 g + Mulinello Lineaeffe Vigor SL FD 4000";B09JSTKB9C;"Kit Spinning";45.000000;45;0;1
493;https://www.mgfishing.eu/671/kolpo-palamito-palangaro-pronto-con-cesta-filo-madre-100mm-lunghezza-350-mt-distanza-tra-girella-le-girelle-350-mt-.jpg;"Kolpo Palamito Palangaro Pronto Con Cesta, Filo Madre: 1.00mm - Lunghezza : 350 mt - Distanza tra girella le girelle: 3.50 mt -";B096JZM73G;"Kit Traina";72.950000;72.95;0;1
492;https://www.mgfishing.eu/670/kit-eging-e-bolentino-canna-shizuka-sh1000-180mt-150-g-mulinello-lineaeffe-vigor-sl-fd-3000.jpg;"Kit Eging e Bolentino Canna Shizuka SH1000 1.80mt 150 g. + Mulinello Lineaeffe Vigor SL FD 3000";B09JSKJ1Y7;"Kit Spinning";45.000000;45;0;1
491;https://www.mgfishing.eu/669/kit-speed-eging-per-pesca-calamaro-e-seppia-canna-lineaeffe-squiddy-xl-180m-150-g-mulinello-lineaeffe-vigor-sl-fd-3000.jpg;"Kit Speed Eging per Pesca Calamaro e Seppia Canna Lineaeffe Squiddy XL 1.80m 150 g + Mulinello Lineaeffe Vigor SL FD 3000";B09JSW381M;"Kit Da Pesca";45.000000;45;0;1
488;https://www.mgfishing.eu/664/yamashiro-sole-vibra-lure-da-spinning-8-gr-45-cm-5pz-catola-in-plastica-rigida.jpg;"Yamashiro Sole Vibra Lure da Spinning 8 gr 4,5 cm 5pz + catola in plastica rigida";B0963T6KM2;Home;18.900000;18.9;2;0
486;https://www.mgfishing.eu/660/kit-traina-costiera-canna-robusta-mulinello-con-frizione-a-stella.jpg;"Kit Traina Costiera Canna Robusta + Mulinello Con Frizione a Stella";B09QL6DW6N;"Kit Da Pesca";56.560000;56.56;0;1
484;https://www.mgfishing.eu/658/tatler-lampada-frontale-cree-xm-l2-1000-lumen-200-mt.jpg;"Lampada Frontale Cree xm-l2 1000 Lumen 200 mt";B097N3VWWC;Lampade;19.900000;19.9;0;1
483;https://www.mgfishing.eu/657/agc-berkley-cherrywood-spinning-182-cm-di-lunghezza-azione-7-28-grammi.jpg;"agc Berkley Cherrywood Spinning, 182 cm di Lunghezza Azione 7-28 Grammi";B08L3KDFNX;Home;35.210000;35.21;0;1
481;https://www.mgfishing.eu/655/kit-surfcasting-canna-da-pesca-200-gr-mulinello-king-sea-8000.jpg;"Kit Surfcasting Canna da Pesca 200 gr + Mulinello king sea 8000";B09C6D6DP9;"Kit Da Pesca";64.750000;64.75;0;1
480;https://www.mgfishing.eu/654/kit-surfcasting-canna-mediterranean-surf-420-mulinello-king-sea.jpg;"Kit Surfcasting Canna Mediterranean Surf 420 + Mulinello King Sea";B09CTWZCDT;"Kit Da Pesca";79.000000;85;0;1
479;https://www.mgfishing.eu/653/kit-pesca-per-seppie-e-totani-canna-sprint-mulinello-vida-5-pezzi-totanara-da-pesca-kolpo-attira-in-seta.jpg;"Kit Pesca per Seppie e Totani Canna Sprint + Mulinello Vida + 5 pezzi Totanara da pesca  Attira in seta";B09DGDS6FV;"Kit Da Pesca";34.000000;34;0;1
478;https://www.mgfishing.eu/652/kolpo-braid-trecciato-arancione-bobina-da-150-mt.jpg;"Braid Trecciato Arancione Bobina da 150 mt";B09DL2JMDN;Trecciato;8.900000;8.9;0;1
477;https://www.mgfishing.eu/651/tatler-fightat-jigging-mulinello-9-cuscinetti-per-jig-slow-pitch-kabura.jpg;"Tatler Fightat Jigging Mulinello 9 Cuscinetti per Jig , Slow Pitch, Kabura";B09QCP1L11;"Kit Da Pesca";179.000000;179;0;1
475;https://www.mgfishing.eu/649/kit-surfcasting-shizuka-sh1600-420-220g-mulinello-sk7-7000-kolpo-puntale-race-blu.jpg;"Kit Surfcasting Shizuka SH1600 420 220g + Mulinello Imbobinato SK7 7000 +  Puntale K-Race Surfcasting Blu";B09D3LJ6PC;"Kit Surfcasting";65.000000;65;2;0
474;https://www.mgfishing.eu/648/kit-per-la-pesca-surfcasting-completo-di-canna-mulinello-filo-fodero-e-picchetto-in-alluminio.jpg;"Kit per la pesca surfcasting completo di canna mulinello filo Fodero e Picchetto in Alluminio";B09QKVQ5NZ;"Kit Da Pesca";89.340000;89.34;0;1
473;https://www.mgfishing.eu/647/kit-pesca-seppie-canna-in-carbonio-250-mt-eging-mulinello-maver.jpg;"Kit Pesca Seppie Canna in Carbonio 2.50 mt Eging + Mulinello Maver";B09QKYCFGW;"Kit Da Pesca";89.340000;89.34;0;1
471;https://www.mgfishing.eu/645/kit-spinning-canna-stratist-spin-in-carbonio-3-mt-mulinello-tatler-fx-10-cuscinetti.jpg;"Kit Spinning Canna Stratist Spin in Carbonio 3 mt + Mulinello Tatler FX 10 Cuscinetti";B09DG4D85P;"Kit Da Pesca";81.150000;81.15;0;1
470;https://www.mgfishing.eu/644/kit-pesca-carp-fishing-canna-360-metri-mulinello-rod-pod-e-filo.jpg;"Kit Pesca Carp Fishing Canna 3.60 metri + Mulinello + Rod Pod e Filo";B09DGHC6QT;"Kit Da Pesca";81.150000;81.15;2;0
469;https://www.mgfishing.eu/643/testa-guadino-rettangolare-maglia-larga-60-cm.jpg;"Testa Guadino Rettangolare Maglia Larga 60 cm";B09C2CV1B3;"Rete Ricambio Guadini";19.670000;19.67;0;1
468;https://www.mgfishing.eu/642/kit-bolognese-canna-5-mt-combo-mulinelli-con-filo-tutta-pesca.jpg;"Kit Bolognese Canna 5 mt + Combo Mulinelli Con Filo Tutta Pesca";B09C8JW245;"Kit Da Pesca";81.150000;81.15;0;1
467;https://www.mgfishing.eu/641/kit-pesca-bolognese-canna-amacord-mulinello-most.jpg;"Kit Pesca Bolognese Canna Amacord + Mulinello Most";B09C8N2Y7Y;"Kit Da Pesca";79.000000;89;0;1
466;https://www.mgfishing.eu/640/kit-trota-lago-canna-commercial-trout-in-carbonio-4-mt-mulinello-hl-e-filo.jpg;"Kit Trota Lago Canna Commercial Trout in Carbonio 4 mt + Mulinello HL e Filo";B09CDJ6VRW;"Kit Da Pesca";59.000000;59;0;1
465;https://www.mgfishing.eu/639/sele-huron-trout-canna-da-pesca-da-trota-carbonio.jpg;"Sele Huron Trout Canna da Pesca da Trota Carbonio";B09CGXLV9K;"Canne Da Pesca";69.000000;69;0;1
463;https://www.mgfishing.eu/637/kit-spinning-canna-tattica-casting-mulinello-baicast-kolpo-crack.jpg;"Kit Spinning Canna Tattica 10-50gr Casting + Mulinello Baicast  Crack";B09DGCT219;"Kit Spinning";69.000000;69;0;1
462;https://www.mgfishing.eu/636/kolpo-braid-trecciato-rosso-bobina-da-1000-mt.jpg;"Braid Trecciato Rosso Bobina da 1000 mt";B09DL3YLZJ;Trecciato;35.000000;35;0;1
461;https://www.mgfishing.eu/635/kolpo-braid-trecciato-verde-bobina-da-150-mt.jpg;"Braid Trecciato Verde Bobina da 150 mt";B09DPRXK3V;Home;8.500000;8.5;0;1
459;https://www.mgfishing.eu/633/kolpo-braid-trecciato-verde-bobina-da-1000-mt.jpg;"Braid Trecciato Verde Bobina da 1000 mt";B09DPT2BYX;Trecciato;39.000000;39;8;0
458;https://www.mgfishing.eu/632/kolpo-braid-trecciato-arancione-bobina-da-1000-mt.jpg;"Braid Trecciato Arancione Bobina da 1000 mt";B09DPTM645;Trecciato;39.000000;39;8;0
457;https://www.mgfishing.eu/631/2-pz-kolpo-braid-trecciato-rosso-bobina-da-150-mt.jpg;"Braid Trecciato Rosso Bobina da 150 mt";B09DQ241HJ;Trecciato;8.500000;8.5;20;0
455;https://www.mgfishing.eu/626/kit-surfcasting-2-canne-lineaeffe-ff-level-cast-3-pezzi-420mt-2-mulinelli-lineaeffe-big-pit-surf-8000-imbobinati.jpg;"kit surfcasting 2 canne lineaeffe Ff Level Cast 3 pezzi 4.20mt+ 2 mulinelli lineaeffe Big Pit Surf 8000 Imbobinati";B09J8V11XX;"Kit Da Pesca";376.970000;376.97;0;1
454;https://www.mgfishing.eu/625/kit-spinning-kolpo-superlative-spin-30-gr-240-mt-mulinello-shimano-fx-2500.jpg;"Kit shimano Spinning Superlative Spin 10-30 gr 2,10 Mt + Mulinello Shimano FX 2500";B09BZ7SBX4;"Kit Spinning";49.900000;49.9;6;0
452;https://www.mgfishing.eu/623/kit-carpfishing-2-canne-2-mulinelli-camo-2-segnalatori-1-pod.jpg;"Kit Carpfishing 2 Canne + 2 Mulinelli Camo + 2 Segnalatori + 1 Pod";B09DGP7BLX;"Kit Da Pesca";129.000000;129;2;0
451;https://www.mgfishing.eu/622/yamashiro-coda-di-topo-pesca-mosca-wf.jpg;"Yamashiro Coda di Topo Pesca Mosca WF";B09C28ZQHF;Home;31.970000;31.97;0;1
450;https://www.mgfishing.eu/621/kit-surfcasting-2-pz-canna-vektor-420-m-150-gr-2-pz-mulinello-oceanic-8000.jpg;"Kit trabucco Surfcasting 2 Pz Canna Vektor 4,20 m 150 gr + 2 Pz Mulinello Oceanic 8000";B097F2NB5M;"Kit Surfcasting";119.000000;119;4;0
449;https://www.mgfishing.eu/620/kit-speed-eging-per-pesca-calamaro-e-seppia-canna-lineaeffe-squiddy-xl-180m-150-g-mulinello-lineaeffe-vigor-prime-3000.jpg;"Kit Speed Eging per Pesca Calamaro e Seppia Canna Lineaeffe Squiddy XL 1.80m 150 g + Mulinello Lineaeffe Vigor Prime 3000";B09JSWCRD8;"Kit Da Pesca";53.200000;53.2;0;1
448;https://www.mgfishing.eu/619/kit-surfcasting-2pz-shizuka-sh1600-420-220g-2pz-lineaeffe-atlantic-mulinello-da-pesca-7000-4-cuscinetti-filo-yellow.jpg;"Kit Surfcasting 2pz Shizuka SH1600 420 220g + 2pz Lineaeffe Atlantic Mulinello da Pesca 7000 4 Cuscinetti Filo Yellow";B09D3JZ78V;"Kit Da Pesca";89.000000;89;2;0
446;https://www.mgfishing.eu/615/kit-surfcasting-kolpo-primeira-canna-da-pesca-surfcasting-420-mt-220-gr-mulinello-trabucco-oceanic-8000.jpg;"Kit Surfcasting  Primeira Canna Da Pesca Surfcasting 4.20 mt 220 gr + Mulinello Trabucco Oceanic 8000";B09QXJZSS6;"Kit Da Pesca";54.000000;54;2;0
445;https://www.mgfishing.eu/614/kit-surfcasting-canna-primeira-420-mt-220-gr-mulinello-dayton-sw-8000-piombi-ami-e-travi.jpg;"Kit Surfcasting Canna Primeira 4.20 mt 220 gr + Mulinello Dayton SW 8000 + Piombi, Ami e Travi";B09QXLFWPB;"Kit Da Pesca";69.000000;69;2;0
444;https://www.mgfishing.eu/613/combo-pesca-surfcasting-2-canne-in-carbonio-2-mulinelli-con-filo-tripode.jpg;"Combo Pesca Surfcasting 2 Canne in Carbonio + 2 Mulinelli con Filo + Tripode";B0998Y3TFZ;"Kit Da Pesca";138.520000;138.52;0;1
442;https://www.mgfishing.eu/611/kolpo-cucchiaio-pasturazione-granaglie-boilies-carpfishing.jpg;"Cucchiaio Pasturazione Granaglie Boilies carpfishing";B0987J4BPC;Pasture;6.400000;6.4;0;1
441;https://www.mgfishing.eu/610/palo-bilancia-470-trappola-ad-ombrello-95-cm.jpg;"Palo Bilancia 4.70 + Trappola ad Ombrello 95 cm";B0987WS4KC;"Canne Fisse";57.300000;57.3;0;1
436;https://www.mgfishing.eu/603/testa-guadino-nylon-rete-profonda-maglia-larga-diametro-45-cm.jpg;"Testa Guadino Nylon Rete Profonda Maglia Larga Diametro 45 cm";B09C2FK79G;"Rete Ricambio Guadini";31.970000;31.97;0;1
433;https://www.mgfishing.eu/600/kit-surfcasting-shimano-sonora-surf-te-420-200g-lineaeffe-atlantic-8000.jpg;"Kit shimano Surfcasting Shimano Sonora Surf Te 420-200g + Lineaeffe Atlantic 8000";B09CL54MQS;"Kit Da Pesca";64.000000;64;0;1
431;https://www.mgfishing.eu/598/tatler-firetat-canna-da-pesca-spinning-in-carbonio-20-40-gr.jpg;"Tatler Firetat Canna da Pesca Spinning in Carbonio 20 40 gr";B09DCWFZ1P;"Canne Da Pesca";69.900000;74.9;0;1
429;https://www.mgfishing.eu/596/kit-spinning-canna-tattica-casting-mulinello-tatler-bf100.jpg;"Kit Spinning Canna Tattica Casting + Mulinello Tatler BF100";B09DG8BVFD;"Kit Da Pesca";56.560000;56.56;0;1
428;https://www.mgfishing.eu/595/kit-pesca-alla-seppia-e-totani-canna-soleil-custom-mulinello-arya-4000-5-totanare-da-pesca-porta-totanare.jpg;"Kit Pesca alla Seppia e Totani Canna Soleil Custom + Mulinello Arya 4000 + 5 Totanare da pesca + Porta totanare";B09DGCQCKK;"Kit Da Pesca";64.750000;64.75;0;1
424;https://www.mgfishing.eu/587/kit-surfcasting-2-pz-canna-primeira-420-2-pz-mulinello-dayton-sw-8000-piombi-ami-e-travi.jpg;"Kit trabucco Surfcasting 2 Pz Canna Primeira 4.20+ 2 Pz Mulinello Dayton SW 8000 + Piombi Ami e Travi";B09QXLXNZX;"Kit Da Pesca";115.000000;115;0;1
423;https://www.mgfishing.eu/584/kit-surfcasting-2-pz-canna-kolpo-primeira-420-mt-220-gr-2-pz-mulinello-trabucco-dayton-sw-8000.jpg;"Kit TRABUCCO Surfcasting 2 Pz Canna Primeira 4.20 mt 220 gr + 2 Pz Mulinello Trabucco Dayton SW 8000";B09QWY3SPN;"Kit Da Pesca";99.000000;99;2;0
422;https://www.mgfishing.eu/583/kit-surfcasting-colmic-canna-altura-420-m-100-200-gr-trabucco-dayton-sw-6500-mulinello.jpg;"Kit Surfcasting Colmic Canna Altura 4,20 m 100-200 Gr + Trabucco Dayton SW 6500 Mulinello";B09BCNFMP8;"Kit Surfcasting";89.000000;89;-1;1
421;https://www.mgfishing.eu/582/kit-surfcasting-shizuka-sh1600-420-220g-lineaeffe-atlantic-mulinello-da-pesca-7000-4-cuscinetti-filo-yellow.jpg;"Kit Surfcasting Shizuka SH1600 420 220g + Lineaeffe Atlantic Mulinello da Pesca 7000";B09CZ88QZ5;"Kit Surfcasting";59.000000;59;2;0
420;https://www.mgfishing.eu/581/hilucky-canna-da-pesca-solid-glass-2-sezioni.jpg;"Hilucky Canna da Pesca Solid Glass 2 Sezioni";B09QXF5QRV;"Canne Da Pesca";29.000000;42;0;1
418;https://www.mgfishing.eu/578/tatler-hineng-spin-canna-da-pesca-210-mt-10-30-gr.jpg;"Tatler Hineng Spin Canna da Pesca 2.10 mt 10 30 gr";B09QX3V32V;"Canne Da Pesca";39.000000;39;0;1
417;https://www.mgfishing.eu/577/tatler-startat-canna-da-pesca-verticale-light-jig-in-carbonio.jpg;"Tatler Startat Canna da Pesca Verticale Light Jig in Carbonio";B09QX1CSD2;"Canne Da Pesca";79.000000;79;0;1
416;https://www.mgfishing.eu/576/combo-kit-completo-da-spinning-canna-nm-akira-spinning-fodero-estensibile-mulinello-boost-40-2-artificiali-5-ancorette.jpg;"Combo kit completo da spinning, Canna NM Akira Spinning + Fodero estensibile + Mulinello BOOST 40 + 2 artificiali + 5 ancorette";B09QPN7QRQ;"Kit Da Pesca";69.000000;69;0;1
415;https://www.mgfishing.eu/575/combo-completo-bolognese-canna-jintai-carbon-landing-bolo-700m-fodero-estensibile-mulinello-silk-line-misura-40-con-filo.jpg;"Combo Completo bolognese, Canna Jintai Carbon Landing Bolo 7,00m + Fodero estensibile + Mulinello Silk Line misura 40 con filo";B09QMHTKCK;"Kit Da Pesca";44.260000;44.26;0;1
414;https://www.mgfishing.eu/574/combo-completo-bolognese-canna-jintai-carbon-landing-bolo-600m-fodero-estensibile-mulinello-silk-line-misura-40-con-filo.jpg;"Combo Completo bolognese, Canna Jintai Carbon Landing Bolo 6,00m + Fodero estensibile + Mulinello Silk Line misura 40 con filo";B09QMGVYQ6;"Kit Da Pesca";44.260000;44.26;0;1
413;https://www.mgfishing.eu/573/combo-bolognese-completo-canna-jintai-classic-bolo-700m-fodero-estensibile-lineaeffe-mulinello-prime-fd-misura-4000-con-fi.jpg;"Combo Bolognese completo, Canna Jintai Classic Bolo 7,00m + Fodero estensibile Lineaeffe + Mulinello Prime FD misura 4000 con fi";B09QMDXQSC;"Canne Da Pesca";48.360000;48.36;5;0
412;https://www.mgfishing.eu/572/kit-speed-eging-per-pesca-calamaro-e-seppia-canna-lineaeffe-squiddy-xl-160m-150-g-mulinello-lineaeffe-blizzard-3000.jpg;"Kit Speed Eging per Pesca Calamaro e Seppia Canna Lineaeffe Squiddy XL 1.60m 150 g + Mulinello Lineaeffe Blizzard 3000";B09JSSR22M;"Kit Da Pesca";53.200000;53.2;0;1
411;https://www.mgfishing.eu/571/kit-speed-eging-per-pesca-calamaro-e-seppia-canna-lineaeffe-squiddy-160m-100-g-mulinello-lineaeffe-vigor-prime-3000.jpg;"Kit Speed Eging per Pesca Calamaro e Seppia Canna Lineaeffe Squiddy 1.60m 100 g + Mulinello Lineaeffe Vigor Prime 3000";B09JSPNBKC;"Kit Da Pesca";53.200000;53.2;0;1
409;https://www.mgfishing.eu/565/combo-pesca-mare-canna-surfcasting-tre-pezzi-420-azione-100-200-gr-mulinello-nanga-6000-sedia.jpg;"Combo Pesca Mare Canna surfcasting Tre Pezzi 4.20 - Azione 100-200 gr + Mulinello nanga 6000 + Sedia";B095SJFHSN;"Kit Da Pesca";81.150000;81.15;0;1
408;https://www.mgfishing.eu/564/kit-surfcasting-2pz-shimano-sonora-surf-te-420-200g-2pz-lineaeffe-atlantic-8000-2pz-kolpo-puntale-k-race-surfcasting-blu-f.jpg;"Kit SHIMANO Surfcasting 2pz Shimano Sonora Surf Te 420-200g + 2pz Lineaeffe Atlantic 8000 + 2pz  Puntale  Surfcasting Blu + F";B09CTRJ332;"Kit Da Pesca";169.000000;169;0;1
407;https://www.mgfishing.eu/563/kit-eging-e-bolentino-lineaeffe-canna-2-pezzi-rapid-eging-255mt-130g-mulinello-lineaeffe-vigor-boost-4000.jpg;"Kit Eging e Bolentino Lineaeffe Canna 2 Pezzi Rapid Eging 2.55mt. 130g.+ Mulinello Lineaeffe Vigor boost 4000";B09JP9LHC8;"Kit Da Pesca";61.390000;61.39;0;1
406;https://www.mgfishing.eu/562/tatler-fantasy-canna-da-pesca-fissa-6-mt-in-carbonio.jpg;"Tatler Fantasy Canna da Pesca Fissa 6 mt in Carbonio";B09DCW2KSN;"Canne Da Pesca";40.900000;40.9;0;1
405;https://www.mgfishing.eu/561/kit-eging-e-bolentino-canna-shizuka-sh1000-180mt-150-g-mulinello-lineaeffe-vigor-sl-fd-4000.jpg;"Kit Eging e Bolentino Canna Shizuka SH1000 1.80mt 150 g. + Mulinello Lineaeffe Vigor SL FD 4000";B09JSJG4L8;"Kit Da Pesca";45.000000;45;0;1
404;https://www.mgfishing.eu/560/agc-mitchell-epic-150-m-0-5-gr-pesca-spinning.jpg;"agc Mitchell Epic 1,50 m 0-5 Gr Pesca Spinning";B08CXT429F;Home;40.160000;40.16;0;1
403;https://www.mgfishing.eu/559/kit-surfcasting-2pz-shimano-sonora-surf-te-420-200g-2pz-lineaeffe-atlantic-8000.jpg;"kit Shimano Sonora Surf Te 420-200g + 2pz Lineaeffe Atlantic 8000";B09CLBV2JR;"Kit Da Pesca";119.000000;119;0;1
402;https://www.mgfishing.eu/556/agc-canna-wrath-boat-squid-213-m-150-gr-pesca-cefalopodi.jpg;"agc Canna Wrath Boat Squid 2.13 m 150 Gr Pesca Cefalopodi";B08M9DCY11;"Canne Da Pesca";29.240000;29.24;0;1
401;https://www.mgfishing.eu/554/agc-penn-canna-wrath-bolescopic-pesca-bolentino-telescopica-244-m.jpg;"agc Penn Canna Wrath Bolescopic Pesca Bolentino Telescopica 2,44 m";B08LKWD135;"Canne Da Pesca";32.490000;32.49;0;1
400;https://www.mgfishing.eu/553/kit-surfcasting-2pz-shimano-sonora-surf-te-420-200g-2pz-lineaeffe-atlantic-8000.jpg;"Kit Surfcasting 2pz Shimano Sonora Surf Te 420-200g + 2pz Lineaeffe Atlantic 8000";B09CLBV2JR;"Kit Da Pesca";122.130000;122.13;0;1
399;https://www.mgfishing.eu/546/kit-completo-surfcasting-2-pz-canna-primeira-420-2-pz-mulinello-dayton-sw-8000-foderolineaeffe175-cm-tripode-150-cm-piom.jpg;"Kit TRABUCCO Completo Surfcasting 2 Pz Canna Primeira 4.20+ 2 Pz Mulinello Dayton SW 8000 + Fodero175 cm + Tripode 150 cm + Piom";B09QXK77N8;"Kit Da Pesca";169.000000;169;2;0
397;https://www.mgfishing.eu/542/agc-canna-inglesina-bombarda-tutto-fare-urania-420-50-70gr.jpg;"agc Canna Inglesina Bombarda Tutto Fare Urania 420 50/70gr";B08BHNGRHW;"Canne Da Pesca";0.000000;0;0;1
395;https://www.mgfishing.eu/540/agc-kit-surf-canna-bora-450-250-g-mulinello-avak-8000-con-filo.jpg;"agc Kit Surf Canna Bora 450 250 g + Mulinello Avak 8000 con Filo";B092JNQXJH;"Kit Da Pesca";64.750000;64.75;0;1
394;https://www.mgfishing.eu/539/agc-kit-7-totanare-red-head-squid-jig-seppia-30.jpg;"Kit 7 Totanare Red Head Squid Jig Seppia 3.0";B08M3ZPY4R;Home;9.900000;9.9;2;0
393;https://www.mgfishing.eu/538/hunter-mulinello-da-pesca-carpfishing-free-runner-4-cuscinetti.jpg;"Hunter Mulinello da Pesca Carpfishing Free Runner 4 Cuscinetti";B097MZZ47K;Home;46.900000;46.9;0;1
392;https://www.mgfishing.eu/537/kolpo-high-zero-canna-da-spinning-in-full-carbon-carbonio-30t-anelli-a-profilo-k-sic-lunghezza-canna-240-azione-m-heavy-.jpg;"Canna High Zero, Canna da Spinning in Full Carbon Carbonio 30T,8-40GR Anelli  K-SIC,  Canna 2.40 - Azione M-Heavy -";B095WGTMHV;"Canne Da Pesca";39.000000;39;0;1
391;https://www.mgfishing.eu/536/affondatore-divergente-traina-k-stim-permette-di-affondare-l-artificiale-da-pesca.jpg;"Affondatore Divergente Traina K Stim, permette di affondare l' artificiale da pesca";B0987XP8SK;"Accessori Da Pesca";3.900000;3.9;0;1
390;https://www.mgfishing.eu/535/hunter-mulinello-da-pesca-carpfishing-free-runner-4-cuscinetti.jpg;"Hunter Mulinello da Pesca Carpfishing Free Runner 4 Cuscinetti";B097MZZ47K;Home;46.900000;46.9;0;1
383;https://www.mgfishing.eu/528/kit-traina-costiera-canna-mirinia-10-30-lb-mulinello-rotante-con-guidafilo.jpg;"Kit Traina Costiera Canna Mirinia 10 30 lb + Mulinello Rotante con Guidafilo";B09CD5F3FM;"Kit Da Pesca";89.340000;89.34;0;1
382;https://www.mgfishing.eu/527/tatler-magictat-canna-da-pesca-storione-siluro-360-mt-2-sez.jpg;"Tatler Magictat Canna da Pesca Storione siluro 3.60 mt 2 sez";B09DCW3HC3;"Canne Da Pesca";0.000000;0;0;1
380;https://www.mgfishing.eu/525/kit-carpfishing-2pz-canne-2pz-mulinelli.jpg;"Kit Carpfishing 2pz Canne + 2pz Mulinelli";B09DGJC64X;"Canne Da Pesca";99.000000;99;2;0
379;https://www.mgfishing.eu/524/kit-surfcasting-2pz-shimano-sonora-surf-te-420-200g-2pz-mulinello-vektor-fd-6500-nessuno-unica.jpg;"Kit Surfcasting 2pz Shimano Sonora Surf Te 420-200g + 2pz Mulinello Vektor FD 6500 Nessuno Unica";B09CLFFZZR;"Kit Da Pesca";119.000000;119;0;1
378;https://www.mgfishing.eu/523/agc-kit-surf-canna-trabucco-kronos-420-cm-mulinello-globe-fishing-giant-8000.jpg;"agc Kit Surf Canna Trabucco Kronos 420 cm + Mulinello Globe Fishing Giant 8000";B08SHRBC5N;"Kit Da Pesca";0.000000;0;0;1
376;https://www.mgfishing.eu/521/ossigenatore-doppia-velocita-tenuta-stagna-completo-di-tubo-e-pietra-doppia-velocita.jpg;"Ossigenatore Doppia Velocità Tenuta Stagna, Completo di tubo e pietra - doppia velocità";B097JXDKFR;Ossigenatori;12.900000;12.9;2;0
375;https://www.mgfishing.eu/520/cx-mulinello-da-pesca-carpfishing-feeder-free-runner-9-cuscinetti.jpg;"CX Mulinello da Pesca Carpfishing Feeder Free Runner 9 Cuscinetti";B097N2HYPK;Home;43.360000;52.9;0;1
374;https://www.mgfishing.eu/516/kit-surfcasting-2-pz-canna-kolpo-primeira-420-mt-220-gr-2-pz-mulinello-trabucco-dayton-sw-8000-fodero-lineaeffe-175-cm.jpg;"Kit Surfcasting 2 Pz Canna  Primeira 4.20 mt 220 gr + 2 Pz Mulinello Trabucco Dayton SW 8000 + Fodero Lineaeffe 175 cm";B09QX76P8W;"Kit Da Pesca";129.000000;129;2;0
373;https://www.mgfishing.eu/515/kit-surfcasting-2pz-shimano-sonora-surf-te-420-200g-2pz-mulinello-vektor-fd-6500-nessuno-unica.jpg;"Kit Surfcasting 2pz Shimano Sonora Surf Te 420-200g + 2pz Mulinello Vektor FD 6500 Nessuno Unica";B09CLFFZZR;"Kit Da Pesca";113.930000;113.93;0;1
372;https://www.mgfishing.eu/514/kit-traina-costiera-canna-mirinia-10-30-lb-mulinello-rotante-con-guidafilo.jpg;"Kit Traina Costiera Canna Mirinia 10 30 lb + Mulinello Rotante con Guidafilo";B09CD5F3FM;"Kit Da Pesca";89.340000;89.34;0;1
370;https://www.mgfishing.eu/512/kit-carpfishing-2pz-canne-2pz-mulinelli.jpg;"Kit Carpfishing 2pz Canne + 2pz Mulinelli";B09DGJC64X;"Kit Da Pesca";105.740000;105.74;0;1
368;https://www.mgfishing.eu/510/tatler-magictat-canna-da-pesca-storione-siluro-360-mt-2-sez.jpg;"Tatler Magictat Canna da Pesca Storione siluro 3.60 mt 2 sez";B09DCW3HC3;"Canne Da Pesca";0.000000;0;0;1
366;https://www.mgfishing.eu/508/ossigenatore-doppia-velocita-tenuta-stagna-completo-di-tubo-e-pietra-doppia-velocita.jpg;"Ossigenatore Doppia Velocità Tenuta Stagna, Completo di tubo e pietra - doppia velocità";B097JXDKFR;Home;20.410000;20.41;0;1
365;https://www.mgfishing.eu/507/agc-kit-surf-canna-trabucco-kronos-420-cm-mulinello-globe-fishing-giant-8000.jpg;"agc Kit Surf Canna Trabucco Kronos 420 cm + Mulinello Globe Fishing Giant 8000";B08SHRBC5N;"Kit Da Pesca";0.000000;0;0;1
363;https://www.mgfishing.eu/502/cx-mulinello-da-pesca-carpfishing-feeder-free-runner-9-cuscinetti.jpg;"CX Mulinello da Pesca Carpfishing Feeder Free Runner 9 Cuscinetti";B097N2HYPK;Home;43.360000;52.9;0;1
362;https://www.mgfishing.eu/499/kit-traina-lineaeffe-2-canne-live-bait-trolling-210m-80lbs-2pz-mulinelli-lineaeffe-jd-trolling-lineaeffe-cintura-portacanna.jpg;"Kit Traina Lineaeffe 2 Canne Live Bait Trolling 2.10m 8.0lbs +2pz Mulinelli Lineaeffe JD Trolling + Lineaeffe Cintura Portacanna";B09JZ96CXC;"Kit Da Pesca";379.900000;379.9;0;1
359;https://www.mgfishing.eu/496/lineaeffe-canna-da-pesca-dalla-barca-mustang-165-m-100-250-g-per-bolentino-telescopica-in-carbonio-potente-e-sensibile-in-vetta.jpg;"Lineaeffe Canna da Pesca dalla Barca Mustang 1.65 m 100-250 g per Bolentino Telescopica in Carbonio Potente e Sensibile in Vetta";B07F3JNQSY;"Canne Da Pesca";14.100000;14.1;0;1
357;https://www.mgfishing.eu/494/kolpo-braid-trecciato-giallo-bobina-da-1000-mt.jpg;"Braid Trecciato yellow  Bobina da 1000 mt";B09DPTV7YT;Trecciato;39.000000;39;0;1
356;https://www.mgfishing.eu/493/kit-bolognese-kolpo-futura-canna-6-mt-mulinello-shimano-fx-3000.jpg;"Kit shimano Mulinello Shimano FX 3000+ Bolognese Futura Canna 6 Mt";B09BZQL8QX;"Canne Da Pesca";109.000000;109;0;1
355;https://www.mgfishing.eu/492/agc-picchetto-rock-trivella.jpg;"Picchetto basculanten Rock trivella cm.80";B09C2DHRGX;"Picchetti Reggicanna";11.900000;11.9;1;0
352;https://www.mgfishing.eu/489/kit-surfcasting-2pz-canna-vektor-4-m-150-gr-2-pz-mulinello-king-sea-8000-tripode-surfcasting-2-posti-in-alluminio-150-cm.jpg;"Kit Surfcasting 2Pz Canna Vektor 4 m 150 Gr + 2 Pz Mulinello King Sea 8000 + Tripode Surfcasting 2 posti in Alluminio 150 cm";B097YHBNPG;"Kit Da Pesca";159.000000;159;2;0
350;https://www.mgfishing.eu/487/kit-9-pezzi-yamashiro-slate-artificiale-long-jerk-galleggiante-185-cm-245-grammi.jpg;"kit 9 pezzi Yamashiro Slate Artificiale Long Jerk Galleggiante 18.5 cm 24.5 Grammi";B099KGD918;Home;29.900000;29.9;2;0
349;https://www.mgfishing.eu/480/thkfish-pesi-da-pesca-pesi-dei-proiettili-carolina-ready-rigs-pre-truccato-carolina-rigs-5g-7g-10g-14g-10pezzi.jpg;"THKFISH Pesi da Pesca Pesi dei proiettili Carolina Ready Rigs Pre truccato Carolina Rigs 5g/ 7g/ 10g/14g 10pezzi";B08PYCHQ4N;Home;11.990000;14.99;0;1
348;https://www.mgfishing.eu/478/kolpo-offerta-kit-3-mulinelli-pesca-2000-per-trota-lago-feeder-light-area-spinning-bolognese.jpg;"Offerta Kit 3 Mulinelli Pesca 2000 per Trota Lago - Feeder - Light Area - Spinning - Bolognese";B096W1F1BZ;Home;39.000000;39;0;1
347;https://www.mgfishing.eu/477/kit-speed-eging-per-pesca-calamaro-e-seppia-canna-lineaeffe-squiddy-160m-100-g-mulinello-lineaeffe-vigor-smart-3000.jpg;"Kit Speed Eging per Pesca Calamaro e Seppia Canna Lineaeffe Squiddy 1.60m 100 g + Mulinello Lineaeffe Vigor Smart 3000";B09JSZ2KH9;"Kit Da Pesca";49.100000;49.1;0;1
344;https://www.mgfishing.eu/474/kit-surfcasting-shimano-sonora-surf-te-420-200g-mulinello-lineaeffe-atlantic-7000.jpg;"Kit Surfcasting Shimano Sonora Surf Te 420-200g + Mulinello Lineaeffe Atlantic 7000";B09CL432CK;"Kit Da Pesca";64.750000;64.75;0;1
343;https://www.mgfishing.eu/473/kit-eging-e-bolentino-lineaeffe-canna-2-pezzi-rapid-eging-255mt-130g-mulinello-lineaeffe-vigor-sl-fd-3000.jpg;"Kit Eging e Bolentino Lineaeffe Canna 2 Pezzi Rapid Eging 2.55mt. 130g. + Mulinello Lineaeffe Vigor SL FD 3000";B09JPGMKJX;"Kit Da Pesca";52.460000;52.46;0;1
342;https://www.mgfishing.eu/472/kit-combo-bolentino-soleil-boat-canna-da-pesca-bolentino-seppia-20-150-gr-mulinello-nanga-5000.jpg;"Kit Combo bolentino, Soleil Boat Canna da Pesca Bolentino Seppia 20 150 gr + Mulinello nanga 5000";B096S3763C;"Kit Da Pesca";49.000000;49;0;1
341;https://www.mgfishing.eu/471/hilucky-canna-da-pesca-solid-glass-2-sezioni.jpg;"Hilucky Canna da Pesca Solid Glass 2 Sezioni";B09DCXX5R4;"Canne Da Pesca";19.900000;24.9;0;1
340;https://www.mgfishing.eu/470/kit-speed-eging-per-pesca-calamaro-e-seppia-canna-lineaeffe-squiddy-180m-100-g-mulinello-lineaeffe-blizzard-4000.jpg;"Kit Speed Eging per Pesca Calamaro e Seppia Canna Lineaeffe Squiddy 1.80m 100 g + Mulinello Lineaeffe Blizzard 4000";B09JWCSWCG;"Kit Da Pesca";53.200000;53.2;0;1
339;https://www.mgfishing.eu/465/agc-kit-yamashiro-punda-ondulante-fluo-13-gr-65-cm-5-pz.jpg;"Kit Yamashiro Punda Ondulante Fluo 13 gr 6,5 cm 5 pz";B09C2274L9;"Kit Da Pesca";20.410000;20.41;0;1
338;https://www.mgfishing.eu/464/kit-speed-eging-per-pesca-calamaro-e-seppia-canna-lineaeffe-squiddy-160m-100-g-mulinello-lineaeffe-vigor-prime-4000.jpg;"Kit Speed Eging per Pesca Calamaro e Seppia Canna Lineaeffe Squiddy 1.60m 100 g + Mulinello Lineaeffe Vigor Prime 4000";B09JSSV4XR;"Kit Da Pesca";39.000000;39;2;0
337;https://www.mgfishing.eu/463/sacca-per-cavalletto-portapesci-trota-lago-rinforzata-e-retata.jpg;"Sacca per cavalletto portapesci trota lago, rinforzata e retata.";B0987WWYYQ;"Porta pesci";12.000000;12;0;1
336;https://www.mgfishing.eu/462/fw-mulinello-da-pesca-con-filo-corpo-in-grafite-doppio-strato-e-bobina-in-lega-zingata-con-cuscinetto-in-acciaio-anti-corrosion.jpg;"FW Mulinello da Pesca Con Filo, Corpo in grafite doppio strato e bobina in lega zingata con cuscinetto in acciaio anti corrosion";B097N33TP5;Home;24.900000;32.9;0;1
331;https://www.mgfishing.eu/457/kit-surfcasting-2pz-canne-metri-420-2pz-mulinelli-tripode-telescopico-accessori-per-la-pesca.jpg;"Kit Surfcasting 2pz Canne metri 4.20 + 2pz Mulinelli + Tripode Telescopico + accessori per la pesca";B09DGFJKV1;"Kit Da Pesca";69.000000;69;0;1
325;https://www.mgfishing.eu/447/kit-2-nassa-quadra-artigianale-realizzata-con-struttura-in-acciaio-e-rete-in-nylon-seta.jpg;"Kit 2 Nassa Quadra Artigianale Realizzata con Struttura in Acciaio e Rete in Nylon Seta";B083Y5477S;"Nasse e Reti";48.360000;48.36;0;1
323;https://www.mgfishing.eu/445/tripode-k-race-due-canne-120-centimetri.jpg;"Tripode K Race due Canne 120 centimetri";B09C28X55L;Home;56.560000;56.56;0;1
321;https://www.mgfishing.eu/443/tripode-k-race-due-canne-120-centimetri.jpg;"Tripode K Race due Canne 120 centimetri";B09C28X55L;Home;56.560000;56.56;0;1
318;https://www.mgfishing.eu/440/kolpo-futura-famosa-canna-da-pesca-bolognese-super-leggera-7-mt-diametro-26-mm-peso-307-gr.jpg;"Futura Famosa Canna da Pesca Bolognese Super Leggera 7 mt - diametro 26 mm - peso 307 gr";B097GVXGG7;"Canne Da Pesca";139.000000;139;1;0
317;https://www.mgfishing.eu/439/kit-spinning-canna-superlative-240-60-gr-mulinello-nanga-spin.jpg;"Kit Spinning Canna Superlative 2,40 60 gr + Mulinello Nanga Spin";B097BTJV5X;"Kit Da Pesca";46.720000;46.72;0;1
316;https://www.mgfishing.eu/437/2-x-kolpo-puntali-da-sabbia-k-race-verdi-150-cm-alluminio-altamente-resistente-accessori-florescenti-viti-in-ottone.jpg;"2 x Puntali da sabbia K-Race Verdi 150 cm, alluminio altamente resistente, accessori florescenti, viti in ottone";B096K2SQ7B;Puntali;26.000000;26;2;0
315;https://www.mgfishing.eu/434/yamashiro-held-artificiali-light-spinning-2-gr-29-cm-10-pz-scatola-rigida.jpg;"KIT 10PZ Yamashiro Held Artificiali Light Spinning 2 gr 2,9 cm 10 pz + Scatola rigida";B0963VMDVM;"Esche Artificiali da Pesca";14.900000;14.9;0;1
313;https://www.mgfishing.eu/432/kolpo-carpfishing-kit-aghi-innesco-4-pezzi-in-box-rigido.jpg;"KIT carpfishing Kit Aghi Innesco, 4 pezzi in box rigido";B0987F6LXF;"Ami Girelle e Moschettoni";8.900000;8.9;2;0
312;https://www.mgfishing.eu/431/kit-speed-eging-per-pesca-calamaro-e-seppia-canna-lineaeffe-squiddy-xl-160m-150-g-mulinello-lineaeffe-vigor-prime-4000.jpg;"Kit Speed Eging per Pesca Calamaro e Seppia Canna Lineaeffe Squiddy XL 1.60m 150 g + Mulinello Lineaeffe Vigor Prime 4000";B09JSWZT27;"Kit Da Pesca";53.200000;53.2;0;1
311;https://www.mgfishing.eu/430/tatler-kit-pesca-spinning-con-canna-240-mt-mulinello-e-filo.jpg;"Tatler Kit Pesca Spinning con Canna 2.40 mt GR.10/50 + Mulinello e Filo";B097HM7PZG;"Kit Spinning";49.000000;49;2;0
310;https://www.mgfishing.eu/429/kit-traina-kolpo-2-pz-canna-da-pesca-12-30-lbs-in-carbonio-2-pz-mulinello-2-cinture-da-traina.jpg;"Kit Traina MARLINA 2 Pz Canna da Pesca 12-30 lbs in carbonio + 2 Pz Mulinello +FILO +2 Cinture da Traina";B097RLT84X;"Kit Da Pesca";129.000000;129;2;0
307;https://www.mgfishing.eu/426/tatler-canna-da-pesca-cattat-210-2-sezioni-150-300-gr.jpg;"Tatler Canna da Pesca Cattat 2.10 2 Sezioni 150 300 gr";B09D7Z8MK5;"Canne Da Pesca";32.700000;32.7;0;1
306;https://www.mgfishing.eu/425/kit-eging-e-bolentino-lineaeffe-canna-2-pezzi-rapid-eging-255mt-130g-mulinello-lineaeffe-vigor-sl-fd-4000.jpg;"Kit Eging e Bolentino Lineaeffe Canna 2 Pezzi Rapid Eging 2.55mt. 130g.+ Mulinello Lineaeffe Vigor SL FD 4000";B09JPF87K8;"Kit Da Pesca";52.460000;52.46;0;1
305;https://www.mgfishing.eu/424/kolpo-bobinatore-e-filo-da-pesca-1000-mt-diametro-035.jpg;"Bobinatore + Filo da Pesca 1000 mt (Diametro disp. 0.15 a 0.40)";B09C8L3ZX8;"Monofili e Trecciati";18.300000;18.3;0;1
304;https://www.mgfishing.eu/423/kit-surfcasting-canna-mitchell-catch-420-mulinello-shakespeare-salt-con-filo.jpg;"Kit Surfcasting Canna Mitchell Catch 4.20 + Mulinello Shakespeare Salt con Filo";B09QCRYFP6;"Kit Da Pesca";49.100000;49.1;0;1
303;https://www.mgfishing.eu/422/kit-surfcasting-2-canne-2-mulinelli-king-sea-8000-tripode-surf-casting.jpg;"Kit Surfcasting 2 Canne + 2 Mulinelli King Sea 8000 + Tripode surf casting";B09CTZMSX4;"Kit Da Pesca";129.000000;129;2;0
300;https://www.mgfishing.eu/419/kit-3pz-canne-3pz-mulinelli-da-pesca.jpg;"Kit 3pz Canne + 3pz Mulinelli da Pesca";B09CTYWYY5;"Kit Da Pesca";72.950000;72.95;0;1
296;https://www.mgfishing.eu/415/pinza-multiuso-apri-slit-ring-stringi-piombi-cesoia-per-fili-da-pesca.jpg;"Pinza Multiuso, Apri Slit Ring, stringi piombi, cesoia per Fili da Pesca";B097JX9JTY;"Forbici e Pinze";9.900000;9.9;2;0
292;https://www.mgfishing.eu/409/kit-carpfishing-2pz-canne-2pz-mulinelli-2pz-segnalatori-1-pod-fodero-2pz-terminali-2pz-swinger.jpg;"Kit Carpfishing 2pz Canne + 2pz Mulinelli + 2pz Segnalatori + 1 Pod + fodero + 2pz terminali +2pz swinger";B09DGG4MM2;"Canne Da Carpfishing";199.000000;199;1;0
291;https://www.mgfishing.eu/408/kit-da-carpfishing-3-canne-3-mulinelli-3-avvisatori-fodero-e-rodpod.jpg;"Kit da Carpfishing 3 Canne + 3 Mulinelli + 3 Avvisatori + Fodero e Rodpod";B09C6GLH19;"Kit Da Pesca";154.920000;154.92;0;1
289;https://www.mgfishing.eu/406/kit-trota-lago-canna-commercial-trout-in-carbonio-mulinello-cosmo-3-cuscinetti.jpg;"Kit Trota Lago Canna Commercial Trout in Carbonio + Mulinello Cosmo 3 Cuscinetti";B09CDM6Q66;"Kit Da Pesca";59.000000;59;0;1
287;https://www.mgfishing.eu/404/kit-surfcasting-shizuka-sh1600-420-220g-mulinello-imbobinato-sk7-7000.jpg;"Kit Surfcasting Shizuka SH1600 420 220g + Mulinello Imbobinato SK7 7000";B09CZ7NSR2;"Kit Surfcasting";59.000000;59;1;0
286;https://www.mgfishing.eu/401/kolpo-vaschetta-con-attacco-universale-per-panchetti-pesca-l.jpg;"Vaschetta con Attacco Universale Per Panchetti Pesca (L)";B0999419MW;"Accessori per panchetti e sedie";9.900000;9.9;0;1
281;https://www.mgfishing.eu/392/kit-eging-e-bolentino-lineaeffe-canna-2-pezzi-rapid-eging-255mt-130g-mulinello-lineaeffe-blizzard-3000.jpg;"Kit Eging e Bolentino Lineaeffe Canna 2 Pezzi Rapid Eging 2.55mt. 130g.+ Mulinello Lineaeffe Blizzard 3000";B09JPCG1RS;"Kit Da Pesca";60.660000;60.66;0;1
279;https://www.mgfishing.eu/384/rcharlance-mulinelli-da-pesca-171bb-bobina-da-pesca-corpo-in-metallo-e-mulinello-da-pesca-a-filatura-rapida-con-manico-in-meta.jpg;"Rcharlance Mulinelli da pesca 17+1BB Bobina da pesca, corpo in metallo e mulinello da pesca a filatura rapida con manico in meta";B08248BHVL;Home;35.990000;39.99;0;1
277;https://www.mgfishing.eu/382/combo-storione-siluro-sele-wonder-sturegon-mulinello-7000-trecciato-300-mt.jpg;"Combo Storione Siluro Sele Wonder Sturegon + Mulinello 7000 Trecciato 300 mt";B09C8H1RHC;Home;105.740000;105.74;0;1
276;https://www.mgfishing.eu/379/yamashiro-kit-artificiali-light-spining-4-e-5-cm-15-pz-scatola-in-plastica-175-x-10-cm.jpg;"kit Yamashiro Kit Artificiali Light Spining 4 e 5 cm 15 pz + scatola in plastica 17,5 x 10 cm";B0963TGQV6;"Kit Da Pesca";23.000000;23;0;1
275;https://www.mgfishing.eu/378/kit-traina-completo-canna-con-carrucole-30-80-lbs-mulinello-500-cintura-da-combattimento-raffio-2-pz-artificiali-aguglia.jpg;"Kit Traina Completo Canna con carrucole 30/80 lbs + Mulinello 500 + Cintura da Combattimento + Raffio + 2 Pz Artificiali aguglia";B097RQ7RGV;"Kit Da Pesca";130.330000;130.33;0;1
274;https://www.mgfishing.eu/377/kolpo-vetta-ricambio-in-carbonio-alto-modulo-lunghezza-120-cm-base-6-mm-punta-15-mm.jpg;"Vetta Ricambio in Carbonio Alto Modulo";;Home;0.000000;9.9;11;0
273;https://www.mgfishing.eu/376/tripode-molo-alluminio-estendibile-pesca-kolpo-fino-a-125-cm-puo-sostenere-fino-a-5-canne-larghezza-poggia-canne-68-cm.jpg;"Tripode Molo Alluminio Estendibile Pesca, da 50cm a 115 cm può sostenere fino a 4 canne,";B096ZLPX6R;Home;19.900000;19.9;2;0
272;https://www.mgfishing.eu/375/kit-speed-eging-per-pesca-calamaro-e-seppia-canna-lineaeffe-squiddy-160m-100-g-mulinello-lineaeffe-vigor-sl-fd-3000.jpg;"Kit Speed Eging per Pesca Calamaro e Seppia Canna Lineaeffe Squiddy 1.60m 100 g + Mulinello Lineaeffe Vigor SL FD 3000";B09JST2LN4;"Kit Da Pesca";45.000000;45;0;1
269;https://www.mgfishing.eu/372/kit-spinning-canna-tattica10-50-gr-mulinello-vida-con-filo.jpg;"Kit Spinning Canna Tattica10-50 gr + Mulinello Vida con Filo";B09DG9865X;"Kit Da Pesca";40.160000;40.16;0;1
268;https://www.mgfishing.eu/371/mistrall-siro-mulinello-da-pesca-speciale-method-feeder-6-cuscinetti.jpg;"Mistrall Siro Mulinello da Pesca Speciale Method Feeder 6 Cuscinetti";B09QGKZGBM;Home;39.000000;39;0;1
267;https://www.mgfishing.eu/370/mistrall-stratus-mulinello-da-pesca-method-feeder-8-cuscinetti.jpg;"Mistrall Stratus Mulinello da Pesca Method Feeder 8 Cuscinetti";B09QCPVJN3;Home;69.000000;69;0;1
265;https://www.mgfishing.eu/368/kolpo-cavalletto-porta-canne-trout-area-trota-lago-spinning.jpg;"Cavalletto Porta canne Trout Area Trota Lago Spinning";B09CH462RV;"Porta pesci";35.000000;35;2;0
264;https://www.mgfishing.eu/367/kit-speed-eging-per-pesca-calamaro-e-seppia-canna-lineaeffe-squiddy-xl-160m-150-g-mulinello-lineaeffe-vigor-sl-fd-3000.jpg;"Kit Speed Eging per Pesca Calamaro e Seppia Canna Lineaeffe Squiddy XL 1.60m 150 g + Mulinello Lineaeffe Vigor SL FD 3000";B09JSV8ZRM;"Kit Da Pesca";45.000000;45;0;1
263;https://www.mgfishing.eu/366/kit-pesca-carpfishing-completo-3pz-canne-3pz-mulinelli-accessori-per-la-pesca.jpg;"Kit Pesca CarpFishing completo 3pz Canne + 3pz Mulinelli + Accessori per la pesca";B09DGF2B5N;Home;179.000000;179;0;1
262;https://www.mgfishing.eu/365/kit-surfcasting-light-canna-in-carbonio-130-gr-mulinello-mitchell-mx1.jpg;"Kit Surfcasting Light Canna in Carbonio 130 gr + Mulinello Mitchell MX1";B09QKW8YTH;"Kit Da Pesca";64.750000;64.75;0;1
261;https://www.mgfishing.eu/364/kit-surfcasting-light-canna-in-carbonio-130-gr-mulinello-mitchell-mx1.jpg;"Kit Surfcasting Light Canna in Carbonio 130 gr + Mulinello Mitchell MX1";B09QKW8YTH;"Kit Da Pesca";64.750000;64.75;0;1
260;https://www.mgfishing.eu/363/agc-canna-pesca-bolognese-cross-carbon-bolo-5mt.jpg;"agc Canna Pesca Bolognese Cross Carbon Bolo 5mt";B08LNJ7F9M;"Canne Da Pesca";23.690000;23.69;0;1
259;https://www.mgfishing.eu/362/kit-speed-eging-per-pesca-calamaro-e-seppia-canna-lineaeffe-squiddy-xl-160m-150-g-mulinello-lineaeffe-vigor-sl-fd-3000.jpg;"Kit Speed Eging per Pesca Calamaro e Seppia Canna Lineaeffe Squiddy XL 1.60m 150 g + Mulinello Lineaeffe Vigor SL FD 3000";B09JSV8ZRM;"Kit Da Pesca";45.000000;45;0;1
254;https://www.mgfishing.eu/355/2-pz-mulinello-trabucco-oceanic-8000.jpg;"kit trabucco 2 PZ Mulinello Trabucco Oceanic 8000";B097F11N1X;"Kit Da Pesca";49.000000;49;2;0
253;https://www.mgfishing.eu/354/2-x-kolpo-illusion-super-fluorocarbon-50-mt.jpg;"Illusion Super Fluorocarbon 50 mt";B0971B9XVD;Trecciato;3.900000;3.9;26;0
252;https://www.mgfishing.eu/353/kit-surfcasting-canna-sele-alexis-200-gr-mulinello-king-sea-8000.jpg;"Kit Surfcasting Canna Sele Alexis 200 gr + Mulinello king sea 8000";B09CTWD2NR;"Kit Da Pesca";64.750000;64.75;0;1
250;https://www.mgfishing.eu/351/mistrall-sicata-mulinello-da-pesca-9-cuscinetti-special-method-feeder.jpg;"Mistrall Sicata Mulinello da Pesca 9 Cuscinetti Special Method Feeder";B09QCQSRRB;Home;64.000000;64;0;1
249;https://www.mgfishing.eu/350/combo-pesca-a-fondo-e-bombarda-canna-420-e-mulinello-tatler-mulinello-da-pesca-fq.jpg;"Combo Pesca a Fondo e Bombarda Canna 4.20 e Mulinello + Tatler mulinello da pesca FQ";B097HMDK2S;"Canne Da Pesca";56.850000;56.85;0;1
248;https://www.mgfishing.eu/349/kit-surfcasting-2pzcanne-surf-3-sezioni-420-mt-200-gr-2pz-mulinelli-talent-7000-e-filo.jpg;"Kit Surfcasting 2pzCanne Surf 3 Sezioni 420 mt 200 gr + 2pz Mulinelli Talent 7000 e Filo";B09CTZPJ7K;"Kit Da Pesca";113.930000;113.93;0;1
247;https://www.mgfishing.eu/348/kit-pesca-trota-lago-completo-3pz-canne-commercial-trout-3-mulinelli-vida-1pz-porta-canne.jpg;"Kit Pesca Trota Lago Completo 3pz Canne Commercial Trout + 3 Mulinelli Vida +1pz Porta Canne";B09CH1L75L;"Kit Da Pesca";163.110000;163.11;0;1
246;https://www.mgfishing.eu/347/kit-surfcasting-2-shimano-sonora-surf-te-420-200g-2pz-shizuka-mulinello-da-pesca-imbobinato-sk7-7000.jpg;"Kit Surfcasting 2 Shimano Sonora Surf Te 420-200g + 2pz SHIZUKA Mulinello da Pesca Imbobinato SK7 7000";B09CLDDQ9T;"Kit Da Pesca";113.930000;113.93;0;1
244;https://www.mgfishing.eu/345/kit-pesca-dalla-barca-traina-trainetta-costiera-inchiku-jigger-2-canne-2-mulinelli.jpg;"Kit Pesca Dalla Barca Traina Trainetta Costiera Inchiku Jigger 2 Canne + 2 Mulinelli";B098B1PWPT;"Kit Da Pesca";113.930000;113.93;0;1
243;https://www.mgfishing.eu/344/agc-kit-all-round-canna-colmic-tango-pro-4-m-30-120-gr-mulinello-shizuka-sk6-4000.jpg;"agc Kit all Round Canna COLMIC Tango PRO 4 m 30-120 Gr + Mulinello SHIZUKA SK6 4000";B08BKPMCY9;"Kit Da Pesca";0.000000;0;0;1
240;https://www.mgfishing.eu/341/agc-kit-3-pezzi-kolpo-joke-cranck-pesca-light-spinning-trout-area-50-mm-32-gr.jpg;"Kit 3 Pezzi  Joke Cranck Pesca Light Spinning Trout Area 50 mm 3.2 gr";B099NB4LF7;Home;13.900000;13.9;0;1
237;https://www.mgfishing.eu/338/kit-3pz-mulinelli-pesca-trota-lago-feeder-light-area-spinning-bolognese-pesca-fondo.jpg;"Kit 3pz Mulinelli Pesca Trota Lago - Feeder - Light Area - Spinning - Bolognese - Pesca Fondo";B09DL2K4P8;Home;29.000000;29;2;0
235;https://www.mgfishing.eu/336/kit-surfcasting-2pz-colmic-canna-altura-420-m-100-200-gr-2pz-trabucco-dayton-sw-8000-mulinello.jpg;"Kit Surfcasting 2pz Colmic Canna Altura 4,20 m 100-200 Gr + 2pz Trabucco Dayton SW 8000 Mulinello";B09BCRHWN7;"Kit Da Pesca";187.700000;187.7;0;1
234;https://www.mgfishing.eu/335/kolpo-cucchiaio-pasturazione-carpfishing.jpg;"Cucchiaio completo di manico Pasturazione carpfishing";B0987KDCRW;Home;12.900000;12.9;0;1
232;https://www.mgfishing.eu/333/vp-kit-guadino-completo-testa-guadino-resinata-60x53-manico-guadino-next-lunghezza-420-mt.jpg;"Kit Guadino Completo Testa Guadino Resinata 60x53 + Manico GUADINO Next Lunghezza 4,20 mt";B07ZG2K336;Guadini;38.900000;38.9;2;0
231;https://www.mgfishing.eu/332/tatler-advancetat-jigging-2-speed-mulinello-pesca-11-cuscinetti-jig-slow-pitch-kabura.jpg;"Tatler Advancetat Jigging 2 Speed Mulinello Pesca 11 Cuscinetti Jig Slow Pitch Kabura";B09QGHH6LY;Home;228.690000;228.69;0;1
230;https://www.mgfishing.eu/331/mulinello-da-traina-con-contametri-e-guidafilo-bobina-in-alluminio.jpg;"Mulinello da Traina con Contametri e Guidafilo Bobina in Alluminio";B09D82QJ74;Home;57.300000;57.3;0;1
228;https://www.mgfishing.eu/329/kit-surfcasting-2pz-canne-sele-cyclone-surf-2pz-mulinello-arya-6000-tripode-fodero.jpg;"Kit Surfcasting 2pz Canne Sele Cyclone surf + 2pz Mulinello Arya 6000 + Tripode + Fodero";B09CGYPWNM;"Kit Da Pesca";154.920000;154.92;0;1
226;https://www.mgfishing.eu/327/kit-da-pesca-surfcasting-canna-tre-sezioni-420-mulinello-fodero.jpg;"Kit da Pesca Surfcasting Canna tre Sezioni 4.20 + Mulinello + Fodero";B09QKV4QDY;"Kit Da Pesca";97.540000;97.54;0;1
225;https://www.mgfishing.eu/326/agc-new-kit-4-canne-bolognesi-da-4-mt-delta-azione-5-20-gr-n-4-mulinelli-vigor-hg-shiver-30-con-filo.jpg;"New Kit 4 CANNE BOLOGNESI da 4 MT Delta Azione 5-20 GR. + N° 4 MULINELLI Vigor HG Shiver 30 con Filo";B082J1JT2D;"Kit Da Pesca";81.150000;81.15;0;1
224;https://www.mgfishing.eu/325/agc-kit-di-3-piombi-portoghese-con-astina-da-50-g.jpg;"agc Kit di 3 piombi Portoghese con ASTINA da 50 g";B082KY7VQY;"Piombi da pesca";8.110000;8.11;0;1
223;https://www.mgfishing.eu/318/origlam-100-esche-da-pesca-in-acqua-dolce-vermi-in-plastica-morbida-vermi-da-pesca-esche-morbide-da-pesca-esche-da-pesca-es.jpg;"OriGlam 100 esche da pesca in acqua dolce, vermi in plastica morbida, vermi da pesca, esche morbide da pesca, esche da pesca, es";B0872T5LGF;Home;8.510000;8.51;0;1
222;https://www.mgfishing.eu/3903/palo-bilancia-lineaeffe-470mt.jpg;"Palo Bilancia Lineaeffe";;Bilance;0.000000;37.9;3;0
220;https://www.mgfishing.eu/315/agc-nomura-kit-spinning-canna-hiro-240-5-28-gr-mulinello-kuro-1000.jpg;"agc Nomura Kit Spinning Canna Hiro 240 5-28 Gr + Mulinello Kuro 1000";B08BHLL14D;"Kit Da Pesca";0.000000;0;0;1
218;https://www.mgfishing.eu/305/qualyqualy-macchinetta-lega-ami-da-pesca-macchinetta-legatura-ami-da-elettrica-automatica-macchinetta-legare-ami-da-pesca-la.jpg;"QualyQualy Macchinetta Lega Ami da Pesca, Macchinetta Legatura Ami da Elettrica Automatica, Macchinetta Legare Ami da Pesca, La";B01NAI5Q7V;Home;15.570000;15.57;0;1
215;https://www.mgfishing.eu/301/agc-ngt-fodero-porta-canne-carpfishing-33-canne.jpg;"agc Ngt Fodero Porta Canne CarpFishing 3+3 Canne";B09DL7W8LQ;Home;40.160000;40.16;0;1
214;https://www.mgfishing.eu/300/agc-kit-surf-canna-colmic-altura-420-100-200-g-mulinello-trabucco-dayton-sw-8000.jpg;"agc Kit Surf Canna Colmic Altura 420 100-200 g + Mulinello Trabucco Dayton SW 8000";B08SHXZY5L;"Kit Surfcasting";89.000000;89;0;1
213;https://www.mgfishing.eu/299/kit-bolognese-2pz-canne-2pz-mulinelli-fodero-porta-canne-lenze-pronte.jpg;"Kit Bolognese 2pz Canne + 2pz Mulinelli + Fodero Porta Canne + Lenze Pronte";B09CGYKRXJ;"Kit Da Pesca";81.150000;81.15;0;1
212;https://www.mgfishing.eu/298/agc-kit-bolognese-canna-globe-fishing-tornado-3m-mulinello-shizuka-sk7-3000.jpg;"agc Kit Bolognese Canna Globe Fishing Tornado 3m + Mulinello Shizuka SK7 3000";;"Kit Bolognese";29.900000;29.9;4;0
211;https://www.mgfishing.eu/297/agc-kit-bolo-2-canne-globe-fishing-tornado-3-m-2-mulinelli-lineaeffe-vigor-sl300-fd.jpg;"agc Kit Bolo 2 Canne Globe Fishing Tornado 3 m + 2 Mulinelli Lineaeffe Vigor SL300 FD";B08SHTKQT4;"Kit Da Pesca";48.360000;48.36;0;1
210;https://www.mgfishing.eu/296/agc-kit-2-esca-artificiale-spinning-minnow-9-cm-8gr.jpg;"Kit 2 Esca Artificiale Spinning Minnow 9 cm 8gr";B08GFVXXZT;Home;12.210000;12.21;0;1
209;https://www.mgfishing.eu/295/cavalletto-da-pesca-in-alluminio-per-la-pesca-trota-lago-completo-di-barattoli-porta-eschemisure-40x56x56-cm-circa.jpg;"Cavalletto da pesca in alluminio per la pesca trota lago completo di barattoli porta esche,Misure: 40x56x56 Cm circa";B0987WVYRJ;"Porta pesci";59.000000;59;1;0
208;https://www.mgfishing.eu/294/agc-combo-pesca-surf-casting-2-canne-in-carbonio-2-mulinelli-misura-5000-con-filo.jpg;"agc Combo Pesca Surf Casting 2 Canne in Carbonio + 2 Mulinelli Misura 5000 con Filo";B095SKQSXQ;Home;105.740000;105.74;0;1
204;https://www.mgfishing.eu/289/agc-yamashiro-kit-pesca-drop-shot-16-pezzi-csatola-rigida.jpg;"agc Yamashiro Kit Pesca Drop Shot 16 Pezzi + csatola Rigida";B0963YDFMQ;Home;20.410000;20.41;0;1
202;https://www.mgfishing.eu/284/agc-penn-canna-wrath-bolescopic-pesca-bolentino-telescopica-lunghezza-7-ft-213-m.jpg;"agc Penn Canna Wrath Bolescopic Pesca Bolentino Telescopica Lunghezza 7 ft (2,13 m)";B08LL59HSH;"Canne Da Pesca";25.980000;25.98;0;1
201;https://www.mgfishing.eu/283/agc-kit-bolognese-composto-da-canna-delta-strong-3-m-mulinello-artic-special-ice-fishing-200.jpg;"agc Kit Bolognese Composto da Canna Delta Strong 3 m + Mulinello Artic Special Ice Fishing 200";B07ZG1P1PH;"Kit Da Pesca";31.970000;31.97;0;1
200;https://www.mgfishing.eu/282/agc-super-combo-surfcasting-canna-mulinello-e-filo.jpg;"agc Super Combo Surfcasting Canna Mulinello e Filo";B095PPLXLW;"Kit Da Pesca";56.560000;56.56;0;1
196;https://www.mgfishing.eu/276/agc-kit-3-pezzi-kolpo-ken-artificiale-pesca-trout-area-game-38-mm-25-gr.jpg;"Kit 3 Pezzi Ken Artificiale Pesca Trout Area Game 38 mm 2.5 gr";B099N6X5F5;Home;14.900000;14.9;2;0
194;https://www.mgfishing.eu/274/agc-kit-3-pezzi-kolpo-janpu-mini-popper-pesca-spinning-mono-amo-35-mm-2-gr.jpg;"Kit 3 Pezzi  Janpu Mini Popper Pesca Spinning Mono Amo 35 mm 2 gr";B099K64YVN;Home;14.900000;14.9;2;0
192;https://www.mgfishing.eu/272/agc-2-kg-pastura-speciale-mare-energy-sea-speciale-mare-cefalo-bianca-formaggio.jpg;"agc 2 kg Pastura Speciale Mare Energy Sea Speciale Mare Cefalo Bianca Formaggio";B09B7KJLZB;Pasture;16.310000;16.31;0;1
191;https://www.mgfishing.eu/269/agc-kolpo-borsa-in-eva-specialist-porta-vivo-eva-bag-50-cm.jpg;"Borsa in Eva Specialist Porta Vivo Eva Bag 45x27x25 cm";B09C2CVT5M;Home;19.900000;19.9;2;0
190;https://www.mgfishing.eu/268/agc-kolpo-reale-5-pz-totanara-luminosa-3d-japanese-concept-in-colori-assortiti.jpg;"kit Reale 5 pz Totanara Luminosa 3D Japanese Concept in Colori Assortiti";B09DPTM7D5;Home;16.000000;16;2;0
189;https://www.mgfishing.eu/267/agc-rapid-eging-canna-pesca-squid-carbonio-240-cm.jpg;"agc Rapid Eging Canna Pesca Squid Carbonio 240 cm";B07ZKCMPHY;"Canne Da Pesca";33.440000;33.44;0;1
187;https://www.mgfishing.eu/262/agc-kit-trapani-e-uncini-carpfishing.jpg;"Kit Trapani e Uncini carpfishing";B09DL13KRB;Home;9.900000;9.9;2;0
185;https://www.mgfishing.eu/260/agc-esche-artificiali-octopus-classic-yellow-15-pz-75-mm.jpg;"Esche Artificiali Octopus Classic Yellow 15 pz 75 mm";B098F18Y4D;Home;16.310000;16.31;0;1
183;https://www.mgfishing.eu/256/agc-kolpo-borsa-in-eva-specialist-porta-vivo-eva-bag-50-cm.jpg;"Borsa in Eva Specialist Porta Vivo Eva Bag 50 cm";B09C29D5WT;"Porta pesci";22.000000;22;0;1
182;https://www.mgfishing.eu/255/agc-octopus-classic-yellow-tiger-15-pz-90-mm.jpg;"agc Octopus Classic Yellow Tiger 15 pz 90 mm";B098DYZD9P;Home;16.310000;16.31;0;1
181;https://www.mgfishing.eu/254/agc-esche-artificiali-octopus-classic-orange-15-pz-75-mm.jpg;"agc Esche Artificiali Octopus Classic Orange 15 pz 75 mm";B098F6G8M8;Home;16.310000;16.31;0;1
180;https://www.mgfishing.eu/252/agc-yamashiro-split-ring-assortiti-200-pz.jpg;"Yamashiro Split Ring Assortiti 200 pz";B09C1ZKKY1;Girelle;8.900000;8.9;0;1
179;https://www.mgfishing.eu/251/agc-yamashiro-teste-piombate-con-grup-17-pezzi.jpg;"Yamashiro Teste Piombate con Grup 17 Pezzi";B09C29MSSD;"Esche Artificiali Jig";9.900000;9.9;0;1
178;https://www.mgfishing.eu/250/agc-puntale-poggia-canne-da-pesca-telescopico-kolpo.jpg;"Puntale Poggia Canne da Pesca Telescopico 70/90 cm";B09C2FFLMF;Home;9.900000;9.9;0;1
177;https://www.mgfishing.eu/249/agc-filo-per-legature-tiger.jpg;"agc Filo per Legature Tiger";B09C8T3V4L;Home;19.670000;19.67;0;1
176;https://www.mgfishing.eu/248/agc-tatler-octopus-classic-yellow-tiger-5-pz-60-mm.jpg;"Octopus Classic multicolor Tiger 5 pz 60 mm tatler";B09D3S5MQK;Siliconici;1.900000;1.9;0;1
175;https://www.mgfishing.eu/247/agc-tatler-cappello-sampey.jpg;"Cappello Sampey tatler";B09D3SPGHQ;"Cappelli da pesca";19.900000;19.9;0;1
174;https://www.mgfishing.eu/246/agc-tatler-torcia-in-alluminio-uv-12-led.jpg;"Torcia in Alluminio UV 12 LED";B09D3VD9MP;Lampade;9.900000;9.9;2;0
173;https://www.mgfishing.eu/245/agc-tatler-guanti-antiscivolo-super-grip.jpg;"Guanti Antiscivolo Super Grip Tatler";B09D3VQWF4;"Guanti da pesca";19.900000;19.9;0;1
171;https://www.mgfishing.eu/242/agc-tatler-octopus-classic-yellow-10-pz-60-mm.jpg;"Octopus Classic Yellow 10 pz 60 mm";B09D7VWM67;Siliconici;3.500000;3.5;0;1
170;https://www.mgfishing.eu/241/agc-tatler-octopus-classic-red-white-10pz-60-mm.jpg;"agc Tatler Octopus Classic Red White 10pz 60 mm";B09D7Y75GH;Home;16.310000;16.31;0;1
169;https://www.mgfishing.eu/240/agc-tatler-octopus-classic-yellow-10-pz-60-mm.jpg;"agc Tatler Octopus Classic Yellow 10 pz 60 mm";B09D7VWM67;Home;16.310000;16.31;0;1
168;https://www.mgfishing.eu/239/agc-tatler-octopus-classic-yellow-10-pz-60-mm.jpg;"agc Tatler Octopus Classic Yellow 10 pz 60 mm";B09D7R4799;Home;16.310000;16.31;0;1
167;https://www.mgfishing.eu/238/agc-tatler-guanti-antiscivolo-super-grip-red.jpg;"agc Tatler Guanti Antiscivolo Super Grip Red";B09D7NQN2J;"Guanti da pesca";23.770000;23.77;0;1
166;https://www.mgfishing.eu/237/agc-tatler-octopus-classic-pink-white-10-pz-60-mm.jpg;"agc Tatler Octopus Classic Pink White 10 pz 60 mm";B09D7YYQJ1;Home;16.310000;16.31;0;1
165;https://www.mgfishing.eu/236/agc-tatler-octopus-classic-trasparent-glitter-10-pz-60-mm.jpg;"agc Tatler Octopus Classic Trasparent Glitter 10 pz 60 mm";B09D7YGGS6;Home;16.310000;16.31;0;1
164;https://www.mgfishing.eu/235/agc-tatler-octopus-classic-orange-luminous-10-pz-60-mm.jpg;"agc Tatler Octopus Classic Orange Luminous 10 pz 60 mm";B09D81G6P2;Home;16.310000;16.31;0;1
163;https://www.mgfishing.eu/234/agc-kolpo-lampo-5-pz-totanare-pesca-seppie-30.jpg;"Lampo 5 PZ Totanare Pesca Seppie 3.0";B09DL3PG49;Home;16.310000;16.31;0;1
162;https://www.mgfishing.eu/233/agc-kit-accessori-pesca-a-galleggiante.jpg;"Kit Accessori Pesca a Galleggiante";B09DD1JKN8;"Borse porta attrezzatura";29.900000;29.9;0;1
161;https://www.mgfishing.eu/232/agc-tatler-octopus-classic-yellow-10-pz-75-mm.jpg;"agc Tatler Octopus Classic Yellow 10 pz 75 mm";B09D81N8SS;Home;16.310000;16.31;0;1
160;https://www.mgfishing.eu/231/agc-kolpo-lampo-4-pz-totanare-pesca-seppie-30.jpg;"kit 4 PZ totanare Lampo Totanare Pesca Seppie mis. 3.0";B09DL52V1G;"Kit Da Pesca";8.900000;8.9;2;0
159;https://www.mgfishing.eu/230/agc-carpfishing-session-pack.jpg;"Carpfishing - Session Pack";B09DL53HGG;"Ami Girelle e Moschettoni";13.900000;13.9;2;0
158;https://www.mgfishing.eu/229/agc-2pz-filo-pva-idrosolubile-20mt.jpg;"KIT 2pz Filo PVA idrosolubile 20mt";B09DL5J5GB;Home;4.900000;4.9;0;1
157;https://www.mgfishing.eu/228/agc-ngt-rompi-frantuma-boilies-esche.jpg;"Rompi Frantuma Boilies Esche";B09DL7RNCQ;Home;9.900000;9.9;0;1
156;https://www.mgfishing.eu/224/agc-ngt-trita-boilie-e-pellet.jpg;"agc Ngt Trita Boilie e Pellet";B09DL881K6;Home;19.670000;19.67;0;1
155;https://www.mgfishing.eu/220/agc-palo-guadino-ngt-telescopico-220-mt.jpg;"agc Palo Guadino Ngt Telescopico 2.20 Mt";B09DL9R6W5;Guadini;23.770000;23.77;0;1
154;https://www.mgfishing.eu/219/agc-esche-artificiali-octopus-classic-green-15-pz-60-mm.jpg;"agc Esche Artificiali Octopus Classic Green 15 pz 60 mm";B098F196HW;Home;16.310000;16.31;0;1
153;https://www.mgfishing.eu/218/agc-esche-artificiali-octopus-classic-white-15-pz-90-mm.jpg;"agc Esche Artificiali Octopus Classic White 15 pz 90 mm";B098F1WB6P;Home;16.310000;16.31;0;1
152;https://www.mgfishing.eu/217/agc-esche-artificiali-octopus-classic-trasparent-glitter-pink-blue-15-pz-90-mm.jpg;"agc Esche Artificiali Octopus Classic Trasparent Glitter Pink Blue 15 pz 90 mm";B098F21HMC;Home;16.310000;16.31;0;1
151;https://www.mgfishing.eu/216/agc-esche-artificiali-octopus-classic-pink-15-pz-75-mm.jpg;"agc Esche Artificiali Octopus Classic Pink 15 pz 75 mm";B098F2XVXD;Home;16.310000;16.31;0;1
150;https://www.mgfishing.eu/215/agc-esche-artificiali-octopus-classic-red-15-pz-75-mm.jpg;"agc Esche Artificiali Octopus Classic Red 15 pz 75 mm";B098F3X3WV;Home;16.310000;16.31;0;1
149;https://www.mgfishing.eu/214/agc-esche-artificiali-octopus-classic-orange-15-pz-90-mm.jpg;"agc Esche Artificiali Octopus Classic Orange 15 pz 90 mm";B098F48TYS;Home;16.310000;16.31;0;1
148;https://www.mgfishing.eu/213/agc-esche-artificiali-octopus-classic-luminoso-15-pz-90-mm.jpg;"agc Esche Artificiali Octopus Classic Luminoso 15 pz 90 mm";B098F62G4H;Home;16.310000;16.31;0;1
141;https://www.mgfishing.eu/206/agc-2kg-pastura-speciale-mare-energy-spigola-sarago-con-sarda-cozza-krill.jpg;"agc 2kg Pastura Speciale Mare Energy Spigola Sarago con Sarda Cozza Krill";B09B7P9X95;Pasture;16.310000;16.31;0;1
140;https://www.mgfishing.eu/199/agc-yamashiro-gambero-piombato-7-cm-confezione-da-5-pz.jpg;"agc Yamashiro Gambero Piombato 7 cm Confezione da 5 pz";B09C2C1QV8;Home;23.770000;29;0;1
139;https://www.mgfishing.eu/192/agc-yamashiro-gambero-piombato-7-cm-confezione-da-5-pz.jpg;"agc Yamashiro Gambero Piombato 7 cm Confezione da 5 pz";B09C2C1QV8;Home;23.770000;29;0;1
138;https://www.mgfishing.eu/191/agc-esche-artificiali-yamashiro-chans-artificiale-spinning-16-gr-8-cm-5pz.jpg;"agc Esche Artificiali - YAMASHIRO CHANS Artificiale Spinning 16 GR 8 CM 5PZ";B09C5VDWM6;Home;18.770000;18.77;0;1
137;https://www.mgfishing.eu/190/agc-kit-borsa-in-eva-stagna-con-ossigenatore-doppia-velocita.jpg;"agc Kit Borsa in Eva Stagna con Ossigenatore Doppia velocità";B09C8F2LXW;Home;40.160000;40.16;0;1
136;https://www.mgfishing.eu/189/agc-tatler-octopus-classic-orange-yellow-10-pz-60-mm.jpg;"agc Tatler Octopus Classic Orange Yellow 10 pz 60 mm";B09D3R5DMS;Home;16.310000;16.31;0;1
135;https://www.mgfishing.eu/188/agc-tatler-octopus-classic-trasparent-pink-glitter-10-pz-60-mm.jpg;"agc Tatler Octopus Classic Trasparent Pink Glitter 10 pz 60 mm";B09D3RCS3Q;Home;16.310000;16.31;0;1
129;https://www.mgfishing.eu/177/agc-kit-tre-avvisatori-indicator-tendifiloper-il-carpfishing-3-pezzi.jpg;"agc Kit Tre Avvisatori Indicator Tendifiloper Il Carpfishing 3 Pezzi";B09DL1PQZP;Home;20.410000;20.41;0;1
125;https://www.mgfishing.eu/173/agc-ngt-angling-pursuits-avvisatiore-carpfishing-tono-e-volume-variabile.jpg;"agc Ngt Angling Pursuits Avvisatiore Carpfishing Tono e Volume Variabile";B09DL7ZV6T;Home;16.310000;16.31;0;1
114;https://www.mgfishing.eu/160/agc-secchio-portavivo-doppio-forma-ovale-7-lt.jpg;"Secchio portavivo Doppio, Forma Ovale - 7 lt";B09C63FRTN;"Esche Artificiali da Pesca";12.000000;12;0;1
112;https://www.mgfishing.eu/158/agc-2kg-pastura-speciale-mare-energy-sea-spigola-sarago-con-sarda-cozza-granchio.jpg;"agc 2kg Pastura Speciale Mare Energy Sea Spigola Sarago con Sarda Cozza Granchio";B09B7PNHDV;Pasture;16.310000;16.31;0;1
111;https://www.mgfishing.eu/157/agc-aeroplanino-traina-trolling-teaser-rosso.jpg;"Aeroplanino cm 10/15/20Traina Trolling Teaser Rosso";B09DPKHH9Q;"Esche Artificiali Traina";6.600000;6.6;0;1
110;https://www.mgfishing.eu/156/agc-2kg-pastura-per-la-pesca-energy-match-competition.jpg;"agc 2kg Pastura per la Pesca Energy Match Competition";B09B7S8YZS;Pasture;16.310000;16.31;0;1
106;https://www.mgfishing.eu/151/agc-kit-surf-canna-bora-420-250-g-mulinello-avak-8000-con-filo.jpg;"agc Kit Surf Canna Bora 420 250 g + Mulinello Avak 8000 con Filo";B092JPJC44;"Kit Da Pesca";64.750000;64.75;0;1
105;https://www.mgfishing.eu/150/agc-kit-surfcasting-trabucco-sonic-xs-surf-mulinello-da-pesca-starcaster-7000-5-bb.jpg;"agc Kit SURFCASTING TRABUCCO Sonic XS Surf + Mulinello da Pesca Starcaster 7000 5 BB";B08BS2XYQB;"Kit Da Pesca";0.000000;0;0;1
102;https://www.mgfishing.eu/147/agc-sele-sl07-fodero-porta-canne-da-pesca-175-cm.jpg;"agc Sele SL07 Fodero Porta Canne da Pesca 175 cm";B096XW2GVH;Home;27.970000;27.97;0;1
100;https://www.mgfishing.eu/145/agc-kit-colmic-2-canne-altura-surf-420-m-100-200-gr.jpg;"agc Kit Colmic 2 Canne Altura Surf 4,20 m 100-200 Gr";B08GG4648X;"Kit Surfcasting";138.000000;138;0;1
99;https://www.mgfishing.eu/144/agc-2kg-pastura-per-la-pesca-energy-match-black-competition-breme-gardon-carpe.jpg;"agc 2kg Pastura per la Pesca Energy Match Black Competition Breme Gardon Carpe";B09B7RGQTX;Pasture;16.310000;16.31;0;1
98;https://www.mgfishing.eu/140/agc-ngt-custodia-rigida-porta-rig-terminali-pronti-carpfishing.jpg;"agc Ngt Custodia Rigida Porta Rig Terminali Pronti Carpfishing";B09DL8C6LJ;Home;19.670000;19.67;0;1
97;https://www.mgfishing.eu/1202/agc-kit-3-confezioni-da-10-ami-jaguar-aberdeen-in-titanio-high-carbon-con-rientrante-gambo-lungo-ad-occhiello.jpg;"Kit 3 Confezioni da 10 AMI Jaguar Aberdeen MIS.6/8/10";B08FCGXB6N;"Ami Da Surfcasting";4.800000;4.8;5;0
96;https://www.mgfishing.eu/138/agc-carpfishing-tris-di-scimmiette-con-valigetta.jpg;"agc Carpfishing - Tris di Scimmiette con Valigetta";B09DL5KDT4;Home;64.750000;64.75;0;1
93;https://www.mgfishing.eu/135/agc-canna-trout-area-okura-195-cm-azione-0-8-gr-grammi-ultra-light.jpg;"agc Canna Trout Area Okura 195 cm Azione 0-8 gr Grammi Ultra Light";B0851HT2VK;"Canne Da Pesca";31.970000;31.97;0;1
92;https://www.mgfishing.eu/134/agc-carpfishing-kit-pva.jpg;"agc Carpfishing - Kit PVA";B09DL54SB8;Home;56.560000;56.56;0;1
90;https://www.mgfishing.eu/132/agc-mulinello-beach-ledgering-bolentino-king-6000.jpg;"agc Mulinello Beach Ledgering bolentino King 6000";B07ZJTCZ5R;Home;28.010000;28.01;0;1
89;https://www.mgfishing.eu/130/agc-kit-80-ami-duel-misure-5-6-7-9.jpg;"Kit 80 AMI Duel, Misure 5/6/7/9";B09CD51J9J;"Ami Da Bolognese";12.900000;12.9;5;0
88;https://www.mgfishing.eu/129/agc-2-kg-pastura-speciale-mare-energy-spigola-orata-con-bibi-cozza-gambero.jpg;"agc 2 kg Pastura Speciale Mare Energy Spigola Orata con Bibi Cozza Gambero";B09B7N97KR;Pasture;16.310000;16.31;0;1
87;https://www.mgfishing.eu/128/agc-kit-pesca-surf-special-one-2-canne-2-mulinelli-1-tripode.jpg;"agc Kit Pesca Surf Special One 2 Canne + 2 Mulinelli + 1 tripode";B095Q4YGYB;"Kit Da Pesca";122.130000;122.13;0;1
83;https://www.mgfishing.eu/121/agc-tatler-kit-3-avvisatori-con-centralina.jpg;"agc Tatler Kit 3 Avvisatori con Centralina";B09D3TLNC3;Home;105.740000;105.74;0;1
82;https://www.mgfishing.eu/120/agc-2kg-pastura-fragola-carpa-tinca-rossa-energy-match-speciale-carpe-e-tinche.jpg;"agc 2kg Pastura Fragola Carpa Tinca Rossa Energy Match Speciale Carpe e Tinche";B09B7S1CY4;Pasture;16.310000;16.31;0;1
80;https://www.mgfishing.eu/115/agc-nomura-canna-pesca-eging-sw-kanji-240-seppia-cefalopodi.jpg;"agc Nomura Canna Pesca Eging SW Kanji 240 Seppia cefalopodi";B07ZKFP1RZ;"Canne Da Pesca";69.590000;69.59;0;1
77;https://www.mgfishing.eu/112/agc-rapid-eging-canna-pesca-squid-carbonio-255-cm.jpg;"agc Rapid Eging Canna Pesca Squid Carbonio 255 cm";B07ZKFMHWD;"Canne Da Pesca";38.030000;38.03;0;1
73;https://www.mgfishing.eu/103/agc-esche-artificiali-octopus-classic-red-white-15-pz-90-mm.jpg;"agc Esche Artificiali Octopus Classic Red White 15 pz 90 mm";B098F2YD1S;Home;16.310000;16.31;0;1
71;https://www.mgfishing.eu/101/agc-5-pz-granchi-in-gomma-realistici-attrattivi-red.jpg;"agc 5 pz Granchi in Gomma Realistici Attrattivi Red";B09DPP4MJ1;Home;19.900000;21.9;0;1
70;https://www.mgfishing.eu/100/agc-kit-bolognese-canna-carbon-7-m-mulinello-lineaeffe-match-30fd.jpg;"agc Kit Bolognese Canna Carbon 7 m + Mulinello Lineaeffe Match 30FD";B08SHSTQF6;"Kit Da Pesca";48.360000;48.36;0;1
69;https://www.mgfishing.eu/99/kit-eging-canna-globe-fishing-yellow-210-mulinello-shimano-fx-3000-4-totanare-ff-black.jpg;"Kit Eging Canna Globe Fishing Yellow 210 + Mulinello Shimano FX 3000 + 4 Totanare FF Black";B08SHHVVSX;"Kit Da Pesca";47.000000;47;0;1
64;https://www.mgfishing.eu/94/agc-combo-trabucco-2-canna-vektor-surf-150-gr-2-mulinelli-dayton-sw-8000-con-filo.jpg;"agc Combo Trabucco, 2 Canna Vektor Surf 150 Gr + 2 Mulinelli Dayton SW 8000 con Filo";;"Kit Surfcasting";119.900000;119.9;2;0
61;https://www.mgfishing.eu/89/agc-porta-terminali-10-avvolgilenza-soft-con-scomparto-porta-ami.jpg;"agc Porta Terminali 10 Avvolgilenza Soft con Scomparto Porta Ami";B09D3VFMFH;Home;20.410000;20.41;0;1
60;https://www.mgfishing.eu/88/agc-kit-pesca-surf-casting-canna-da-pesca-3-sezioni-200gr-420cm-mulinello-nanga-sw-6000-con-filo.jpg;"agc Kit Pesca Surf Casting, Canna da Pesca 3 sezioni 200gr 420cm + Mulinello Nanga SW 6000 con Filo";B095S1CVJC;"Kit Da Pesca";56.560000;56.56;0;1
59;https://www.mgfishing.eu/87/agc-kit-misto-pronto-pesca.jpg;"agc Kit Misto Pronto Pesca";B09CV38SGZ;Home;29.000000;29;0;1
58;https://www.mgfishing.eu/86/agc-kit-pesca-surfcasting-composto-da-canna-shimano-sonora-420-150g-mulinello-trabucco-oceanic-8000-con-filo.jpg;"Kit SHIMANO SURFCASTING  Sonora MT4.20  200GR + Mulinello TRABUCCO Oceanic 8000 con Filo";B094CTKXMC;"Kit Da Pesca";54.000000;54;0;1
57;https://www.mgfishing.eu/82/agc-fodero-porta-canne-carpfishing-2-2-ngt.jpg;"Fodero Porta Canne Carpfishing 2 + 2 Ngt";B09DL6F1JF;"Foderi Portacanne";29.000000;29;0;1
53;https://www.mgfishing.eu/74/agc-kit-guadino-completotesta-guadino-resinata-60x53-manico-guadino-next-320-mt.jpg;"Kit GUADINO Completo,Testa Guadino Resinata 60x53 + Manico GUADINO Next 3,20 mt";B07ZG17SN9;Guadini;34.900000;34.9;4;0
52;https://www.mgfishing.eu/73/kit-bolognese-shimano-fx-3000-canna-bolognese-classic-7-mt.jpg;"Kit Bolognese Shimano fx 3000 + Canna Bolognese Classic 7 mt";B097DZB7X6;"Kit Bolognese";49.900000;49.9;0;1
50;https://www.mgfishing.eu/71/agc-kolpo-combo-kit-surfcasting-canna-in-carbonio-mulinello-king-sea-8000.jpg;"Kit Surfcasting Canna in Carbonio 4.20 120gr+ Mulinello King Sea 8000";B095PPST2F;"Kit Da Pesca";59.000000;59;0;1
49;https://www.mgfishing.eu/68/agc-kit-traina-kolpo-marlina-troll-2-pz-canna-traina-con-carrucola-10-30-lb-shakespeare-2-pz-mulinello-traina-stw20.jpg;"Kit Traina  Marlina Troll 2 pz Canna Traina con Carrucola 10 30 lb +  2 pz Mulinello Traina STW20";B0968MGQP7;"Kit Da Pesca";79.000000;79;5;0
48;https://www.mgfishing.eu/67/agc-combo-surf-canna-in-carbonio-220-gr-mulinello-4-cuscinetti-e-filo-misura-5000.jpg;"agc Combo Surf Canna in Carbonio 220 gr + Mulinello 4 Cuscinetti e Filo Misura 5000";B095LZ47LF;"Kit Da Pesca";52.890000;52.89;0;1
47;https://www.mgfishing.eu/2086/agc-penn-canna-pesca-wrath-eging-243-m-egi-25-4.jpg;"Canna Globe Fishing eging Capture 2,10mt";B08LKX7QX7;"Canne Da Spinning";24.900000;24.9;10;0
46;https://www.mgfishing.eu/65/agc-combo-surfcasting-canna-da-pesca-in-carbonio-mulinello-nanga.jpg;"agc Combo Surfcasting Canna da Pesca in Carbonio Mulinello Nanga";B095LVCQLR;"Kit Da Pesca";56.560000;56.56;0;1
45;https://www.mgfishing.eu/64/agc-kit-surfcasting-trabucco-canna-trabucco-vektor-surfcasting-420-m-150-gr-mulinello-trabucco-oceanic-8000.jpg;"Kit SURFCASTING TRABUCCO, Canna TRABUCCO Vektor SURFCASTING 4,20 m 150 Gr + Mulinello Trabucco Oceanic 8000";;"Kit Surfcasting";59.900000;59.9;3;0
44;https://www.mgfishing.eu/61/agc-kolpo-olimpea-canna-bolognese-in-carbonio-5-mt-mulinello-shimano-fx-3000.jpg;"kit shimano fx 3000+bolognese Olimpea Canrbonio 5 mt + Mulinello Shimano FX 3000na in Ca";B0968N43SP;"Kit Bolognese";44.000000;44;0;1
43;https://www.mgfishing.eu/60/kit-completo-pesca-bolognese-2-shimano-fx-30002-globe-fishing-tornado-3mt.jpg;"Kit Completo Pesca Bolognese  2 Shimano FX 3000+2 Globe Fishing Tornado 3mt";B08SJ3JQ5J;"Kit Bolognese";62.900000;62.9;0;1
42;https://www.mgfishing.eu/58/agc-nomura-canna-pesca-eging-sw-kanji-250-seppia-cefalopodi.jpg;"Nomura Canna  Eging SW Kanji 3misure  Seppia cefalopodi";B07WRRZYLK;"Canne Surfcasting";59.000000;59;0;1
41;https://www.mgfishing.eu/53/agc-kit-pesca-surfcasting-completo-2-canne-2-mulinelli-1-tripode-canna-mespira-150-200-mulinello-atlantic-tripode-k-race-in.jpg;"agc Kit Pesca Surfcasting Completo 2 Canne 2 Mulinelli 1 Tripode, Canna Mespira 150-200 + Mulinello Atlantic + Tripode K-Race in";B095S2YQ7K;"Kit Surfcasting";105.740000;105.74;0;1
40;https://www.mgfishing.eu/52/agc-kit-pesca-surfcasting-completo-2-canne-2-mulinelli-1-tripode-canna-mespira-150-200-mulinello-atlantic-tripode-k-race-in.jpg;"agc Kit Pesca Surfcasting Completo 2 Canne 2 Mulinelli 1 Tripode, Canna Mespira 150-200 + Mulinello Atlantic + Tripode K-Race in";B095S2YQ7K;"Kit Surfcasting";105.740000;105.74;0;1
34;https://www.mgfishing.eu/46/kit-bolognese-canna-bolognese-classic-7-mt-mulinello-shimano-fx-2500.jpg;"Kit Bolognese Canna Bolognese Classic 7 mt + Mulinello Shimano FX 2500";;"Kit Bolognese";49.900000;49.9;0;1
31;https://www.mgfishing.eu/41/trabucco-kit-surcasting-trabucco-composto-da-2-vektor-surfcasting-4-m-150-gr-2-mulinello-dayton-sw-6500.jpg;"Kit SURCASTING Trabucco 2 Canne Vektor 4 mt 150 Gr + 2 Mulinelli Dayton 6500";;"Kit Surfcasting";98.278689;119.9;19;0
27;https://www.mgfishing.eu/37/agc-kit-bolognese-2-canne-globe-fishing-tornado-3m-2-mulinelli-shizuka-sk7-3000fd.jpg;"Kit Bolognese 2 Canne Globe Fishing Tornado 3m + 2 Mulinelli Shizuka SK7 3000FD";B08SJJHJR3;"Kit Bolognese";54.900000;54.9;5;0
25;https://www.mgfishing.eu/1193/agc-kit-pesca-barchino-divergente-trave-pronto-pesciolini-armati-kit-composto-da-barchino-scannetto-divergente-in-legno-e-acci.jpg;"Barchino Da Pesca Divergente";;"Accessori Da Pesca";0.000000;79.9;4;0
20;https://www.mgfishing.eu/26/agc-5-pz-anti-incaglio-maver-tenbin-surf-japan-style.jpg;"agc 5 pz Anti incaglio Maver Tenbin Surf Japan Style";B07ZTGSYY6;Home;5.740000;5.74;0;1
14;https://www.mgfishing.eu/17/hummingbird-vector-graphics.jpg;"Hummingbird - Vector graphics";demo_20;Home;9.000000;10.98;0;1
13;https://www.mgfishing.eu/16/brown-bear-vector-graphics.jpg;"Brown bear - Vector graphics";demo_19;Home;9.000000;10.98;0;1
12;https://www.mgfishing.eu/15/mountain-fox-vector-graphics.jpg;"Mountain fox - Vector graphics";demo_18;;9.000000;10.98;300;0
11;https://www.mgfishing.eu/13/hummingbird-cushion.jpg;"Hummingbird cushion";demo_17;;18.900000;23.06;600;0
10;https://www.mgfishing.eu/11/brown-bear-cushion.jpg;"Brown bear cushion";demo_16;;18.900000;23.06;600;0
9;https://www.mgfishing.eu/9/mountain-fox-cushion.jpg;"Mountain fox cushion";demo_15;;18.900000;23.06;600;0
8;https://www.mgfishing.eu/8/mug-today-is-a-good-day.jpg;"Mug Today is a good day";demo_13;;11.900000;14.52;300;0
7;https://www.mgfishing.eu/7/mug-the-adventure-begins.jpg;"Mug The adventure begins";demo_12;;11.900000;14.52;300;0
6;https://www.mgfishing.eu/6/mug-the-best-is-yet-to-come.jpg;"Mug The best is yet to come";demo_11;;11.900000;14.52;300;0
5;https://www.mgfishing.eu/5/today-is-a-good-day-framed-poster.jpg;"Today is a good day Framed poster";demo_7;;29.000000;35.38;900;0
4;https://www.mgfishing.eu/4/the-adventure-begins-framed-poster.jpg;"The adventure begins Framed poster";demo_5;;29.000000;35.38;1500;0
3;https://www.mgfishing.eu/3/the-best-is-yet-to-come-framed-poster.jpg;"The best is yet to come' Framed poster";demo_6;;29.000000;35.38;1500;0
2;https://www.mgfishing.eu/21/brown-bear-printed-sweater.jpg;"Hummingbird printed sweater";demo_3;;35.900000;43.8;2100;0
1;https://www.mgfishing.eu/1/hummingbird-printed-t-shirt.jpg;"Hummingbird printed t-shirt";demo_1;;23.900000;29.16;2400;0
